Name,Mobile Number,Year,Roll Number,Team,Position
James P. Sharma,155510000,1st Year,20261001,Alpha Team,Leader
Lisa W. Johnson,155510001,1st Year,20261002,Beta Team,Member
Kevin L. White,155510002,1st Year,20261003,Gamma Team,Analyst
Sai Z. Jackson,155510003,1st Year,20261004,Delta Team,Developer
Paul D. Hernandez,155510004,1st Year,20261005,Alpha Team,Designer
Kenneth E. Smith,155510005,1st Year,20261006,Beta Team,Coordinator
Zara D. Patel,155510006,1st Year,20261007,Gamma Team,Secretary
Zara N. Martin,155510007,1st Year,20261008,Delta Team,Treasurer
Michael X. Martin,155510008,1st Year,20261009,Alpha Team,Vice-Leader
Joseph G. Sharma,155510009,1st Year,20261010,Beta Team,Member
Linda H. Rao,155510010,1st Year,20261011,Gamma Team,Leader
Elizabeth T. Nair,155510011,1st Year,20261012,Delta Team,Member
Karen N. Nair,155510012,1st Year,20261013,Alpha Team,Analyst
Karen O. Taylor,155510013,1st Year,20261014,Beta Team,Developer
Melissa I. Sharma,155510014,1st Year,20261015,Gamma Team,Designer
Andrew P. Nair,155510015,1st Year,20261016,Delta Team,Coordinator
Kimberly M. Garcia,155510016,1st Year,20261017,Alpha Team,Secretary
Michael F. Garcia,155510017,1st Year,20261018,Beta Team,Treasurer
Andrew P. Davis,155510018,1st Year,20261019,Gamma Team,Vice-Leader
Vihaan J. Rao,155510019,1st Year,20261020,Delta Team,Member
Sarah D. Anderson,155510020,1st Year,20261021,Alpha Team,Leader
Timothy H. Sanchez,155510021,1st Year,20261022,Beta Team,Member
Barbara D. Mehta,155510022,1st Year,20261023,Gamma Team,Analyst
Paul V. Lopez,155510023,1st Year,20261024,Delta Team,Developer
Deborah V. Patel,155510024,1st Year,20261025,Alpha Team,Designer
Patricia P. Anderson,155510025,1st Year,20261026,Beta Team,Coordinator
Riya B. Williams,155510026,1st Year,20261027,Gamma Team,Secretary
Sai Z. Joshi,155510027,1st Year,20261028,Delta Team,Treasurer
James L. Reddy,155510028,1st Year,20261029,Alpha Team,Vice-Leader
Aarav Q. Wilson,155510029,1st Year,20261030,Beta Team,Member
Ananya P. Thomas,155510030,1st Year,20261031,Gamma Team,Leader
Carol M. Mehta,155510031,1st Year,20261032,Delta Team,Member
Kevin O. Perez,155510032,1st Year,20261033,Alpha Team,Analyst
Ashley H. Garcia,155510033,1st Year,20261034,Beta Team,Developer
Sai L. Harris,155510034,1st Year,20261035,Gamma Team,Designer
Michael P. Davis,155510035,1st Year,20261036,Delta Team,Coordinator
Dev T. Perez,155510036,1st Year,20261037,Alpha Team,Secretary
Jennifer Z. Garcia,155510037,1st Year,20261038,Beta Team,Treasurer
Kimberly E. Miller,155510038,1st Year,20261039,Gamma Team,Vice-Leader
Kabir Y. Hernandez,155510039,1st Year,20261040,Delta Team,Member
Linda M. Joshi,155510040,1st Year,20261041,Alpha Team,Leader
Patricia F. Reddy,155510041,1st Year,20261042,Beta Team,Member
Patricia G. Nair,155510042,1st Year,20261043,Gamma Team,Analyst
Deborah E. Reddy,155510043,1st Year,20261044,Delta Team,Developer
Jennifer D. Rao,155510044,1st Year,20261045,Alpha Team,Designer
John D. Lee,155510045,1st Year,20261046,Beta Team,Coordinator
Joshua Y. Iyer,155510046,1st Year,20261047,Gamma Team,Secretary
Brian C. Nair,155510047,1st Year,20261048,Delta Team,Treasurer
Carol O. Thompson,155510048,1st Year,20261049,Alpha Team,Vice-Leader
Paul A. Perez,155510049,1st Year,20261050,Beta Team,Member
Timothy D. Smith,155510050,1st Year,20261051,Gamma Team,Leader
Ananya R. Ramirez,155510051,1st Year,20261052,Delta Team,Member
Daniel G. Garcia,155510052,1st Year,20261053,Alpha Team,Analyst
Ronald X. Ramirez,155510053,1st Year,20261054,Beta Team,Developer
Ronald N. Lee,155510054,1st Year,20261055,Gamma Team,Designer
Linda F. Lewis,155510055,1st Year,20261056,Delta Team,Coordinator
Emily E. Reddy,155510056,1st Year,20261057,Alpha Team,Secretary
Jennifer Q. Joshi,155510057,1st Year,20261058,Beta Team,Treasurer
Isha M. Lopez,155510058,1st Year,20261059,Gamma Team,Vice-Leader
Jessica K. Lee,155510059,1st Year,20261060,Delta Team,Member
Mary U. Mehta,155510060,1st Year,20261061,Alpha Team,Leader
Michael J. Rodriguez,155510061,1st Year,20261062,Beta Team,Member
Sai Z. Rodriguez,155510062,1st Year,20261063,Gamma Team,Analyst
Kevin U. Wilson,155510063,1st Year,20261064,Delta Team,Developer
William C. Johnson,155510064,1st Year,20261065,Alpha Team,Designer
Elizabeth D. Taylor,155510065,1st Year,20261066,Beta Team,Coordinator
Lisa R. Lee,155510066,1st Year,20261067,Gamma Team,Secretary
Christopher P. Rao,155510067,1st Year,20261068,Delta Team,Treasurer
Isha P. Hernandez,155510068,1st Year,20261069,Alpha Team,Vice-Leader
Amanda O. Mehta,155510069,1st Year,20261070,Beta Team,Member
David G. Reddy,155510070,1st Year,20261071,Gamma Team,Leader
Barbara V. Nair,155510071,1st Year,20261072,Delta Team,Member
Dev S. Thompson,155510072,1st Year,20261073,Alpha Team,Analyst
Vihaan Z. Kapoor,155510073,1st Year,20261074,Beta Team,Developer
Deborah C. Taylor,155510074,1st Year,20261075,Gamma Team,Designer
Barbara C. Lewis,155510075,1st Year,20261076,Delta Team,Coordinator
Jessica D. Gonzalez,155510076,1st Year,20261077,Alpha Team,Secretary
Kimberly K. Mehta,155510077,1st Year,20261078,Beta Team,Treasurer
Donald R. Thompson,155510078,1st Year,20261079,Gamma Team,Vice-Leader
Meera P. Kapoor,155510079,1st Year,20261080,Delta Team,Member
Elizabeth C. Lopez,155510080,1st Year,20261081,Alpha Team,Leader
William M. Taylor,155510081,1st Year,20261082,Beta Team,Member
Dev I. Lee,155510082,1st Year,20261083,Gamma Team,Analyst
Amanda I. Thomas,155510083,1st Year,20261084,Delta Team,Developer
Linda Y. Taylor,155510084,1st Year,20261085,Alpha Team,Designer
Karen Y. Perez,155510085,1st Year,20261086,Beta Team,Coordinator
Susan I. Robinson,155510086,1st Year,20261087,Gamma Team,Secretary
Dev D. Martinez,155510087,1st Year,20261088,Delta Team,Treasurer
Ronald J. Williams,155510088,1st Year,20261089,Alpha Team,Vice-Leader
Kimberly V. Garcia,155510089,1st Year,20261090,Beta Team,Member
Ashley U. Anderson,155510090,1st Year,20261091,Gamma Team,Leader
Karen B. Iyer,155510091,1st Year,20261092,Delta Team,Member
Aarav T. Nair,155510092,1st Year,20261093,Alpha Team,Analyst
Joshua N. Smith,155510093,1st Year,20261094,Beta Team,Developer
Zara M. Sen,155510094,1st Year,20261095,Gamma Team,Designer
Barbara O. Rodriguez,155510095,1st Year,20261096,Delta Team,Coordinator
Emily D. Reddy,155510096,1st Year,20261097,Alpha Team,Secretary
Meera N. Martinez,155510097,1st Year,20261098,Beta Team,Treasurer
Karen I. Reddy,155510098,1st Year,20261099,Gamma Team,Vice-Leader
Zara D. Smith,155510099,1st Year,20261100,Delta Team,Member
Lisa B. Johnson,155510100,1st Year,20261101,Alpha Team,Leader
Vihaan L. Thomas,155510101,1st Year,20261102,Beta Team,Member
Linda Z. Ramirez,155510102,1st Year,20261103,Gamma Team,Analyst
Ananya U. Reddy,155510103,1st Year,20261104,Delta Team,Developer
Steven M. Martin,155510104,1st Year,20261105,Alpha Team,Designer
Michael B. Smith,155510105,1st Year,20261106,Beta Team,Coordinator
Paul D. Anderson,155510106,1st Year,20261107,Gamma Team,Secretary
Charles F. Harris,155510107,1st Year,20261108,Delta Team,Treasurer
Anthony E. Hernandez,155510108,1st Year,20261109,Alpha Team,Vice-Leader
Mark X. Brown,155510109,1st Year,20261110,Beta Team,Member
Anthony Y. Hernandez,155510110,1st Year,20261111,Gamma Team,Leader
Patricia H. Sharma,155510111,1st Year,20261112,Delta Team,Member
Ronald O. Johnson,155510112,1st Year,20261113,Alpha Team,Analyst
Lisa M. Miller,155510113,1st Year,20261114,Beta Team,Developer
Kevin Z. Lopez,155510114,1st Year,20261115,Gamma Team,Designer
Kevin V. Wilson,155510115,1st Year,20261116,Delta Team,Coordinator
Isha S. Robinson,155510116,1st Year,20261117,Alpha Team,Secretary
Michael S. Miller,155510117,1st Year,20261118,Beta Team,Treasurer
Thomas J. Robinson,155510118,1st Year,20261119,Gamma Team,Vice-Leader
Matthew F. Sharma,155510119,1st Year,20261120,Delta Team,Member
Jessica E. Joshi,155510120,1st Year,20261121,Alpha Team,Leader
Vihaan L. Jackson,155510121,1st Year,20261122,Beta Team,Member
Matthew A. Davis,155510122,1st Year,20261123,Gamma Team,Analyst
Sarah B. Iyer,155510123,1st Year,20261124,Delta Team,Developer
Sarah D. Sen,155510124,1st Year,20261125,Alpha Team,Designer
Lisa D. Moore,155510125,1st Year,20261126,Beta Team,Coordinator
Michael Q. Lewis,155510126,1st Year,20261127,Gamma Team,Secretary
Steven N. Patel,155510127,1st Year,20261128,Delta Team,Treasurer
Aarav T. Sharma,155510128,1st Year,20261129,Alpha Team,Vice-Leader
Lisa R. Rao,155510129,1st Year,20261130,Beta Team,Member
Kimberly D. Ramirez,155510130,1st Year,20261131,Gamma Team,Leader
Aarav R. Smith,155510131,1st Year,20261132,Delta Team,Member
Daniel G. Hernandez,155510132,1st Year,20261133,Alpha Team,Analyst
Deborah S. Iyer,155510133,1st Year,20261134,Beta Team,Developer
Daniel R. Jones,155510134,1st Year,20261135,Gamma Team,Designer
Joshua X. Reddy,155510135,1st Year,20261136,Delta Team,Coordinator
Elizabeth X. Martinez,155510136,1st Year,20261137,Alpha Team,Secretary
Betty P. Rao,155510137,1st Year,20261138,Beta Team,Treasurer
Vihaan S. Brown,155510138,1st Year,20261139,Gamma Team,Vice-Leader
Emily G. Hernandez,155510139,1st Year,20261140,Delta Team,Member
Patricia A. White,155510140,1st Year,20261141,Alpha Team,Leader
Jennifer E. Jackson,155510141,1st Year,20261142,Beta Team,Member
Zara X. Kapoor,155510142,1st Year,20261143,Gamma Team,Analyst
Michael N. Ramirez,155510143,1st Year,20261144,Delta Team,Developer
Ronald S. Sen,155510144,1st Year,20261145,Alpha Team,Designer
Margaret L. Reddy,155510145,1st Year,20261146,Beta Team,Coordinator
Meera O. Thomas,155510146,1st Year,20261147,Gamma Team,Secretary
Jessica U. Hernandez,155510147,1st Year,20261148,Delta Team,Treasurer
Betty A. Rodriguez,155510148,1st Year,20261149,Alpha Team,Vice-Leader
Ananya H. Lewis,155510149,1st Year,20261150,Beta Team,Member
Karen M. Miller,155510150,1st Year,20261151,Gamma Team,Leader
Michael F. Robinson,155510151,1st Year,20261152,Delta Team,Member
Sarah M. Joshi,155510152,1st Year,20261153,Alpha Team,Analyst
Isha E. Rao,155510153,1st Year,20261154,Beta Team,Developer
Amanda A. Patel,155510154,1st Year,20261155,Gamma Team,Designer
Susan P. Martinez,155510155,1st Year,20261156,Delta Team,Coordinator
Daniel S. Taylor,155510156,1st Year,20261157,Alpha Team,Secretary
Mary O. Lopez,155510157,1st Year,20261158,Beta Team,Treasurer
Elizabeth H. Sanchez,155510158,1st Year,20261159,Gamma Team,Vice-Leader
Aarav N. Johnson,155510159,1st Year,20261160,Delta Team,Member
Jessica D. Hernandez,155510160,1st Year,20261161,Alpha Team,Leader
Michelle B. Kapoor,155510161,1st Year,20261162,Beta Team,Member
Donald O. Davis,155510162,1st Year,20261163,Gamma Team,Analyst
Charles X. Martinez,155510163,1st Year,20261164,Delta Team,Developer
Patricia T. Jackson,155510164,1st Year,20261165,Alpha Team,Designer
Karen P. Sanchez,155510165,1st Year,20261166,Beta Team,Coordinator
Barbara P. Thompson,155510166,1st Year,20261167,Gamma Team,Secretary
Ananya F. Sanchez,155510167,1st Year,20261168,Delta Team,Treasurer
William J. Garcia,155510168,1st Year,20261169,Alpha Team,Vice-Leader
Meera Y. Jackson,155510169,1st Year,20261170,Beta Team,Member
Karen Z. Jackson,155510170,1st Year,20261171,Gamma Team,Leader
Kenneth N. Patel,155510171,1st Year,20261172,Delta Team,Member
Timothy D. Rodriguez,155510172,1st Year,20261173,Alpha Team,Analyst
Kabir D. White,155510173,1st Year,20261174,Beta Team,Developer
Brian V. Sanchez,155510174,1st Year,20261175,Gamma Team,Designer
John Z. Mehta,155510175,1st Year,20261176,Delta Team,Coordinator
Robert C. Sharma,155510176,1st Year,20261177,Alpha Team,Secretary
Matthew B. Sharma,155510177,1st Year,20261178,Beta Team,Treasurer
Jessica T. Iyer,155510178,1st Year,20261179,Gamma Team,Vice-Leader
Carol W. Wilson,155510179,1st Year,20261180,Delta Team,Member
Linda J. Williams,155510180,1st Year,20261181,Alpha Team,Leader
Ashley B. Johnson,155510181,1st Year,20261182,Beta Team,Member
Melissa N. Lee,155510182,1st Year,20261183,Gamma Team,Analyst
Kimberly F. Patel,155510183,1st Year,20261184,Delta Team,Developer
Michael J. Perez,155510184,1st Year,20261185,Alpha Team,Designer
Amanda I. Jackson,155510185,1st Year,20261186,Beta Team,Coordinator
Margaret Z. Anderson,155510186,1st Year,20261187,Gamma Team,Secretary
Deborah V. Johnson,155510187,1st Year,20261188,Delta Team,Treasurer
Barbara V. Rao,155510188,1st Year,20261189,Alpha Team,Vice-Leader
Emily L. Joshi,155510189,1st Year,20261190,Beta Team,Member
Nancy K. Wilson,155510190,1st Year,20261191,Gamma Team,Leader
Aarav K. Brown,155510191,1st Year,20261192,Delta Team,Member
Isha B. Brown,155510192,1st Year,20261193,Alpha Team,Analyst
Mary C. Nair,155510193,1st Year,20261194,Beta Team,Developer
Elizabeth H. Jones,155510194,1st Year,20261195,Gamma Team,Designer
Kenneth O. Jones,155510195,1st Year,20261196,Delta Team,Coordinator
Charles W. Rao,155510196,1st Year,20261197,Alpha Team,Secretary
Kabir U. Mehta,155510197,1st Year,20261198,Beta Team,Treasurer
Brian F. Rao,155510198,1st Year,20261199,Gamma Team,Vice-Leader
David L. Williams,155510199,1st Year,20261200,Delta Team,Member
William G. Joshi,155510200,1st Year,20261201,Alpha Team,Leader
Riya J. Nair,155510201,1st Year,20261202,Beta Team,Member
Kenneth G. Brown,155510202,1st Year,20261203,Gamma Team,Analyst
Nancy G. Iyer,155510203,1st Year,20261204,Delta Team,Developer
James G. Taylor,155510204,1st Year,20261205,Alpha Team,Designer
Charles Q. Moore,155510205,1st Year,20261206,Beta Team,Coordinator
Lisa L. Garcia,155510206,1st Year,20261207,Gamma Team,Secretary
Margaret M. Brown,155510207,1st Year,20261208,Delta Team,Treasurer
Dev Q. Miller,155510208,1st Year,20261209,Alpha Team,Vice-Leader
Paul L. Thompson,155510209,1st Year,20261210,Beta Team,Member
Deborah F. Harris,155510210,1st Year,20261211,Gamma Team,Leader
James Z. Kapoor,155510211,1st Year,20261212,Delta Team,Member
Barbara O. Lee,155510212,1st Year,20261213,Alpha Team,Analyst
Steven O. Anderson,155510213,1st Year,20261214,Beta Team,Developer
Ashley Y. Ramirez,155510214,1st Year,20261215,Gamma Team,Designer
Jessica D. Robinson,155510215,1st Year,20261216,Delta Team,Coordinator
Karen X. Kapoor,155510216,1st Year,20261217,Alpha Team,Secretary
William J. Thompson,155510217,1st Year,20261218,Beta Team,Treasurer
Deborah M. Moore,155510218,1st Year,20261219,Gamma Team,Vice-Leader
Elizabeth F. Jones,155510219,1st Year,20261220,Delta Team,Member
Carol R. Sharma,155510220,1st Year,20261221,Alpha Team,Leader
Betty C. Jones,155510221,1st Year,20261222,Beta Team,Member
Joshua H. Thompson,155510222,1st Year,20261223,Gamma Team,Analyst
Deborah M. Brown,155510223,1st Year,20261224,Delta Team,Developer
Paul Z. Nair,155510224,1st Year,20261225,Alpha Team,Designer
William I. Johnson,155510225,1st Year,20261226,Beta Team,Coordinator
Mark A. Sharma,155510226,1st Year,20261227,Gamma Team,Secretary
Carol A. Wilson,155510227,1st Year,20261228,Delta Team,Treasurer
Riya J. Jones,155510228,1st Year,20261229,Alpha Team,Vice-Leader
Isha W. Gonzalez,155510229,1st Year,20261230,Beta Team,Member
Elizabeth T. Taylor,155510230,1st Year,20261231,Gamma Team,Leader
Barbara I. Jones,155510231,1st Year,20261232,Delta Team,Member
Charles T. Moore,155510232,1st Year,20261233,Alpha Team,Analyst
Carol A. Smith,155510233,1st Year,20261234,Beta Team,Developer
Betty H. Gonzalez,155510234,1st Year,20261235,Gamma Team,Designer
Michael D. Kapoor,155510235,1st Year,20261236,Delta Team,Coordinator
Donna Q. Sharma,155510236,1st Year,20261237,Alpha Team,Secretary
Joshua Q. Davis,155510237,1st Year,20261238,Beta Team,Treasurer
Elizabeth L. Davis,155510238,1st Year,20261239,Gamma Team,Vice-Leader
Jennifer G. Lopez,155510239,1st Year,20261240,Delta Team,Member
Melissa G. Thompson,155510240,1st Year,20261241,Alpha Team,Leader
Melissa Q. Thomas,155510241,1st Year,20261242,Beta Team,Member
Steven F. Iyer,155510242,1st Year,20261243,Gamma Team,Analyst
Carol P. Harris,155510243,1st Year,20261244,Delta Team,Developer
Zara J. Martinez,155510244,1st Year,20261245,Alpha Team,Designer
Mark G. Brown,155510245,1st Year,20261246,Beta Team,Coordinator
Richard K. Jackson,155510246,1st Year,20261247,Gamma Team,Secretary
John F. Thomas,155510247,1st Year,20261248,Delta Team,Treasurer
Betty B. Mehta,155510248,1st Year,20261249,Alpha Team,Vice-Leader
Dorothy F. Lopez,155510249,1st Year,20261250,Beta Team,Member
William J. Taylor,155510250,1st Year,20261251,Gamma Team,Leader
Emily J. Mehta,155510251,1st Year,20261252,Delta Team,Member
Margaret S. Moore,155510252,1st Year,20261253,Alpha Team,Analyst
David H. Sanchez,155510253,1st Year,20261254,Beta Team,Developer
Kimberly M. Rodriguez,155510254,1st Year,20261255,Gamma Team,Designer
Sandra Z. Sen,155510255,1st Year,20261256,Delta Team,Coordinator
Isha C. Martin,155510256,1st Year,20261257,Alpha Team,Secretary
Betty P. Jones,155510257,1st Year,20261258,Beta Team,Treasurer
Joshua Z. Sen,155510258,1st Year,20261259,Gamma Team,Vice-Leader
Riya D. Joshi,155510259,1st Year,20261260,Delta Team,Member
Thomas E. Brown,155510260,1st Year,20261261,Alpha Team,Leader
Timothy X. Sharma,155510261,1st Year,20261262,Beta Team,Member
Paul P. Miller,155510262,1st Year,20261263,Gamma Team,Analyst
Lisa N. Garcia,155510263,1st Year,20261264,Delta Team,Developer
Mary S. Sharma,155510264,1st Year,20261265,Alpha Team,Designer
Richard Y. Ramirez,155510265,1st Year,20261266,Beta Team,Coordinator
Nancy N. Sharma,155510266,1st Year,20261267,Gamma Team,Secretary
Isha O. Sanchez,155510267,1st Year,20261268,Delta Team,Treasurer
Patricia I. Smith,155510268,1st Year,20261269,Alpha Team,Vice-Leader
Sai H. Martin,155510269,1st Year,20261270,Beta Team,Member
Andrew N. Martin,155510270,1st Year,20261271,Gamma Team,Leader
Anthony Y. Brown,155510271,1st Year,20261272,Delta Team,Member
Kenneth Q. Jones,155510272,1st Year,20261273,Alpha Team,Analyst
Sai M. Patel,155510273,1st Year,20261274,Beta Team,Developer
Melissa X. Gonzalez,155510274,1st Year,20261275,Gamma Team,Designer
Michelle M. Clark,155510275,1st Year,20261276,Delta Team,Coordinator
James W. Perez,155510276,1st Year,20261277,Alpha Team,Secretary
Jennifer X. Martinez,155510277,1st Year,20261278,Beta Team,Treasurer
Sarah M. Lopez,155510278,1st Year,20261279,Gamma Team,Vice-Leader
Mary I. Lopez,155510279,1st Year,20261280,Delta Team,Member
James Q. Moore,155510280,1st Year,20261281,Alpha Team,Leader
Sarah R. Thomas,155510281,1st Year,20261282,Beta Team,Member
Mark I. Mehta,155510282,1st Year,20261283,Gamma Team,Analyst
Joseph P. Sanchez,155510283,1st Year,20261284,Delta Team,Developer
Linda U. Joshi,155510284,1st Year,20261285,Alpha Team,Designer
Sandra H. Davis,155510285,1st Year,20261286,Beta Team,Coordinator
Timothy P. Patel,155510286,1st Year,20261287,Gamma Team,Secretary
John A. Wilson,155510287,1st Year,20261288,Delta Team,Treasurer
Robert X. Iyer,155510288,1st Year,20261289,Alpha Team,Vice-Leader
Donald K. Wilson,155510289,1st Year,20261290,Beta Team,Member
Kimberly A. Sharma,155510290,1st Year,20261291,Gamma Team,Leader
Lisa X. Wilson,155510291,1st Year,20261292,Delta Team,Member
Susan I. Jones,155510292,1st Year,20261293,Alpha Team,Analyst
Donald K. Rodriguez,155510293,1st Year,20261294,Beta Team,Developer
Susan X. Reddy,155510294,1st Year,20261295,Gamma Team,Designer
Joshua M. Sanchez,155510295,1st Year,20261296,Delta Team,Coordinator
Dev M. Smith,155510296,1st Year,20261297,Alpha Team,Secretary
Ananya M. Ramirez,155510297,1st Year,20261298,Beta Team,Treasurer
Barbara H. Hernandez,155510298,1st Year,20261299,Gamma Team,Vice-Leader
Vihaan H. Williams,155510299,1st Year,20261300,Delta Team,Member
David A. Robinson,155510300,1st Year,20261301,Alpha Team,Leader
Matthew N. Joshi,155510301,1st Year,20261302,Beta Team,Member
Michael A. Johnson,155510302,1st Year,20261303,Gamma Team,Analyst
Dev H. Patel,155510303,1st Year,20261304,Delta Team,Developer
Charles J. Jackson,155510304,1st Year,20261305,Alpha Team,Designer
Matthew F. Joshi,155510305,1st Year,20261306,Beta Team,Coordinator
Michelle B. Rodriguez,155510306,1st Year,20261307,Gamma Team,Secretary
Michael K. Hernandez,155510307,1st Year,20261308,Delta Team,Treasurer
Richard M. Taylor,155510308,1st Year,20261309,Alpha Team,Vice-Leader
Kevin D. Gonzalez,155510309,1st Year,20261310,Beta Team,Member
Kimberly Q. Davis,155510310,1st Year,20261311,Gamma Team,Leader
Jennifer K. Taylor,155510311,1st Year,20261312,Delta Team,Member
Isha X. Robinson,155510312,1st Year,20261313,Alpha Team,Analyst
Christopher U. Kapoor,155510313,1st Year,20261314,Beta Team,Developer
Carol U. Robinson,155510314,1st Year,20261315,Gamma Team,Designer
Karen K. Sen,155510315,1st Year,20261316,Delta Team,Coordinator
James C. Martin,155510316,1st Year,20261317,Alpha Team,Secretary
Riya T. Garcia,155510317,1st Year,20261318,Beta Team,Treasurer
Ashley R. Thompson,155510318,1st Year,20261319,Gamma Team,Vice-Leader
Jennifer C. Garcia,155510319,1st Year,20261320,Delta Team,Member
David Q. Jones,155510320,1st Year,20261321,Alpha Team,Leader
Amanda B. Martinez,155510321,1st Year,20261322,Beta Team,Member
Zara V. Nair,155510322,1st Year,20261323,Gamma Team,Analyst
Steven G. Rao,155510323,1st Year,20261324,Delta Team,Developer
Ronald C. Anderson,155510324,1st Year,20261325,Alpha Team,Designer
Carol O. Lewis,155510325,1st Year,20261326,Beta Team,Coordinator
Robert W. Reddy,155510326,1st Year,20261327,Gamma Team,Secretary
Linda L. Moore,155510327,1st Year,20261328,Delta Team,Treasurer
Melissa H. Moore,155510328,1st Year,20261329,Alpha Team,Vice-Leader
Jennifer I. White,155510329,1st Year,20261330,Beta Team,Member
Carol H. Williams,155510330,1st Year,20261331,Gamma Team,Leader
Nancy W. Moore,155510331,1st Year,20261332,Delta Team,Member
Meera A. Brown,155510332,1st Year,20261333,Alpha Team,Analyst
Karen D. Rodriguez,155510333,1st Year,20261334,Beta Team,Developer
Deborah D. Rodriguez,155510334,1st Year,20261335,Gamma Team,Designer
Sandra T. Nair,155510335,1st Year,20261336,Delta Team,Coordinator
Sarah L. Sanchez,155510336,1st Year,20261337,Alpha Team,Secretary
Timothy L. Anderson,155510337,1st Year,20261338,Beta Team,Treasurer
Matthew D. Thompson,155510338,1st Year,20261339,Gamma Team,Vice-Leader
Jennifer B. Martinez,155510339,1st Year,20261340,Delta Team,Member
Sarah N. Wilson,155510340,1st Year,20261341,Alpha Team,Leader
Kimberly T. Reddy,155510341,1st Year,20261342,Beta Team,Member
Matthew B. Jones,155510342,1st Year,20261343,Gamma Team,Analyst
Michelle Q. Nair,155510343,1st Year,20261344,Delta Team,Developer
Mary I. Nair,155510344,1st Year,20261345,Alpha Team,Designer
Kevin U. Sen,155510345,1st Year,20261346,Beta Team,Coordinator
Charles U. Joshi,155510346,1st Year,20261347,Gamma Team,Secretary
Patricia B. Iyer,155510347,1st Year,20261348,Delta Team,Treasurer
Jennifer I. Jones,155510348,1st Year,20261349,Alpha Team,Vice-Leader
Amanda Q. Rao,155510349,1st Year,20261350,Beta Team,Member
Isha T. Jones,155510350,1st Year,20261351,Gamma Team,Leader
Charles L. Garcia,155510351,1st Year,20261352,Delta Team,Member
Thomas R. Joshi,155510352,1st Year,20261353,Alpha Team,Analyst
Sandra R. Thomas,155510353,1st Year,20261354,Beta Team,Developer
Timothy A. Lewis,155510354,1st Year,20261355,Gamma Team,Designer
David H. Moore,155510355,1st Year,20261356,Delta Team,Coordinator
Andrew E. Lewis,155510356,1st Year,20261357,Alpha Team,Secretary
Betty I. Davis,155510357,1st Year,20261358,Beta Team,Treasurer
Paul H. Reddy,155510358,1st Year,20261359,Gamma Team,Vice-Leader
Michelle K. Williams,155510359,1st Year,20261360,Delta Team,Member
Kenneth Z. Moore,155510360,1st Year,20261361,Alpha Team,Leader
Barbara M. Moore,155510361,1st Year,20261362,Beta Team,Member
Emily X. Mehta,155510362,1st Year,20261363,Gamma Team,Analyst
Melissa V. Jones,155510363,1st Year,20261364,Delta Team,Developer
David O. Moore,155510364,1st Year,20261365,Alpha Team,Designer
Dorothy B. Sen,155510365,1st Year,20261366,Beta Team,Coordinator
Michael W. Sanchez,155510366,1st Year,20261367,Gamma Team,Secretary
Ananya W. Jones,155510367,1st Year,20261368,Delta Team,Treasurer
David E. Rodriguez,155510368,1st Year,20261369,Alpha Team,Vice-Leader
Susan I. Kapoor,155510369,1st Year,20261370,Beta Team,Member
Meera O. Williams,155510370,1st Year,20261371,Gamma Team,Leader
Emily S. Rao,155510371,1st Year,20261372,Delta Team,Member
Brian M. Sanchez,155510372,1st Year,20261373,Alpha Team,Analyst
Christopher A. Kapoor,155510373,1st Year,20261374,Beta Team,Developer
Kenneth K. Miller,155510374,1st Year,20261375,Gamma Team,Designer
Kenneth H. Martin,155510375,1st Year,20261376,Delta Team,Coordinator
Kevin D. Sanchez,155510376,1st Year,20261377,Alpha Team,Secretary
Andrew Z. Rao,155510377,1st Year,20261378,Beta Team,Treasurer
Melissa D. Sharma,155510378,1st Year,20261379,Gamma Team,Vice-Leader
Joseph L. Thomas,155510379,1st Year,20261380,Delta Team,Member
Barbara W. Kapoor,155510380,1st Year,20261381,Alpha Team,Leader
Barbara Y. Lee,155510381,1st Year,20261382,Beta Team,Member
Charles A. Lewis,155510382,1st Year,20261383,Gamma Team,Analyst
Barbara M. Rao,155510383,1st Year,20261384,Delta Team,Developer
Kenneth T. Gonzalez,155510384,1st Year,20261385,Alpha Team,Designer
Lisa B. Iyer,155510385,1st Year,20261386,Beta Team,Coordinator
Andrew R. Anderson,155510386,1st Year,20261387,Gamma Team,Secretary
Anthony Q. Sharma,155510387,1st Year,20261388,Delta Team,Treasurer
Isha X. Kapoor,155510388,1st Year,20261389,Alpha Team,Vice-Leader
Thomas H. Lopez,155510389,1st Year,20261390,Beta Team,Member
Jessica C. Brown,155510390,1st Year,20261391,Gamma Team,Leader
Jennifer I. Rodriguez,155510391,1st Year,20261392,Delta Team,Member
Emily W. Miller,155510392,1st Year,20261393,Alpha Team,Analyst
Kabir A. Anderson,155510393,1st Year,20261394,Beta Team,Developer
Richard S. Wilson,155510394,1st Year,20261395,Gamma Team,Designer
Sandra W. Nair,155510395,1st Year,20261396,Delta Team,Coordinator
Karen A. Gonzalez,155510396,1st Year,20261397,Alpha Team,Secretary
Nancy K. Patel,155510397,1st Year,20261398,Beta Team,Treasurer
William K. Lopez,155510398,1st Year,20261399,Gamma Team,Vice-Leader
Deborah V. Robinson,155510399,1st Year,20261400,Delta Team,Member
Paul L. Lewis,155510400,1st Year,20261401,Alpha Team,Leader
David G. Williams,155510401,1st Year,20261402,Beta Team,Member
Betty N. Wilson,155510402,1st Year,20261403,Gamma Team,Analyst
Emily Z. Ramirez,155510403,1st Year,20261404,Delta Team,Developer
Mark P. Reddy,155510404,1st Year,20261405,Alpha Team,Designer
Christopher S. Iyer,155510405,1st Year,20261406,Beta Team,Coordinator
Sarah Y. Ramirez,155510406,1st Year,20261407,Gamma Team,Secretary
Andrew Z. Nair,155510407,1st Year,20261408,Delta Team,Treasurer
Michelle F. Hernandez,155510408,1st Year,20261409,Alpha Team,Vice-Leader
Isha X. Sharma,155510409,1st Year,20261410,Beta Team,Member
Zara A. Williams,155510410,1st Year,20261411,Gamma Team,Leader
Sai F. Lewis,155510411,1st Year,20261412,Delta Team,Member
Emily B. Patel,155510412,1st Year,20261413,Alpha Team,Analyst
Kevin L. Davis,155510413,1st Year,20261414,Beta Team,Developer
Richard Q. Kapoor,155510414,1st Year,20261415,Gamma Team,Designer
Carol Y. Williams,155510415,1st Year,20261416,Delta Team,Coordinator
William W. Davis,155510416,1st Year,20261417,Alpha Team,Secretary
Betty T. Anderson,155510417,1st Year,20261418,Beta Team,Treasurer
Timothy G. Williams,155510418,1st Year,20261419,Gamma Team,Vice-Leader
Joshua M. Clark,155510419,1st Year,20261420,Delta Team,Member
Steven G. Mehta,155510420,1st Year,20261421,Alpha Team,Leader
Amanda Y. Reddy,155510421,1st Year,20261422,Beta Team,Member
Susan H. Davis,155510422,1st Year,20261423,Gamma Team,Analyst
Linda P. Jones,155510423,1st Year,20261424,Delta Team,Developer
Andrew L. Patel,155510424,1st Year,20261425,Alpha Team,Designer
Donald Z. Martin,155510425,1st Year,20261426,Beta Team,Coordinator
Meera X. White,155510426,1st Year,20261427,Gamma Team,Secretary
Melissa G. Iyer,155510427,1st Year,20261428,Delta Team,Treasurer
Aarav K. Garcia,155510428,1st Year,20261429,Alpha Team,Vice-Leader
Ronald V. Patel,155510429,1st Year,20261430,Beta Team,Member
Kevin A. Martin,155510430,1st Year,20261431,Gamma Team,Leader
Mark Y. Martin,155510431,1st Year,20261432,Delta Team,Member
Betty N. Nair,155510432,1st Year,20261433,Alpha Team,Analyst
Richard L. Ramirez,155510433,1st Year,20261434,Beta Team,Developer
Aarav N. White,155510434,1st Year,20261435,Gamma Team,Designer
Dorothy W. Reddy,155510435,1st Year,20261436,Delta Team,Coordinator
Zara H. Lopez,155510436,1st Year,20261437,Alpha Team,Secretary
David L. White,155510437,1st Year,20261438,Beta Team,Treasurer
Kenneth L. Joshi,155510438,1st Year,20261439,Gamma Team,Vice-Leader
Isha G. Anderson,155510439,1st Year,20261440,Delta Team,Member
Mary Z. Patel,155510440,1st Year,20261441,Alpha Team,Leader
Vihaan B. Thomas,155510441,1st Year,20261442,Beta Team,Member
Barbara S. Mehta,155510442,1st Year,20261443,Gamma Team,Analyst
Amanda M. Wilson,155510443,1st Year,20261444,Delta Team,Developer
Elizabeth U. Jackson,155510444,1st Year,20261445,Alpha Team,Designer
Dev X. Anderson,155510445,1st Year,20261446,Beta Team,Coordinator
Charles P. Brown,155510446,1st Year,20261447,Gamma Team,Secretary
Nancy E. Jackson,155510447,1st Year,20261448,Delta Team,Treasurer
Kevin V. Sharma,155510448,1st Year,20261449,Alpha Team,Vice-Leader
Joshua Z. Hernandez,155510449,1st Year,20261450,Beta Team,Member
Amanda G. Nair,155510450,1st Year,20261451,Gamma Team,Leader
David V. Miller,155510451,1st Year,20261452,Delta Team,Member
Melissa I. Nair,155510452,1st Year,20261453,Alpha Team,Analyst
Melissa S. Rao,155510453,1st Year,20261454,Beta Team,Developer
Betty J. Joshi,155510454,1st Year,20261455,Gamma Team,Designer
Betty V. Thompson,155510455,1st Year,20261456,Delta Team,Coordinator
David P. Mehta,155510456,1st Year,20261457,Alpha Team,Secretary
Donna Q. Gonzalez,155510457,1st Year,20261458,Beta Team,Treasurer
James M. Martinez,155510458,1st Year,20261459,Gamma Team,Vice-Leader
Donna A. Garcia,155510459,1st Year,20261460,Delta Team,Member
Barbara Y. Sharma,155510460,1st Year,20261461,Alpha Team,Leader
Aarav P. Gonzalez,155510461,1st Year,20261462,Beta Team,Member
Barbara R. Thompson,155510462,1st Year,20261463,Gamma Team,Analyst
Melissa D. Johnson,155510463,1st Year,20261464,Delta Team,Developer
Mark V. Miller,155510464,1st Year,20261465,Alpha Team,Designer
Timothy Y. White,155510465,1st Year,20261466,Beta Team,Coordinator
Donna J. Clark,155510466,1st Year,20261467,Gamma Team,Secretary
Ronald M. Jackson,155510467,1st Year,20261468,Delta Team,Treasurer
Timothy C. Williams,155510468,1st Year,20261469,Alpha Team,Vice-Leader
Kabir Z. Iyer,155510469,1st Year,20261470,Beta Team,Member
Mary U. Jackson,155510470,1st Year,20261471,Gamma Team,Leader
Donna A. Anderson,155510471,1st Year,20261472,Delta Team,Member
Sarah C. Moore,155510472,1st Year,20261473,Alpha Team,Analyst
Christopher B. Wilson,155510473,1st Year,20261474,Beta Team,Developer
Meera H. Lopez,155510474,1st Year,20261475,Gamma Team,Designer
Melissa D. Davis,155510475,1st Year,20261476,Delta Team,Coordinator
James Y. Martinez,155510476,1st Year,20261477,Alpha Team,Secretary
Kevin E. Thomas,155510477,1st Year,20261478,Beta Team,Treasurer
Betty E. Sharma,155510478,1st Year,20261479,Gamma Team,Vice-Leader
Mark Q. Williams,155510479,1st Year,20261480,Delta Team,Member
Michelle M. Lee,155510480,1st Year,20261481,Alpha Team,Leader
Anthony S. Brown,155510481,1st Year,20261482,Beta Team,Member
Michael H. Jackson,155510482,1st Year,20261483,Gamma Team,Analyst
Ronald S. Kapoor,155510483,1st Year,20261484,Delta Team,Developer
Ashley G. Joshi,155510484,1st Year,20261485,Alpha Team,Designer
Ronald F. Gonzalez,155510485,1st Year,20261486,Beta Team,Coordinator
Dev S. Williams,155510486,1st Year,20261487,Gamma Team,Secretary
Sai I. Williams,155510487,1st Year,20261488,Delta Team,Treasurer
Timothy P. Anderson,155510488,1st Year,20261489,Alpha Team,Vice-Leader
James I. Miller,155510489,1st Year,20261490,Beta Team,Member
Melissa V. Lopez,155510490,1st Year,20261491,Gamma Team,Leader
Joshua T. Wilson,155510491,1st Year,20261492,Delta Team,Member
Meera T. Patel,155510492,1st Year,20261493,Alpha Team,Analyst
Jessica N. Harris,155510493,1st Year,20261494,Beta Team,Developer
Isha G. Ramirez,155510494,1st Year,20261495,Gamma Team,Designer
Daniel R. Nair,155510495,1st Year,20261496,Delta Team,Coordinator
Elizabeth D. Lee,155510496,1st Year,20261497,Alpha Team,Secretary
Kenneth C. Smith,155510497,1st Year,20261498,Beta Team,Treasurer
David U. Clark,155510498,1st Year,20261499,Gamma Team,Vice-Leader
Ananya E. Miller,155510499,1st Year,20261500,Delta Team,Member
Christopher P. Davis,155510500,1st Year,20261501,Alpha Team,Leader
Matthew Z. Taylor,155510501,1st Year,20261502,Beta Team,Member
Jessica L. Wilson,155510502,1st Year,20261503,Gamma Team,Analyst
Riya H. Martin,155510503,1st Year,20261504,Delta Team,Developer
Sarah U. Jackson,155510504,1st Year,20261505,Alpha Team,Designer
Ananya G. Iyer,155510505,1st Year,20261506,Beta Team,Coordinator
Steven S. Reddy,155510506,1st Year,20261507,Gamma Team,Secretary
Jessica A. Rodriguez,155510507,1st Year,20261508,Delta Team,Treasurer
Anthony D. Hernandez,155510508,1st Year,20261509,Alpha Team,Vice-Leader
William C. Lopez,155510509,1st Year,20261510,Beta Team,Member
Brian K. Patel,155510510,1st Year,20261511,Gamma Team,Leader
Vihaan O. Kapoor,155510511,1st Year,20261512,Delta Team,Member
Patricia L. Rao,155510512,1st Year,20261513,Alpha Team,Analyst
Riya Q. Rodriguez,155510513,1st Year,20261514,Beta Team,Developer
Joshua B. Martin,155510514,1st Year,20261515,Gamma Team,Designer
Christopher H. Sen,155510515,1st Year,20261516,Delta Team,Coordinator
Ananya W. Patel,155510516,1st Year,20261517,Alpha Team,Secretary
Jennifer M. Sharma,155510517,1st Year,20261518,Beta Team,Treasurer
Carol T. Johnson,155510518,1st Year,20261519,Gamma Team,Vice-Leader
Ashley I. Nair,155510519,1st Year,20261520,Delta Team,Member
Meera V. Clark,155510520,1st Year,20261521,Alpha Team,Leader
Zara I. Harris,155510521,1st Year,20261522,Beta Team,Member
Elizabeth M. Patel,155510522,1st Year,20261523,Gamma Team,Analyst
Steven T. Garcia,155510523,1st Year,20261524,Delta Team,Developer
Deborah T. Rodriguez,155510524,1st Year,20261525,Alpha Team,Designer
William A. Martin,155510525,1st Year,20261526,Beta Team,Coordinator
Kevin Z. Jackson,155510526,1st Year,20261527,Gamma Team,Secretary
Andrew F. Sharma,155510527,1st Year,20261528,Delta Team,Treasurer
Isha N. Martinez,155510528,1st Year,20261529,Alpha Team,Vice-Leader
John Z. Lee,155510529,1st Year,20261530,Beta Team,Member
Donna O. Miller,155510530,1st Year,20261531,Gamma Team,Leader
Joshua B. Reddy,155510531,1st Year,20261532,Delta Team,Member
Mark G. Thomas,155510532,1st Year,20261533,Alpha Team,Analyst
Ronald N. Kapoor,155510533,1st Year,20261534,Beta Team,Developer
Meera B. Mehta,155510534,1st Year,20261535,Gamma Team,Designer
Carol B. Sanchez,155510535,1st Year,20261536,Delta Team,Coordinator
Linda A. Jackson,155510536,1st Year,20261537,Alpha Team,Secretary
Sarah V. Nair,155510537,1st Year,20261538,Beta Team,Treasurer
William K. Joshi,155510538,1st Year,20261539,Gamma Team,Vice-Leader
Donna C. Johnson,155510539,1st Year,20261540,Delta Team,Member
Timothy X. Thompson,155510540,1st Year,20261541,Alpha Team,Leader
Betty A. Lopez,155510541,1st Year,20261542,Beta Team,Member
John T. Nair,155510542,1st Year,20261543,Gamma Team,Analyst
Michael E. Patel,155510543,1st Year,20261544,Delta Team,Developer
Elizabeth G. Thomas,155510544,1st Year,20261545,Alpha Team,Designer
Deborah U. Jackson,155510545,1st Year,20261546,Beta Team,Coordinator
Riya Q. Rao,155510546,1st Year,20261547,Gamma Team,Secretary
Amanda K. Lopez,155510547,1st Year,20261548,Delta Team,Treasurer
Timothy N. Iyer,155510548,1st Year,20261549,Alpha Team,Vice-Leader
Robert O. Sanchez,155510549,1st Year,20261550,Beta Team,Member
Isha M. Iyer,155510550,1st Year,20261551,Gamma Team,Leader
Kimberly W. Davis,155510551,1st Year,20261552,Delta Team,Member
Melissa Q. Joshi,155510552,1st Year,20261553,Alpha Team,Analyst
Anthony A. Gonzalez,155510553,1st Year,20261554,Beta Team,Developer
Susan J. Ramirez,155510554,1st Year,20261555,Gamma Team,Designer
Mary R. Garcia,155510555,1st Year,20261556,Delta Team,Coordinator
Barbara Y. Rodriguez,155510556,1st Year,20261557,Alpha Team,Secretary
Thomas Q. Iyer,155510557,1st Year,20261558,Beta Team,Treasurer
Sai V. Sen,155510558,1st Year,20261559,Gamma Team,Vice-Leader
Aarav O. Rao,155510559,1st Year,20261560,Delta Team,Member
Linda X. Lee,155510560,1st Year,20261561,Alpha Team,Leader
Joshua M. Joshi,155510561,1st Year,20261562,Beta Team,Member
Joseph A. Lee,155510562,1st Year,20261563,Gamma Team,Analyst
Dev Z. Martin,155510563,1st Year,20261564,Delta Team,Developer
David B. White,155510564,1st Year,20261565,Alpha Team,Designer
Sarah Q. White,155510565,1st Year,20261566,Beta Team,Coordinator
Christopher L. Iyer,155510566,1st Year,20261567,Gamma Team,Secretary
Karen R. Mehta,155510567,1st Year,20261568,Delta Team,Treasurer
Betty H. Williams,155510568,1st Year,20261569,Alpha Team,Vice-Leader
William U. Gonzalez,155510569,1st Year,20261570,Beta Team,Member
Lisa L. Rao,155510570,1st Year,20261571,Gamma Team,Leader
Margaret Q. Williams,155510571,1st Year,20261572,Delta Team,Member
Carol F. Williams,155510572,1st Year,20261573,Alpha Team,Analyst
Joshua F. Harris,155510573,1st Year,20261574,Beta Team,Developer
Ashley K. Moore,155510574,1st Year,20261575,Gamma Team,Designer
Betty U. Rodriguez,155510575,1st Year,20261576,Delta Team,Coordinator
Donna U. Sharma,155510576,1st Year,20261577,Alpha Team,Secretary
Amanda E. Jones,155510577,1st Year,20261578,Beta Team,Treasurer
Robert P. Hernandez,155510578,1st Year,20261579,Gamma Team,Vice-Leader
Brian A. Sharma,155510579,1st Year,20261580,Delta Team,Member
Sandra W. Hernandez,155510580,1st Year,20261581,Alpha Team,Leader
Kenneth A. Miller,155510581,1st Year,20261582,Beta Team,Member
Joseph M. Ramirez,155510582,1st Year,20261583,Gamma Team,Analyst
Elizabeth R. Perez,155510583,1st Year,20261584,Delta Team,Developer
Michelle R. Nair,155510584,1st Year,20261585,Alpha Team,Designer
Andrew A. Thompson,155510585,1st Year,20261586,Beta Team,Coordinator
Deborah O. Moore,155510586,1st Year,20261587,Gamma Team,Secretary
Patricia O. Martin,155510587,1st Year,20261588,Delta Team,Treasurer
Sarah F. Gonzalez,155510588,1st Year,20261589,Alpha Team,Vice-Leader
Matthew H. Taylor,155510589,1st Year,20261590,Beta Team,Member
Deborah P. Iyer,155510590,1st Year,20261591,Gamma Team,Leader
Sandra K. Davis,155510591,1st Year,20261592,Delta Team,Member
James R. Harris,155510592,1st Year,20261593,Alpha Team,Analyst
Kevin X. White,155510593,1st Year,20261594,Beta Team,Developer
Jennifer I. Lee,155510594,1st Year,20261595,Gamma Team,Designer
Deborah A. Hernandez,155510595,1st Year,20261596,Delta Team,Coordinator
Vihaan R. Patel,155510596,1st Year,20261597,Alpha Team,Secretary
Daniel V. Anderson,155510597,1st Year,20261598,Beta Team,Treasurer
Kabir W. White,155510598,1st Year,20261599,Gamma Team,Vice-Leader
Dorothy I. Robinson,155510599,1st Year,20261600,Delta Team,Member
Melissa C. Jones,155510600,1st Year,20261601,Alpha Team,Leader
Sarah J. Lopez,155510601,1st Year,20261602,Beta Team,Member
Sarah O. White,155510602,1st Year,20261603,Gamma Team,Analyst
Patricia L. Jones,155510603,1st Year,20261604,Delta Team,Developer
Meera I. Rao,155510604,1st Year,20261605,Alpha Team,Designer
Michael Y. Perez,155510605,1st Year,20261606,Beta Team,Coordinator
Betty U. Lewis,155510606,1st Year,20261607,Gamma Team,Secretary
Karen L. Smith,155510607,1st Year,20261608,Delta Team,Treasurer
Andrew E. Mehta,155510608,1st Year,20261609,Alpha Team,Vice-Leader
Betty V. Ramirez,155510609,1st Year,20261610,Beta Team,Member
Kabir Y. Williams,155510610,1st Year,20261611,Gamma Team,Leader
Riya M. Kapoor,155510611,1st Year,20261612,Delta Team,Member
Kevin P. Wilson,155510612,1st Year,20261613,Alpha Team,Analyst
Paul J. Johnson,155510613,1st Year,20261614,Beta Team,Developer
Charles P. Sharma,155510614,1st Year,20261615,Gamma Team,Designer
Anthony D. Sanchez,155510615,1st Year,20261616,Delta Team,Coordinator
Sandra F. Nair,155510616,1st Year,20261617,Alpha Team,Secretary
Patricia B. Thompson,155510617,1st Year,20261618,Beta Team,Treasurer
Daniel F. Smith,155510618,1st Year,20261619,Gamma Team,Vice-Leader
Kenneth H. Smith,155510619,1st Year,20261620,Delta Team,Member
Kenneth N. Wilson,155510620,1st Year,20261621,Alpha Team,Leader
Kabir Q. Miller,155510621,1st Year,20261622,Beta Team,Member
Anthony V. Nair,155510622,1st Year,20261623,Gamma Team,Analyst
Donald I. Joshi,155510623,1st Year,20261624,Delta Team,Developer
Christopher G. Clark,155510624,1st Year,20261625,Alpha Team,Designer
Thomas O. Sharma,155510625,1st Year,20261626,Beta Team,Coordinator
Michael A. Thomas,155510626,1st Year,20261627,Gamma Team,Secretary
Isha Z. Patel,155510627,1st Year,20261628,Delta Team,Treasurer
Robert F. Smith,155510628,1st Year,20261629,Alpha Team,Vice-Leader
Paul Z. Thomas,155510629,1st Year,20261630,Beta Team,Member
Joshua B. Joshi,155510630,1st Year,20261631,Gamma Team,Leader
Isha B. Williams,155510631,1st Year,20261632,Delta Team,Member
Carol L. Davis,155510632,1st Year,20261633,Alpha Team,Analyst
Paul S. Moore,155510633,1st Year,20261634,Beta Team,Developer
Lisa V. Sharma,155510634,1st Year,20261635,Gamma Team,Designer
Melissa Y. Miller,155510635,1st Year,20261636,Delta Team,Coordinator
Dev T. Smith,155510636,1st Year,20261637,Alpha Team,Secretary
Vihaan N. Mehta,155510637,1st Year,20261638,Beta Team,Treasurer
John K. Thompson,155510638,1st Year,20261639,Gamma Team,Vice-Leader
Thomas D. Lewis,155510639,1st Year,20261640,Delta Team,Member
Mark A. Sanchez,155510640,1st Year,20261641,Alpha Team,Leader
James R. Taylor,155510641,1st Year,20261642,Beta Team,Member
Lisa I. Kapoor,155510642,1st Year,20261643,Gamma Team,Analyst
Karen N. Rao,155510643,1st Year,20261644,Delta Team,Developer
Jessica J. Martinez,155510644,1st Year,20261645,Alpha Team,Designer
Thomas A. Lopez,155510645,1st Year,20261646,Beta Team,Coordinator
Mary T. Iyer,155510646,1st Year,20261647,Gamma Team,Secretary
Dorothy W. Iyer,155510647,1st Year,20261648,Delta Team,Treasurer
Michael J. Williams,155510648,1st Year,20261649,Alpha Team,Vice-Leader
Donald G. Clark,155510649,1st Year,20261650,Beta Team,Member
Donald J. Ramirez,155510650,1st Year,20261651,Gamma Team,Leader
Sandra L. Davis,155510651,1st Year,20261652,Delta Team,Member
Jennifer K. Ramirez,155510652,1st Year,20261653,Alpha Team,Analyst
Thomas S. White,155510653,1st Year,20261654,Beta Team,Developer
Jessica Y. Ramirez,155510654,1st Year,20261655,Gamma Team,Designer
Susan H. Lee,155510655,1st Year,20261656,Delta Team,Coordinator
Betty D. Brown,155510656,1st Year,20261657,Alpha Team,Secretary
Ananya Z. Martin,155510657,1st Year,20261658,Beta Team,Treasurer
Kenneth D. Lewis,155510658,1st Year,20261659,Gamma Team,Vice-Leader
Joseph Y. Smith,155510659,1st Year,20261660,Delta Team,Member
Richard X. Johnson,155510660,1st Year,20261661,Alpha Team,Leader
Nancy Q. Thompson,155510661,1st Year,20261662,Beta Team,Member
Mark O. Davis,155510662,1st Year,20261663,Gamma Team,Analyst
Lisa Z. White,155510663,1st Year,20261664,Delta Team,Developer
Timothy S. Hernandez,155510664,1st Year,20261665,Alpha Team,Designer
Anthony V. Anderson,155510665,1st Year,20261666,Beta Team,Coordinator
Ashley N. Reddy,155510666,1st Year,20261667,Gamma Team,Secretary
Emily E. Lee,155510667,1st Year,20261668,Delta Team,Treasurer
David U. Robinson,155510668,1st Year,20261669,Alpha Team,Vice-Leader
Brian W. Sen,155510669,1st Year,20261670,Beta Team,Member
Andrew K. Jones,155510670,1st Year,20261671,Gamma Team,Leader
Joseph O. Gonzalez,155510671,1st Year,20261672,Delta Team,Member
Mark R. Rao,155510672,1st Year,20261673,Alpha Team,Analyst
Steven V. Smith,155510673,1st Year,20261674,Beta Team,Developer
Barbara K. Rao,155510674,1st Year,20261675,Gamma Team,Designer
Thomas L. Mehta,155510675,1st Year,20261676,Delta Team,Coordinator
Daniel E. Thomas,155510676,1st Year,20261677,Alpha Team,Secretary
Mary E. Miller,155510677,1st Year,20261678,Beta Team,Treasurer
James G. Lopez,155510678,1st Year,20261679,Gamma Team,Vice-Leader
Ronald B. Clark,155510679,1st Year,20261680,Delta Team,Member
Joshua X. Lee,155510680,1st Year,20261681,Alpha Team,Leader
Mary G. Lopez,155510681,1st Year,20261682,Beta Team,Member
Riya M. Rao,155510682,1st Year,20261683,Gamma Team,Analyst
Sandra T. Garcia,155510683,1st Year,20261684,Delta Team,Developer
Anthony E. Rao,155510684,1st Year,20261685,Alpha Team,Designer
Michael V. Thompson,155510685,1st Year,20261686,Beta Team,Coordinator
Nancy R. Lewis,155510686,1st Year,20261687,Gamma Team,Secretary
Betty T. Joshi,155510687,1st Year,20261688,Delta Team,Treasurer
Aarav Z. Mehta,155510688,1st Year,20261689,Alpha Team,Vice-Leader
Matthew E. Patel,155510689,1st Year,20261690,Beta Team,Member
Mary X. Robinson,155510690,1st Year,20261691,Gamma Team,Leader
Zara E. Thompson,155510691,1st Year,20261692,Delta Team,Member
Andrew R. Ramirez,155510692,1st Year,20261693,Alpha Team,Analyst
Kabir B. Williams,155510693,1st Year,20261694,Beta Team,Developer
Barbara H. Lewis,155510694,1st Year,20261695,Gamma Team,Designer
Patricia A. Thompson,155510695,1st Year,20261696,Delta Team,Coordinator
Meera H. Lewis,155510696,1st Year,20261697,Alpha Team,Secretary
Deborah P. Martinez,155510697,1st Year,20261698,Beta Team,Treasurer
Christopher V. Martinez,155510698,1st Year,20261699,Gamma Team,Vice-Leader
Kabir D. Martinez,155510699,1st Year,20261700,Delta Team,Member
Margaret W. Kapoor,155510700,1st Year,20261701,Alpha Team,Leader
Robert H. Joshi,155510701,1st Year,20261702,Beta Team,Member
Ronald F. Hernandez,155510702,1st Year,20261703,Gamma Team,Analyst
Sai N. Mehta,155510703,1st Year,20261704,Delta Team,Developer
Anthony G. Sanchez,155510704,1st Year,20261705,Alpha Team,Designer
Betty G. Jackson,155510705,1st Year,20261706,Beta Team,Coordinator
Robert U. Harris,155510706,1st Year,20261707,Gamma Team,Secretary
Michelle O. Reddy,155510707,1st Year,20261708,Delta Team,Treasurer
Daniel W. Lopez,155510708,1st Year,20261709,Alpha Team,Vice-Leader
Linda O. Perez,155510709,1st Year,20261710,Beta Team,Member
Margaret V. White,155510710,1st Year,20261711,Gamma Team,Leader
Isha S. Sen,155510711,1st Year,20261712,Delta Team,Member
Andrew R. Garcia,155510712,1st Year,20261713,Alpha Team,Analyst
Sarah M. Brown,155510713,1st Year,20261714,Beta Team,Developer
Andrew M. Ramirez,155510714,1st Year,20261715,Gamma Team,Designer
Kimberly P. Sen,155510715,1st Year,20261716,Delta Team,Coordinator
Linda V. Moore,155510716,1st Year,20261717,Alpha Team,Secretary
Betty C. Rao,155510717,1st Year,20261718,Beta Team,Treasurer
Lisa S. Johnson,155510718,1st Year,20261719,Gamma Team,Vice-Leader
Dev A. Wilson,155510719,1st Year,20261720,Delta Team,Member
James F. Taylor,155510720,1st Year,20261721,Alpha Team,Leader
Mark K. Moore,155510721,1st Year,20261722,Beta Team,Member
Karen K. Patel,155510722,1st Year,20261723,Gamma Team,Analyst
Kenneth C. Garcia,155510723,1st Year,20261724,Delta Team,Developer
Sarah W. Rodriguez,155510724,1st Year,20261725,Alpha Team,Designer
Vihaan N. Moore,155510725,1st Year,20261726,Beta Team,Coordinator
Matthew M. Garcia,155510726,1st Year,20261727,Gamma Team,Secretary
Melissa E. Robinson,155510727,1st Year,20261728,Delta Team,Treasurer
Lisa V. Lee,155510728,1st Year,20261729,Alpha Team,Vice-Leader
Anthony T. Rodriguez,155510729,1st Year,20261730,Beta Team,Member
James L. Hernandez,155510730,1st Year,20261731,Gamma Team,Leader
Meera D. Taylor,155510731,1st Year,20261732,Delta Team,Member
Sandra V. Reddy,155510732,1st Year,20261733,Alpha Team,Analyst
Mark Q. Miller,155510733,1st Year,20261734,Beta Team,Developer
Barbara E. Miller,155510734,1st Year,20261735,Gamma Team,Designer
Kevin D. Kapoor,155510735,1st Year,20261736,Delta Team,Coordinator
Betty J. Garcia,155510736,1st Year,20261737,Alpha Team,Secretary
Jessica J. Sanchez,155510737,1st Year,20261738,Beta Team,Treasurer
Jessica I. Garcia,155510738,1st Year,20261739,Gamma Team,Vice-Leader
Meera C. Martinez,155510739,1st Year,20261740,Delta Team,Member
Deborah Z. Davis,155510740,1st Year,20261741,Alpha Team,Leader
Ananya P. Hernandez,155510741,1st Year,20261742,Beta Team,Member
Kevin Q. Miller,155510742,1st Year,20261743,Gamma Team,Analyst
Sarah W. Joshi,155510743,1st Year,20261744,Delta Team,Developer
Michelle Z. Lewis,155510744,1st Year,20261745,Alpha Team,Designer
Emily M. Gonzalez,155510745,1st Year,20261746,Beta Team,Coordinator
Paul Z. Wilson,155510746,1st Year,20261747,Gamma Team,Secretary
James H. Kapoor,155510747,1st Year,20261748,Delta Team,Treasurer
Deborah A. White,155510748,1st Year,20261749,Alpha Team,Vice-Leader
Donald C. Clark,155510749,1st Year,20261750,Beta Team,Member
Donna O. Gonzalez,155510750,1st Year,20261751,Gamma Team,Leader
Sai V. Nair,155510751,1st Year,20261752,Delta Team,Member
Aarav E. Garcia,155510752,1st Year,20261753,Alpha Team,Analyst
Meera E. Lee,155510753,1st Year,20261754,Beta Team,Developer
Ronald F. Martin,155510754,1st Year,20261755,Gamma Team,Designer
Richard Z. Taylor,155510755,1st Year,20261756,Delta Team,Coordinator
Kimberly W. Thompson,155510756,1st Year,20261757,Alpha Team,Secretary
Barbara Z. Harris,155510757,1st Year,20261758,Beta Team,Treasurer
Zara M. Thomas,155510758,1st Year,20261759,Gamma Team,Vice-Leader
Lisa V. Perez,155510759,1st Year,20261760,Delta Team,Member
Amanda A. Miller,155510760,1st Year,20261761,Alpha Team,Leader
David H. Davis,155510761,1st Year,20261762,Beta Team,Member
Paul A. Nair,155510762,1st Year,20261763,Gamma Team,Analyst
Michael A. Jackson,155510763,1st Year,20261764,Delta Team,Developer
Isha O. Thompson,155510764,1st Year,20261765,Alpha Team,Designer
Margaret B. Joshi,155510765,1st Year,20261766,Beta Team,Coordinator
Karen E. Iyer,155510766,1st Year,20261767,Gamma Team,Secretary
Lisa U. Moore,155510767,1st Year,20261768,Delta Team,Treasurer
Jennifer T. Rao,155510768,1st Year,20261769,Alpha Team,Vice-Leader
Ashley W. Sen,155510769,1st Year,20261770,Beta Team,Member
Richard T. Gonzalez,155510770,1st Year,20261771,Gamma Team,Leader
Isha E. Nair,155510771,1st Year,20261772,Delta Team,Member
Deborah U. Davis,155510772,1st Year,20261773,Alpha Team,Analyst
Sandra X. Williams,155510773,1st Year,20261774,Beta Team,Developer
Melissa A. Kapoor,155510774,1st Year,20261775,Gamma Team,Designer
Betty S. Martin,155510775,1st Year,20261776,Delta Team,Coordinator
Thomas E. Lee,155510776,1st Year,20261777,Alpha Team,Secretary
Melissa N. Lopez,155510777,1st Year,20261778,Beta Team,Treasurer
Sarah D. Perez,155510778,1st Year,20261779,Gamma Team,Vice-Leader
Donna L. Martin,155510779,1st Year,20261780,Delta Team,Member
Meera F. Martinez,155510780,1st Year,20261781,Alpha Team,Leader
Kabir X. Miller,155510781,1st Year,20261782,Beta Team,Member
William D. Lopez,155510782,1st Year,20261783,Gamma Team,Analyst
Joseph B. Lopez,155510783,1st Year,20261784,Delta Team,Developer
Emily I. Lee,155510784,1st Year,20261785,Alpha Team,Designer
Paul W. Thomas,155510785,1st Year,20261786,Beta Team,Coordinator
Ashley K. Williams,155510786,1st Year,20261787,Gamma Team,Secretary
Lisa Q. Mehta,155510787,1st Year,20261788,Delta Team,Treasurer
Jennifer E. Miller,155510788,1st Year,20261789,Alpha Team,Vice-Leader
Dorothy E. Sen,155510789,1st Year,20261790,Beta Team,Member
Susan E. Kapoor,155510790,1st Year,20261791,Gamma Team,Leader
Timothy R. Brown,155510791,1st Year,20261792,Delta Team,Member
Zara P. Jones,155510792,1st Year,20261793,Alpha Team,Analyst
Sandra D. Davis,155510793,1st Year,20261794,Beta Team,Developer
Joshua Y. Williams,155510794,1st Year,20261795,Gamma Team,Designer
Meera J. Rao,155510795,1st Year,20261796,Delta Team,Coordinator
Zara G. Sanchez,155510796,1st Year,20261797,Alpha Team,Secretary
Sarah Y. Sanchez,155510797,1st Year,20261798,Beta Team,Treasurer
David T. Gonzalez,155510798,1st Year,20261799,Gamma Team,Vice-Leader
Dev Z. Sen,155510799,1st Year,20261800,Delta Team,Member
David J. White,155510800,1st Year,20261801,Alpha Team,Leader
William X. Harris,155510801,1st Year,20261802,Beta Team,Member
Karen J. Lee,155510802,1st Year,20261803,Gamma Team,Analyst
Paul F. Williams,155510803,1st Year,20261804,Delta Team,Developer
Paul S. Kapoor,155510804,1st Year,20261805,Alpha Team,Designer
Riya O. Mehta,155510805,1st Year,20261806,Beta Team,Coordinator
Linda N. Jones,155510806,1st Year,20261807,Gamma Team,Secretary
James H. Patel,155510807,1st Year,20261808,Delta Team,Treasurer
Donald D. Iyer,155510808,1st Year,20261809,Alpha Team,Vice-Leader
Ananya D. Iyer,155510809,1st Year,20261810,Beta Team,Member
Betty Y. Rodriguez,155510810,1st Year,20261811,Gamma Team,Leader
Andrew G. Ramirez,155510811,1st Year,20261812,Delta Team,Member
John Y. Johnson,155510812,1st Year,20261813,Alpha Team,Analyst
Andrew H. Jackson,155510813,1st Year,20261814,Beta Team,Developer
Timothy D. Martin,155510814,1st Year,20261815,Gamma Team,Designer
James A. Johnson,155510815,1st Year,20261816,Delta Team,Coordinator
Matthew Y. Jackson,155510816,1st Year,20261817,Alpha Team,Secretary
Kabir W. Lee,155510817,1st Year,20261818,Beta Team,Treasurer
David P. Garcia,155510818,1st Year,20261819,Gamma Team,Vice-Leader
Brian D. Hernandez,155510819,1st Year,20261820,Delta Team,Member
Joseph R. Clark,155510820,1st Year,20261821,Alpha Team,Leader
Karen Z. Anderson,155510821,1st Year,20261822,Beta Team,Member
Ronald K. Ramirez,155510822,1st Year,20261823,Gamma Team,Analyst
Margaret R. Hernandez,155510823,1st Year,20261824,Delta Team,Developer
Kimberly J. Sen,155510824,1st Year,20261825,Alpha Team,Designer
Mark Q. White,155510825,1st Year,20261826,Beta Team,Coordinator
Richard M. Davis,155510826,1st Year,20261827,Gamma Team,Secretary
Donna C. Ramirez,155510827,1st Year,20261828,Delta Team,Treasurer
Patricia F. Garcia,155510828,1st Year,20261829,Alpha Team,Vice-Leader
Timothy G. Clark,155510829,1st Year,20261830,Beta Team,Member
Lisa Z. Sharma,155510830,1st Year,20261831,Gamma Team,Leader
Paul P. Perez,155510831,1st Year,20261832,Delta Team,Member
Mary X. Patel,155510832,1st Year,20261833,Alpha Team,Analyst
Donald E. Mehta,155510833,1st Year,20261834,Beta Team,Developer
Aarav E. Gonzalez,155510834,1st Year,20261835,Gamma Team,Designer
Joshua P. Davis,155510835,1st Year,20261836,Delta Team,Coordinator
Sarah Y. Harris,155510836,1st Year,20261837,Alpha Team,Secretary
Brian B. Sen,155510837,1st Year,20261838,Beta Team,Treasurer
David O. Martin,155510838,1st Year,20261839,Gamma Team,Vice-Leader
Sarah V. Anderson,155510839,1st Year,20261840,Delta Team,Member
Timothy T. Iyer,155510840,1st Year,20261841,Alpha Team,Leader
Ananya Y. Robinson,155510841,1st Year,20261842,Beta Team,Member
David U. Perez,155510842,1st Year,20261843,Gamma Team,Analyst
Meera F. Jones,155510843,1st Year,20261844,Delta Team,Developer
Sai P. Thompson,155510844,1st Year,20261845,Alpha Team,Designer
Deborah C. Joshi,155510845,1st Year,20261846,Beta Team,Coordinator
Donald Y. Taylor,155510846,1st Year,20261847,Gamma Team,Secretary
Timothy X. Reddy,155510847,1st Year,20261848,Delta Team,Treasurer
Timothy B. Wilson,155510848,1st Year,20261849,Alpha Team,Vice-Leader
Kenneth K. Smith,155510849,1st Year,20261850,Beta Team,Member
Matthew O. Sanchez,155510850,1st Year,20261851,Gamma Team,Leader
Sarah V. Robinson,155510851,1st Year,20261852,Delta Team,Member
Jessica X. Brown,155510852,1st Year,20261853,Alpha Team,Analyst
William I. Thomas,155510853,1st Year,20261854,Beta Team,Developer
Kevin S. Martinez,155510854,1st Year,20261855,Gamma Team,Designer
Kimberly R. Harris,155510855,1st Year,20261856,Delta Team,Coordinator
Paul S. Sanchez,155510856,1st Year,20261857,Alpha Team,Secretary
Vihaan Q. Sharma,155510857,1st Year,20261858,Beta Team,Treasurer
Sai D. Nair,155510858,1st Year,20261859,Gamma Team,Vice-Leader
Linda V. Joshi,155510859,1st Year,20261860,Delta Team,Member
Andrew P. Clark,155510860,1st Year,20261861,Alpha Team,Leader
Kimberly M. Martinez,155510861,1st Year,20261862,Beta Team,Member
Carol C. Brown,155510862,1st Year,20261863,Gamma Team,Analyst
Dev Y. Perez,155510863,1st Year,20261864,Delta Team,Developer
Michelle S. Hernandez,155510864,1st Year,20261865,Alpha Team,Designer
Kimberly M. Smith,155510865,1st Year,20261866,Beta Team,Coordinator
Matthew M. Smith,155510866,1st Year,20261867,Gamma Team,Secretary
Isha P. Taylor,155510867,1st Year,20261868,Delta Team,Treasurer
James F. Garcia,155510868,1st Year,20261869,Alpha Team,Vice-Leader
Elizabeth O. Taylor,155510869,1st Year,20261870,Beta Team,Member
Vihaan U. Taylor,155510870,1st Year,20261871,Gamma Team,Leader
Anthony I. Davis,155510871,1st Year,20261872,Delta Team,Member
Riya W. Smith,155510872,1st Year,20261873,Alpha Team,Analyst
Brian C. Ramirez,155510873,1st Year,20261874,Beta Team,Developer
Meera N. Joshi,155510874,1st Year,20261875,Gamma Team,Designer
Charles C. Nair,155510875,1st Year,20261876,Delta Team,Coordinator
Brian F. Martinez,155510876,1st Year,20261877,Alpha Team,Secretary
James W. Lee,155510877,1st Year,20261878,Beta Team,Treasurer
Aarav V. Anderson,155510878,1st Year,20261879,Gamma Team,Vice-Leader
Andrew Z. Mehta,155510879,1st Year,20261880,Delta Team,Member
Lisa P. Davis,155510880,1st Year,20261881,Alpha Team,Leader
Meera S. Patel,155510881,1st Year,20261882,Beta Team,Member
Deborah A. Moore,155510882,1st Year,20261883,Gamma Team,Analyst
Melissa S. Garcia,155510883,1st Year,20261884,Delta Team,Developer
Elizabeth W. Harris,155510884,1st Year,20261885,Alpha Team,Designer
Isha X. Patel,155510885,1st Year,20261886,Beta Team,Coordinator
Ananya F. Sen,155510886,1st Year,20261887,Gamma Team,Secretary
Nancy P. Smith,155510887,1st Year,20261888,Delta Team,Treasurer
Mark H. Wilson,155510888,1st Year,20261889,Alpha Team,Vice-Leader
Mary T. Lee,155510889,1st Year,20261890,Beta Team,Member
Ronald T. Clark,155510890,1st Year,20261891,Gamma Team,Leader
Daniel A. Smith,155510891,1st Year,20261892,Delta Team,Member
Carol N. Jackson,155510892,1st Year,20261893,Alpha Team,Analyst
Jessica K. Taylor,155510893,1st Year,20261894,Beta Team,Developer
Kevin L. Brown,155510894,1st Year,20261895,Gamma Team,Designer
Dorothy N. Robinson,155510895,1st Year,20261896,Delta Team,Coordinator
Kabir B. Ramirez,155510896,1st Year,20261897,Alpha Team,Secretary
Michelle N. Moore,155510897,1st Year,20261898,Beta Team,Treasurer
Sai C. Jackson,155510898,1st Year,20261899,Gamma Team,Vice-Leader
Kevin C. Thomas,155510899,1st Year,20261900,Delta Team,Member
Betty W. Taylor,155510900,1st Year,20261901,Alpha Team,Leader
John G. Miller,155510901,1st Year,20261902,Beta Team,Member
Aarav C. Iyer,155510902,1st Year,20261903,Gamma Team,Analyst
Dorothy H. Lee,155510903,1st Year,20261904,Delta Team,Developer
Karen S. Lee,155510904,1st Year,20261905,Alpha Team,Designer
Richard T. Hernandez,155510905,1st Year,20261906,Beta Team,Coordinator
Amanda T. Garcia,155510906,1st Year,20261907,Gamma Team,Secretary
Susan J. Gonzalez,155510907,1st Year,20261908,Delta Team,Treasurer
Donna M. Wilson,155510908,1st Year,20261909,Alpha Team,Vice-Leader
Joshua V. Joshi,155510909,1st Year,20261910,Beta Team,Member
Patricia F. Harris,155510910,1st Year,20261911,Gamma Team,Leader
Melissa A. Martinez,155510911,1st Year,20261912,Delta Team,Member
Kimberly Y. Mehta,155510912,1st Year,20261913,Alpha Team,Analyst
Lisa A. Sharma,155510913,1st Year,20261914,Beta Team,Developer
Timothy H. Moore,155510914,1st Year,20261915,Gamma Team,Designer
Timothy B. Kapoor,155510915,1st Year,20261916,Delta Team,Coordinator
Susan E. Iyer,155510916,1st Year,20261917,Alpha Team,Secretary
Melissa D. Rodriguez,155510917,1st Year,20261918,Beta Team,Treasurer
Nancy E. Taylor,155510918,1st Year,20261919,Gamma Team,Vice-Leader
Mark W. Sen,155510919,1st Year,20261920,Delta Team,Member
Karen W. Sanchez,155510920,1st Year,20261921,Alpha Team,Leader
Melissa P. Martinez,155510921,1st Year,20261922,Beta Team,Member
Paul T. Patel,155510922,1st Year,20261923,Gamma Team,Analyst
Matthew Y. Sen,155510923,1st Year,20261924,Delta Team,Developer
Emily O. Sharma,155510924,1st Year,20261925,Alpha Team,Designer
Patricia G. Brown,155510925,1st Year,20261926,Beta Team,Coordinator
Joshua H. Nair,155510926,1st Year,20261927,Gamma Team,Secretary
Michael O. Kapoor,155510927,1st Year,20261928,Delta Team,Treasurer
Deborah T. Sharma,155510928,1st Year,20261929,Alpha Team,Vice-Leader
Steven B. Mehta,155510929,1st Year,20261930,Beta Team,Member
Dorothy W. Lee,155510930,1st Year,20261931,Gamma Team,Leader
Zara O. Miller,155510931,1st Year,20261932,Delta Team,Member
Brian O. White,155510932,1st Year,20261933,Alpha Team,Analyst
James X. Ramirez,155510933,1st Year,20261934,Beta Team,Developer
Kabir T. Jones,155510934,1st Year,20261935,Gamma Team,Designer
Ananya S. Gonzalez,155510935,1st Year,20261936,Delta Team,Coordinator
Andrew Q. Smith,155510936,1st Year,20261937,Alpha Team,Secretary
Margaret K. White,155510937,1st Year,20261938,Beta Team,Treasurer
Sandra C. Harris,155510938,1st Year,20261939,Gamma Team,Vice-Leader
Emily T. Clark,155510939,1st Year,20261940,Delta Team,Member
Brian P. Robinson,155510940,1st Year,20261941,Alpha Team,Leader
William P. Gonzalez,155510941,1st Year,20261942,Beta Team,Member
Anthony G. Reddy,155510942,1st Year,20261943,Gamma Team,Analyst
Kenneth A. Sen,155510943,1st Year,20261944,Delta Team,Developer
Susan P. Clark,155510944,1st Year,20261945,Alpha Team,Designer
William R. Clark,155510945,1st Year,20261946,Beta Team,Coordinator
Sai Q. Williams,155510946,1st Year,20261947,Gamma Team,Secretary
Melissa C. White,155510947,1st Year,20261948,Delta Team,Treasurer
Timothy S. Jones,155510948,1st Year,20261949,Alpha Team,Vice-Leader
Ronald T. Nair,155510949,1st Year,20261950,Beta Team,Member
Mark H. Hernandez,155510950,1st Year,20261951,Gamma Team,Leader
Brian W. Gonzalez,155510951,1st Year,20261952,Delta Team,Member
Carol I. Martin,155510952,1st Year,20261953,Alpha Team,Analyst
Dev Y. Wilson,155510953,1st Year,20261954,Beta Team,Developer
Joshua J. Robinson,155510954,1st Year,20261955,Gamma Team,Designer
Donald E. Jackson,155510955,1st Year,20261956,Delta Team,Coordinator
Betty K. Mehta,155510956,1st Year,20261957,Alpha Team,Secretary
Kevin Y. Joshi,155510957,1st Year,20261958,Beta Team,Treasurer
Mary Z. Sen,155510958,1st Year,20261959,Gamma Team,Vice-Leader
Paul Z. Perez,155510959,1st Year,20261960,Delta Team,Member
Michelle X. Thomas,155510960,1st Year,20261961,Alpha Team,Leader
Ashley H. Hernandez,155510961,1st Year,20261962,Beta Team,Member
Sarah W. Patel,155510962,1st Year,20261963,Gamma Team,Analyst
Lisa Y. Lopez,155510963,1st Year,20261964,Delta Team,Developer
Christopher X. Davis,155510964,1st Year,20261965,Alpha Team,Designer
Meera O. Sharma,155510965,1st Year,20261966,Beta Team,Coordinator
James O. Perez,155510966,1st Year,20261967,Gamma Team,Secretary
Ronald R. Ramirez,155510967,1st Year,20261968,Delta Team,Treasurer
Richard B. Jackson,155510968,1st Year,20261969,Alpha Team,Vice-Leader
Susan F. Rodriguez,155510969,1st Year,20261970,Beta Team,Member
Sai B. Ramirez,155510970,1st Year,20261971,Gamma Team,Leader
Kabir K. Robinson,155510971,1st Year,20261972,Delta Team,Member
Anthony S. Sharma,155510972,1st Year,20261973,Alpha Team,Analyst
Dorothy D. Lee,155510973,1st Year,20261974,Beta Team,Developer
Isha F. Davis,155510974,1st Year,20261975,Gamma Team,Designer
Daniel Y. Johnson,155510975,1st Year,20261976,Delta Team,Coordinator
Kevin B. Jones,155510976,1st Year,20261977,Alpha Team,Secretary
Emily N. Mehta,155510977,1st Year,20261978,Beta Team,Treasurer
Karen G. Jones,155510978,1st Year,20261979,Gamma Team,Vice-Leader
Michael Y. Davis,155510979,1st Year,20261980,Delta Team,Member
Amanda C. Martinez,155510980,1st Year,20261981,Alpha Team,Leader
Patricia U. Jones,155510981,1st Year,20261982,Beta Team,Member
Isha J. Miller,155510982,1st Year,20261983,Gamma Team,Analyst
Anthony S. Rao,155510983,1st Year,20261984,Delta Team,Developer
Donald Y. Thomas,155510984,1st Year,20261985,Alpha Team,Designer
Linda Y. Mehta,155510985,1st Year,20261986,Beta Team,Coordinator
Kabir M. Moore,155510986,1st Year,20261987,Gamma Team,Secretary
Deborah K. Perez,155510987,1st Year,20261988,Delta Team,Treasurer
Andrew F. Davis,155510988,1st Year,20261989,Alpha Team,Vice-Leader
Thomas P. Anderson,155510989,1st Year,20261990,Beta Team,Member
Melissa C. Ramirez,155510990,1st Year,20261991,Gamma Team,Leader
Anthony X. Rodriguez,155510991,1st Year,20261992,Delta Team,Member
Thomas Q. Johnson,155510992,1st Year,20261993,Alpha Team,Analyst
Christopher S. Williams,155510993,1st Year,20261994,Beta Team,Developer
James Q. Garcia,155510994,1st Year,20261995,Gamma Team,Designer
Sai W. Sharma,155510995,1st Year,20261996,Delta Team,Coordinator
Ananya O. Taylor,155510996,1st Year,20261997,Alpha Team,Secretary
Mark P. Johnson,155510997,1st Year,20261998,Beta Team,Treasurer
Dorothy C. Lewis,155510998,1st Year,20261999,Gamma Team,Vice-Leader
Melissa Y. Iyer,155510999,1st Year,20262000,Delta Team,Member
Daniel L. Sen,155511000,1st Year,20262001,Alpha Team,Leader
Donald Z. Lopez,155511001,1st Year,20262002,Beta Team,Member
Michelle C. Jackson,155511002,1st Year,20262003,Gamma Team,Analyst
Aarav F. Taylor,155511003,1st Year,20262004,Delta Team,Developer
Amanda W. Sharma,155511004,1st Year,20262005,Alpha Team,Designer
Carol P. Sharma,155511005,1st Year,20262006,Beta Team,Coordinator
Isha K. Sharma,155511006,1st Year,20262007,Gamma Team,Secretary
Matthew Y. Patel,155511007,1st Year,20262008,Delta Team,Treasurer
Carol G. Martin,155511008,1st Year,20262009,Alpha Team,Vice-Leader
Kevin D. Moore,155511009,1st Year,20262010,Beta Team,Member
Daniel J. Smith,155511010,1st Year,20262011,Gamma Team,Leader
Ananya O. Rao,155511011,1st Year,20262012,Delta Team,Member
Steven Z. Gonzalez,155511012,1st Year,20262013,Alpha Team,Analyst
Linda F. Smith,155511013,1st Year,20262014,Beta Team,Developer
Joseph R. Robinson,155511014,1st Year,20262015,Gamma Team,Designer
Ronald Q. Sanchez,155511015,1st Year,20262016,Delta Team,Coordinator
Aarav Z. Lee,155511016,1st Year,20262017,Alpha Team,Secretary
Donna C. Robinson,155511017,1st Year,20262018,Beta Team,Treasurer
Sandra T. Davis,155511018,1st Year,20262019,Gamma Team,Vice-Leader
Ashley E. Miller,155511019,1st Year,20262020,Delta Team,Member
Sarah E. Anderson,155511020,1st Year,20262021,Alpha Team,Leader
Susan W. Robinson,155511021,1st Year,20262022,Beta Team,Member
Vihaan Z. Williams,155511022,1st Year,20262023,Gamma Team,Analyst
Aarav R. Lewis,155511023,1st Year,20262024,Delta Team,Developer
Thomas X. Thomas,155511024,1st Year,20262025,Alpha Team,Designer
Margaret W. Williams,155511025,1st Year,20262026,Beta Team,Coordinator
Sarah P. Patel,155511026,1st Year,20262027,Gamma Team,Secretary
Richard L. Thomas,155511027,1st Year,20262028,Delta Team,Treasurer
David F. Jackson,155511028,1st Year,20262029,Alpha Team,Vice-Leader
Steven W. Garcia,155511029,1st Year,20262030,Beta Team,Member
William P. White,155511030,1st Year,20262031,Gamma Team,Leader
Timothy R. Lewis,155511031,1st Year,20262032,Delta Team,Member
Richard B. White,155511032,1st Year,20262033,Alpha Team,Analyst
Dev U. Harris,155511033,1st Year,20262034,Beta Team,Developer
William B. Gonzalez,155511034,1st Year,20262035,Gamma Team,Designer
Dorothy T. Patel,155511035,1st Year,20262036,Delta Team,Coordinator
Daniel T. Rodriguez,155511036,1st Year,20262037,Alpha Team,Secretary
Emily W. Thomas,155511037,1st Year,20262038,Beta Team,Treasurer
Richard G. Thomas,155511038,1st Year,20262039,Gamma Team,Vice-Leader
Paul W. Martin,155511039,1st Year,20262040,Delta Team,Member
Christopher H. Nair,155511040,1st Year,20262041,Alpha Team,Leader
Amanda Y. Kapoor,155511041,1st Year,20262042,Beta Team,Member
Ashley R. Lopez,155511042,1st Year,20262043,Gamma Team,Analyst
John H. Smith,155511043,1st Year,20262044,Delta Team,Developer
Barbara T. White,155511044,1st Year,20262045,Alpha Team,Designer
Zara O. Martin,155511045,1st Year,20262046,Beta Team,Coordinator
Margaret F. Smith,155511046,1st Year,20262047,Gamma Team,Secretary
Michelle U. Ramirez,155511047,1st Year,20262048,Delta Team,Treasurer
Charles Q. Mehta,155511048,1st Year,20262049,Alpha Team,Vice-Leader
Brian N. Iyer,155511049,1st Year,20262050,Beta Team,Member
Kevin X. Nair,155511050,1st Year,20262051,Gamma Team,Leader
Richard R. Thompson,155511051,1st Year,20262052,Delta Team,Member
Sarah Z. Sen,155511052,1st Year,20262053,Alpha Team,Analyst
Ananya K. Iyer,155511053,1st Year,20262054,Beta Team,Developer
Mary M. Joshi,155511054,1st Year,20262055,Gamma Team,Designer
David P. Smith,155511055,1st Year,20262056,Delta Team,Coordinator
Patricia X. Nair,155511056,1st Year,20262057,Alpha Team,Secretary
Aarav J. Garcia,155511057,1st Year,20262058,Beta Team,Treasurer
Meera X. Martin,155511058,1st Year,20262059,Gamma Team,Vice-Leader
Patricia S. Miller,155511059,1st Year,20262060,Delta Team,Member
Daniel E. Harris,155511060,1st Year,20262061,Alpha Team,Leader
Matthew W. Lopez,155511061,1st Year,20262062,Beta Team,Member
William R. Jackson,155511062,1st Year,20262063,Gamma Team,Analyst
Meera L. Clark,155511063,1st Year,20262064,Delta Team,Developer
Emily N. Lopez,155511064,1st Year,20262065,Alpha Team,Designer
Elizabeth Q. Wilson,155511065,1st Year,20262066,Beta Team,Coordinator
Kenneth Y. Sharma,155511066,1st Year,20262067,Gamma Team,Secretary
Nancy T. Joshi,155511067,1st Year,20262068,Delta Team,Treasurer
Sandra A. Rao,155511068,1st Year,20262069,Alpha Team,Vice-Leader
Joshua D. Mehta,155511069,1st Year,20262070,Beta Team,Member
Matthew H. Jackson,155511070,1st Year,20262071,Gamma Team,Leader
Dev X. Smith,155511071,1st Year,20262072,Delta Team,Member
Sai X. Jackson,155511072,1st Year,20262073,Alpha Team,Analyst
Matthew U. White,155511073,1st Year,20262074,Beta Team,Developer
Susan T. Davis,155511074,1st Year,20262075,Gamma Team,Designer
Lisa P. Garcia,155511075,1st Year,20262076,Delta Team,Coordinator
Kimberly F. Mehta,155511076,1st Year,20262077,Alpha Team,Secretary
Daniel T. Ramirez,155511077,1st Year,20262078,Beta Team,Treasurer
Richard A. Martinez,155511078,1st Year,20262079,Gamma Team,Vice-Leader
Anthony A. Patel,155511079,1st Year,20262080,Delta Team,Member
Timothy Y. Harris,155511080,1st Year,20262081,Alpha Team,Leader
Jennifer B. Jones,155511081,1st Year,20262082,Beta Team,Member
Donald Z. Perez,155511082,1st Year,20262083,Gamma Team,Analyst
Charles F. Moore,155511083,1st Year,20262084,Delta Team,Developer
Andrew R. White,155511084,1st Year,20262085,Alpha Team,Designer
Amanda A. Anderson,155511085,1st Year,20262086,Beta Team,Coordinator
Meera Q. Harris,155511086,1st Year,20262087,Gamma Team,Secretary
William I. Mehta,155511087,1st Year,20262088,Delta Team,Treasurer
Charles M. Davis,155511088,1st Year,20262089,Alpha Team,Vice-Leader
Ananya V. White,155511089,1st Year,20262090,Beta Team,Member
Deborah J. Kapoor,155511090,1st Year,20262091,Gamma Team,Leader
Margaret U. Joshi,155511091,1st Year,20262092,Delta Team,Member
Kenneth O. Davis,155511092,1st Year,20262093,Alpha Team,Analyst
Riya T. Perez,155511093,1st Year,20262094,Beta Team,Developer
Michelle P. Jones,155511094,1st Year,20262095,Gamma Team,Designer
Robert E. Perez,155511095,1st Year,20262096,Delta Team,Coordinator
Vihaan A. Rao,155511096,1st Year,20262097,Alpha Team,Secretary
Joshua A. Brown,155511097,1st Year,20262098,Beta Team,Treasurer
Dev D. Brown,155511098,1st Year,20262099,Gamma Team,Vice-Leader
Paul J. Rodriguez,155511099,1st Year,20262100,Delta Team,Member
James S. Williams,155511100,1st Year,20262101,Alpha Team,Leader
Betty G. Sharma,155511101,1st Year,20262102,Beta Team,Member
Brian U. Garcia,155511102,1st Year,20262103,Gamma Team,Analyst
Karen M. Sen,155511103,1st Year,20262104,Delta Team,Developer
Kevin O. Jones,155511104,1st Year,20262105,Alpha Team,Designer
Kimberly A. Robinson,155511105,1st Year,20262106,Beta Team,Coordinator
Vihaan L. Sanchez,155511106,1st Year,20262107,Gamma Team,Secretary
Sai E. Brown,155511107,1st Year,20262108,Delta Team,Treasurer
Mark V. Hernandez,155511108,1st Year,20262109,Alpha Team,Vice-Leader
Deborah D. Kapoor,155511109,1st Year,20262110,Beta Team,Member
Thomas L. Rodriguez,155511110,1st Year,20262111,Gamma Team,Leader
Michael J. Miller,155511111,1st Year,20262112,Delta Team,Member
Joseph R. Martin,155511112,1st Year,20262113,Alpha Team,Analyst
Joseph M. Wilson,155511113,1st Year,20262114,Beta Team,Developer
Kevin I. Joshi,155511114,1st Year,20262115,Gamma Team,Designer
Melissa Z. Patel,155511115,1st Year,20262116,Delta Team,Coordinator
Sai D. Gonzalez,155511116,1st Year,20262117,Alpha Team,Secretary
Steven O. Williams,155511117,1st Year,20262118,Beta Team,Treasurer
Donald A. Smith,155511118,1st Year,20262119,Gamma Team,Vice-Leader
Andrew H. White,155511119,1st Year,20262120,Delta Team,Member
Amanda A. Lewis,155511120,1st Year,20262121,Alpha Team,Leader
Paul K. Perez,155511121,1st Year,20262122,Beta Team,Member
Anthony O. Lee,155511122,1st Year,20262123,Gamma Team,Analyst
Vihaan D. Clark,155511123,1st Year,20262124,Delta Team,Developer
Patricia N. Smith,155511124,1st Year,20262125,Alpha Team,Designer
Ronald X. Lewis,155511125,1st Year,20262126,Beta Team,Coordinator
Michelle A. Miller,155511126,1st Year,20262127,Gamma Team,Secretary
Betty F. Thomas,155511127,1st Year,20262128,Delta Team,Treasurer
Margaret L. Brown,155511128,1st Year,20262129,Alpha Team,Vice-Leader
Ronald X. Nair,155511129,1st Year,20262130,Beta Team,Member
Dev O. Clark,155511130,1st Year,20262131,Gamma Team,Leader
Elizabeth K. Robinson,155511131,1st Year,20262132,Delta Team,Member
Margaret P. Davis,155511132,1st Year,20262133,Alpha Team,Analyst
Michelle F. Kapoor,155511133,1st Year,20262134,Beta Team,Developer
Melissa V. Garcia,155511134,1st Year,20262135,Gamma Team,Designer
Timothy O. Ramirez,155511135,1st Year,20262136,Delta Team,Coordinator
Linda U. Mehta,155511136,1st Year,20262137,Alpha Team,Secretary
Sandra P. White,155511137,1st Year,20262138,Beta Team,Treasurer
Deborah X. Thomas,155511138,1st Year,20262139,Gamma Team,Vice-Leader
Timothy X. Mehta,155511139,1st Year,20262140,Delta Team,Member
Patricia N. Wilson,155511140,1st Year,20262141,Alpha Team,Leader
John F. White,155511141,1st Year,20262142,Beta Team,Member
Kimberly F. Iyer,155511142,1st Year,20262143,Gamma Team,Analyst
Lisa P. Ramirez,155511143,1st Year,20262144,Delta Team,Developer
Jennifer Y. Mehta,155511144,1st Year,20262145,Alpha Team,Designer
Matthew B. Rao,155511145,1st Year,20262146,Beta Team,Coordinator
David D. Smith,155511146,1st Year,20262147,Gamma Team,Secretary
Riya F. Davis,155511147,1st Year,20262148,Delta Team,Treasurer
Andrew R. Sen,155511148,1st Year,20262149,Alpha Team,Vice-Leader
Christopher V. Lewis,155511149,1st Year,20262150,Beta Team,Member
Elizabeth E. Davis,155511150,1st Year,20262151,Gamma Team,Leader
James A. Jones,155511151,1st Year,20262152,Delta Team,Member
Dorothy H. Rodriguez,155511152,1st Year,20262153,Alpha Team,Analyst
Elizabeth H. Sharma,155511153,1st Year,20262154,Beta Team,Developer
Donald E. White,155511154,1st Year,20262155,Gamma Team,Designer
Kabir L. Miller,155511155,1st Year,20262156,Delta Team,Coordinator
Susan M. Rodriguez,155511156,1st Year,20262157,Alpha Team,Secretary
Timothy E. Miller,155511157,1st Year,20262158,Beta Team,Treasurer
Joseph Z. Harris,155511158,1st Year,20262159,Gamma Team,Vice-Leader
Amanda Z. Moore,155511159,1st Year,20262160,Delta Team,Member
Dorothy H. Patel,155511160,1st Year,20262161,Alpha Team,Leader
James H. Iyer,155511161,1st Year,20262162,Beta Team,Member
Charles U. Lee,155511162,1st Year,20262163,Gamma Team,Analyst
Isha H. Clark,155511163,1st Year,20262164,Delta Team,Developer
Joshua N. Brown,155511164,1st Year,20262165,Alpha Team,Designer
Zara H. Garcia,155511165,1st Year,20262166,Beta Team,Coordinator
Carol N. Patel,155511166,1st Year,20262167,Gamma Team,Secretary
Karen U. Brown,155511167,1st Year,20262168,Delta Team,Treasurer
Michelle H. Anderson,155511168,1st Year,20262169,Alpha Team,Vice-Leader
Isha O. Sen,155511169,1st Year,20262170,Beta Team,Member
Donna I. Thompson,155511170,1st Year,20262171,Gamma Team,Leader
Amanda W. Robinson,155511171,1st Year,20262172,Delta Team,Member
Betty F. Wilson,155511172,1st Year,20262173,Alpha Team,Analyst
Steven Y. Patel,155511173,1st Year,20262174,Beta Team,Developer
Linda N. Wilson,155511174,1st Year,20262175,Gamma Team,Designer
Donald R. Patel,155511175,1st Year,20262176,Delta Team,Coordinator
Melissa Z. White,155511176,1st Year,20262177,Alpha Team,Secretary
Ashley R. Nair,155511177,1st Year,20262178,Beta Team,Treasurer
Richard O. Rodriguez,155511178,1st Year,20262179,Gamma Team,Vice-Leader
Margaret O. Johnson,155511179,1st Year,20262180,Delta Team,Member
Riya J. Harris,155511180,1st Year,20262181,Alpha Team,Leader
Carol T. Mehta,155511181,1st Year,20262182,Beta Team,Member
Ronald V. Perez,155511182,1st Year,20262183,Gamma Team,Analyst
Donald L. Garcia,155511183,1st Year,20262184,Delta Team,Developer
Sarah P. Johnson,155511184,1st Year,20262185,Alpha Team,Designer
Sai X. Iyer,155511185,1st Year,20262186,Beta Team,Coordinator
Kimberly D. Garcia,155511186,1st Year,20262187,Gamma Team,Secretary
Michelle Y. White,155511187,1st Year,20262188,Delta Team,Treasurer
Robert V. Martin,155511188,1st Year,20262189,Alpha Team,Vice-Leader
Kabir Q. Lopez,155511189,1st Year,20262190,Beta Team,Member
Dorothy L. Rodriguez,155511190,1st Year,20262191,Gamma Team,Leader
John T. Thompson,155511191,1st Year,20262192,Delta Team,Member
Carol D. Sen,155511192,1st Year,20262193,Alpha Team,Analyst
James Q. Lee,155511193,1st Year,20262194,Beta Team,Developer
Christopher W. Robinson,155511194,1st Year,20262195,Gamma Team,Designer
Sai U. Johnson,155511195,1st Year,20262196,Delta Team,Coordinator
Carol D. Thomas,155511196,1st Year,20262197,Alpha Team,Secretary
Elizabeth E. Thomas,155511197,1st Year,20262198,Beta Team,Treasurer
Charles N. Robinson,155511198,1st Year,20262199,Gamma Team,Vice-Leader
Daniel G. Sen,155511199,1st Year,20262200,Delta Team,Member
Kimberly Z. Clark,155511200,1st Year,20262201,Alpha Team,Leader
Joshua V. Sharma,155511201,1st Year,20262202,Beta Team,Member
Margaret Z. Jones,155511202,1st Year,20262203,Gamma Team,Analyst
Matthew X. Joshi,155511203,1st Year,20262204,Delta Team,Developer
Kenneth W. Moore,155511204,1st Year,20262205,Alpha Team,Designer
Riya D. Lewis,155511205,1st Year,20262206,Beta Team,Coordinator
Mary E. White,155511206,1st Year,20262207,Gamma Team,Secretary
Kabir S. Wilson,155511207,1st Year,20262208,Delta Team,Treasurer
Betty G. Mehta,155511208,1st Year,20262209,Alpha Team,Vice-Leader
Mary G. Thomas,155511209,1st Year,20262210,Beta Team,Member
Mark J. Sen,155511210,1st Year,20262211,Gamma Team,Leader
Richard N. Lee,155511211,1st Year,20262212,Delta Team,Member
Carol P. Anderson,155511212,1st Year,20262213,Alpha Team,Analyst
Elizabeth N. Lopez,155511213,1st Year,20262214,Beta Team,Developer
Mary B. Patel,155511214,1st Year,20262215,Gamma Team,Designer
Isha S. Ramirez,155511215,1st Year,20262216,Delta Team,Coordinator
Matthew P. Sen,155511216,1st Year,20262217,Alpha Team,Secretary
Christopher U. Perez,155511217,1st Year,20262218,Beta Team,Treasurer
Margaret B. Harris,155511218,1st Year,20262219,Gamma Team,Vice-Leader
Melissa H. Gonzalez,155511219,1st Year,20262220,Delta Team,Member
Andrew H. Harris,155511220,1st Year,20262221,Alpha Team,Leader
Dev M. Jones,155511221,1st Year,20262222,Beta Team,Member
Mary T. Thomas,155511222,1st Year,20262223,Gamma Team,Analyst
Dorothy Y. Thomas,155511223,1st Year,20262224,Delta Team,Developer
Kimberly O. Miller,155511224,1st Year,20262225,Alpha Team,Designer
Mary X. Gonzalez,155511225,1st Year,20262226,Beta Team,Coordinator
Elizabeth A. Martin,155511226,1st Year,20262227,Gamma Team,Secretary
Thomas C. Mehta,155511227,1st Year,20262228,Delta Team,Treasurer
Linda L. Perez,155511228,1st Year,20262229,Alpha Team,Vice-Leader
Aarav I. Patel,155511229,1st Year,20262230,Beta Team,Member
Kabir L. Rodriguez,155511230,1st Year,20262231,Gamma Team,Leader
Christopher E. Thompson,155511231,1st Year,20262232,Delta Team,Member
Kenneth W. Gonzalez,155511232,1st Year,20262233,Alpha Team,Analyst
Joshua J. Davis,155511233,1st Year,20262234,Beta Team,Developer
Timothy R. Jackson,155511234,1st Year,20262235,Gamma Team,Designer
Dev Y. Rao,155511235,1st Year,20262236,Delta Team,Coordinator
Robert Q. Lee,155511236,1st Year,20262237,Alpha Team,Secretary
Matthew Y. Moore,155511237,1st Year,20262238,Beta Team,Treasurer
Jennifer S. Hernandez,155511238,1st Year,20262239,Gamma Team,Vice-Leader
Richard S. Lewis,155511239,1st Year,20262240,Delta Team,Member
Emily R. Lee,155511240,1st Year,20262241,Alpha Team,Leader
Anthony C. Sanchez,155511241,1st Year,20262242,Beta Team,Member
Michael A. Kapoor,155511242,1st Year,20262243,Gamma Team,Analyst
Karen J. Anderson,155511243,1st Year,20262244,Delta Team,Developer
Brian G. Martin,155511244,1st Year,20262245,Alpha Team,Designer
Nancy A. Anderson,155511245,1st Year,20262246,Beta Team,Coordinator
Karen O. Williams,155511246,1st Year,20262247,Gamma Team,Secretary
Donna Q. Perez,155511247,1st Year,20262248,Delta Team,Treasurer
Mary X. Anderson,155511248,1st Year,20262249,Alpha Team,Vice-Leader
Vihaan C. Martinez,155511249,1st Year,20262250,Beta Team,Member
Steven B. Williams,155511250,1st Year,20262251,Gamma Team,Leader
Paul Y. Thomas,155511251,1st Year,20262252,Delta Team,Member
Kimberly Q. Miller,155511252,1st Year,20262253,Alpha Team,Analyst
Daniel J. White,155511253,1st Year,20262254,Beta Team,Developer
Margaret N. Mehta,155511254,1st Year,20262255,Gamma Team,Designer
Kevin Y. Mehta,155511255,1st Year,20262256,Delta Team,Coordinator
Betty D. Robinson,155511256,1st Year,20262257,Alpha Team,Secretary
Deborah I. Anderson,155511257,1st Year,20262258,Beta Team,Treasurer
Sai Z. Mehta,155511258,1st Year,20262259,Gamma Team,Vice-Leader
Ronald E. Anderson,155511259,1st Year,20262260,Delta Team,Member
Michelle N. Lopez,155511260,1st Year,20262261,Alpha Team,Leader
Andrew R. Lopez,155511261,1st Year,20262262,Beta Team,Member
Zara G. Sharma,155511262,1st Year,20262263,Gamma Team,Analyst
Donna T. Nair,155511263,1st Year,20262264,Delta Team,Developer
Kenneth S. Johnson,155511264,1st Year,20262265,Alpha Team,Designer
Ananya Q. Mehta,155511265,1st Year,20262266,Beta Team,Coordinator
Sandra I. Lee,155511266,1st Year,20262267,Gamma Team,Secretary
David N. Smith,155511267,1st Year,20262268,Delta Team,Treasurer
Margaret G. White,155511268,1st Year,20262269,Alpha Team,Vice-Leader
Patricia U. Joshi,155511269,1st Year,20262270,Beta Team,Member
Michelle R. Johnson,155511270,1st Year,20262271,Gamma Team,Leader
Melissa W. Smith,155511271,1st Year,20262272,Delta Team,Member
Paul F. Smith,155511272,1st Year,20262273,Alpha Team,Analyst
Anthony Y. Ramirez,155511273,1st Year,20262274,Beta Team,Developer
Emily F. Robinson,155511274,1st Year,20262275,Gamma Team,Designer
Linda M. Williams,155511275,1st Year,20262276,Delta Team,Coordinator
Mary M. Gonzalez,155511276,1st Year,20262277,Alpha Team,Secretary
Isha J. Taylor,155511277,1st Year,20262278,Beta Team,Treasurer
Sarah I. Patel,155511278,1st Year,20262279,Gamma Team,Vice-Leader
Anthony P. Jones,155511279,1st Year,20262280,Delta Team,Member
Linda M. Thompson,155511280,1st Year,20262281,Alpha Team,Leader
Isha C. Robinson,155511281,1st Year,20262282,Beta Team,Member
Elizabeth F. Miller,155511282,1st Year,20262283,Gamma Team,Analyst
Donna K. Miller,155511283,1st Year,20262284,Delta Team,Developer
Betty R. Joshi,155511284,1st Year,20262285,Alpha Team,Designer
Steven L. Brown,155511285,1st Year,20262286,Beta Team,Coordinator
Ashley Z. Miller,155511286,1st Year,20262287,Gamma Team,Secretary
Joshua K. Taylor,155511287,1st Year,20262288,Delta Team,Treasurer
Richard S. Perez,155511288,1st Year,20262289,Alpha Team,Vice-Leader
Joseph U. White,155511289,1st Year,20262290,Beta Team,Member
Amanda D. Williams,155511290,1st Year,20262291,Gamma Team,Leader
Thomas T. Johnson,155511291,1st Year,20262292,Delta Team,Member
James H. Jones,155511292,1st Year,20262293,Alpha Team,Analyst
Jessica D. Kapoor,155511293,1st Year,20262294,Beta Team,Developer
David A. Martin,155511294,1st Year,20262295,Gamma Team,Designer
Kabir A. Williams,155511295,1st Year,20262296,Delta Team,Coordinator
Jennifer Y. Martin,155511296,1st Year,20262297,Alpha Team,Secretary
Amanda Y. Harris,155511297,1st Year,20262298,Beta Team,Treasurer
Barbara U. Thomas,155511298,1st Year,20262299,Gamma Team,Vice-Leader
Donald S. Kapoor,155511299,1st Year,20262300,Delta Team,Member
Nancy F. Jones,155511300,1st Year,20262301,Alpha Team,Leader
Melissa H. Thomas,155511301,1st Year,20262302,Beta Team,Member
John L. Ramirez,155511302,1st Year,20262303,Gamma Team,Analyst
Thomas N. Rao,155511303,1st Year,20262304,Delta Team,Developer
Barbara N. Patel,155511304,1st Year,20262305,Alpha Team,Designer
Christopher G. White,155511305,1st Year,20262306,Beta Team,Coordinator
Donna Z. Lee,155511306,1st Year,20262307,Gamma Team,Secretary
Zara I. Martin,155511307,1st Year,20262308,Delta Team,Treasurer
Betty M. Johnson,155511308,1st Year,20262309,Alpha Team,Vice-Leader
Ashley F. Harris,155511309,1st Year,20262310,Beta Team,Member
Michelle W. Davis,155511310,1st Year,20262311,Gamma Team,Leader
Richard R. Patel,155511311,1st Year,20262312,Delta Team,Member
Karen K. Gonzalez,155511312,1st Year,20262313,Alpha Team,Analyst
Sai Q. Gonzalez,155511313,1st Year,20262314,Beta Team,Developer
Emily C. Moore,155511314,1st Year,20262315,Gamma Team,Designer
Joshua C. Gonzalez,155511315,1st Year,20262316,Delta Team,Coordinator
Sarah Z. Moore,155511316,1st Year,20262317,Alpha Team,Secretary
Michael F. Taylor,155511317,1st Year,20262318,Beta Team,Treasurer
Paul W. Perez,155511318,1st Year,20262319,Gamma Team,Vice-Leader
Dev D. Lopez,155511319,1st Year,20262320,Delta Team,Member
Donna F. Rao,155511320,1st Year,20262321,Alpha Team,Leader
Sai G. Martin,155511321,1st Year,20262322,Beta Team,Member
Anthony G. Lopez,155511322,1st Year,20262323,Gamma Team,Analyst
Meera I. Rodriguez,155511323,1st Year,20262324,Delta Team,Developer
Kenneth Z. White,155511324,1st Year,20262325,Alpha Team,Designer
Timothy T. Johnson,155511325,1st Year,20262326,Beta Team,Coordinator
Paul P. Sharma,155511326,1st Year,20262327,Gamma Team,Secretary
Kabir B. Hernandez,155511327,1st Year,20262328,Delta Team,Treasurer
Kimberly J. Smith,155511328,1st Year,20262329,Alpha Team,Vice-Leader
Sarah O. Brown,155511329,1st Year,20262330,Beta Team,Member
Ronald W. Lewis,155511330,1st Year,20262331,Gamma Team,Leader
Betty T. Miller,155511331,1st Year,20262332,Delta Team,Member
David S. Garcia,155511332,1st Year,20262333,Alpha Team,Analyst
Susan K. Smith,155511333,1st Year,20262334,Beta Team,Developer
Anthony P. Rao,155511334,1st Year,20262335,Gamma Team,Designer
Riya V. Reddy,155511335,1st Year,20262336,Delta Team,Coordinator
Donald B. Perez,155511336,1st Year,20262337,Alpha Team,Secretary
Lisa A. Joshi,155511337,1st Year,20262338,Beta Team,Treasurer
Mark U. Sen,155511338,1st Year,20262339,Gamma Team,Vice-Leader
Elizabeth V. Rao,155511339,1st Year,20262340,Delta Team,Member
Kenneth Z. Lewis,155511340,1st Year,20262341,Alpha Team,Leader
Ashley C. Johnson,155511341,1st Year,20262342,Beta Team,Member
Robert W. Harris,155511342,1st Year,20262343,Gamma Team,Analyst
Kenneth K. Wilson,155511343,1st Year,20262344,Delta Team,Developer
Kenneth R. Harris,155511344,1st Year,20262345,Alpha Team,Designer
Vihaan S. Thompson,155511345,1st Year,20262346,Beta Team,Coordinator
Deborah R. Martin,155511346,1st Year,20262347,Gamma Team,Secretary
Timothy V. Jackson,155511347,1st Year,20262348,Delta Team,Treasurer
Kevin E. Moore,155511348,1st Year,20262349,Alpha Team,Vice-Leader
Elizabeth U. Garcia,155511349,1st Year,20262350,Beta Team,Member
Zara V. Lee,155511350,1st Year,20262351,Gamma Team,Leader
Daniel P. Lewis,155511351,1st Year,20262352,Delta Team,Member
Joseph S. Brown,155511352,1st Year,20262353,Alpha Team,Analyst
Sarah U. Clark,155511353,1st Year,20262354,Beta Team,Developer
Elizabeth H. Robinson,155511354,1st Year,20262355,Gamma Team,Designer
Michelle O. Jones,155511355,1st Year,20262356,Delta Team,Coordinator
Donald D. Wilson,155511356,1st Year,20262357,Alpha Team,Secretary
Kenneth F. Rao,155511357,1st Year,20262358,Beta Team,Treasurer
Sandra M. Williams,155511358,1st Year,20262359,Gamma Team,Vice-Leader
Kabir O. Johnson,155511359,1st Year,20262360,Delta Team,Member
Anthony F. Lopez,155511360,1st Year,20262361,Alpha Team,Leader
Dorothy L. Ramirez,155511361,1st Year,20262362,Beta Team,Member
Margaret I. Rodriguez,155511362,1st Year,20262363,Gamma Team,Analyst
Michelle S. Lee,155511363,1st Year,20262364,Delta Team,Developer
Elizabeth B. Anderson,155511364,1st Year,20262365,Alpha Team,Designer
James V. Thomas,155511365,1st Year,20262366,Beta Team,Coordinator
Ronald Q. Rodriguez,155511366,1st Year,20262367,Gamma Team,Secretary
Sandra E. Jackson,155511367,1st Year,20262368,Delta Team,Treasurer
Mark O. Kapoor,155511368,1st Year,20262369,Alpha Team,Vice-Leader
John W. Lee,155511369,1st Year,20262370,Beta Team,Member
Jennifer T. Moore,155511370,1st Year,20262371,Gamma Team,Leader
Patricia P. Thompson,155511371,1st Year,20262372,Delta Team,Member
Anthony M. Brown,155511372,1st Year,20262373,Alpha Team,Analyst
Elizabeth M. Rodriguez,155511373,1st Year,20262374,Beta Team,Developer
Margaret W. Martinez,155511374,1st Year,20262375,Gamma Team,Designer
Jennifer F. White,155511375,1st Year,20262376,Delta Team,Coordinator
John P. Mehta,155511376,1st Year,20262377,Alpha Team,Secretary
Timothy R. White,155511377,1st Year,20262378,Beta Team,Treasurer
Christopher T. Perez,155511378,1st Year,20262379,Gamma Team,Vice-Leader
Mary Q. Kapoor,155511379,1st Year,20262380,Delta Team,Member
Betty K. Gonzalez,155511380,1st Year,20262381,Alpha Team,Leader
Joseph X. Lee,155511381,1st Year,20262382,Beta Team,Member
Sandra W. Thompson,155511382,1st Year,20262383,Gamma Team,Analyst
Kabir N. Harris,155511383,1st Year,20262384,Delta Team,Developer
Deborah D. Smith,155511384,1st Year,20262385,Alpha Team,Designer
Kimberly I. Lee,155511385,1st Year,20262386,Beta Team,Coordinator
Sandra I. Kapoor,155511386,1st Year,20262387,Gamma Team,Secretary
Richard A. Williams,155511387,1st Year,20262388,Delta Team,Treasurer
Sai T. Williams,155511388,1st Year,20262389,Alpha Team,Vice-Leader
Steven F. Harris,155511389,1st Year,20262390,Beta Team,Member
Zara V. White,155511390,1st Year,20262391,Gamma Team,Leader
Michelle L. Martin,155511391,1st Year,20262392,Delta Team,Member
Brian N. Mehta,155511392,1st Year,20262393,Alpha Team,Analyst
Ananya F. Johnson,155511393,1st Year,20262394,Beta Team,Developer
Robert A. Thompson,155511394,1st Year,20262395,Gamma Team,Designer
Daniel U. Thomas,155511395,1st Year,20262396,Delta Team,Coordinator
Isha S. Martin,155511396,1st Year,20262397,Alpha Team,Secretary
Deborah E. Garcia,155511397,1st Year,20262398,Beta Team,Treasurer
Christopher T. Martinez,155511398,1st Year,20262399,Gamma Team,Vice-Leader
Barbara J. Miller,155511399,1st Year,20262400,Delta Team,Member
James X. Gonzalez,155511400,1st Year,20262401,Alpha Team,Leader
David U. Lopez,155511401,1st Year,20262402,Beta Team,Member
Paul E. Hernandez,155511402,1st Year,20262403,Gamma Team,Analyst
Deborah Y. Martinez,155511403,1st Year,20262404,Delta Team,Developer
Daniel K. Smith,155511404,1st Year,20262405,Alpha Team,Designer
Jessica C. Hernandez,155511405,1st Year,20262406,Beta Team,Coordinator
Vihaan J. Taylor,155511406,1st Year,20262407,Gamma Team,Secretary
Linda O. Wilson,155511407,1st Year,20262408,Delta Team,Treasurer
Sandra N. Lewis,155511408,1st Year,20262409,Alpha Team,Vice-Leader
Christopher D. Wilson,155511409,1st Year,20262410,Beta Team,Member
Elizabeth Y. Iyer,155511410,1st Year,20262411,Gamma Team,Leader
Sai Q. Garcia,155511411,1st Year,20262412,Delta Team,Member
Mark R. Ramirez,155511412,1st Year,20262413,Alpha Team,Analyst
John D. Martinez,155511413,1st Year,20262414,Beta Team,Developer
Melissa Z. Perez,155511414,1st Year,20262415,Gamma Team,Designer
Amanda U. Miller,155511415,1st Year,20262416,Delta Team,Coordinator
James W. Mehta,155511416,1st Year,20262417,Alpha Team,Secretary
Mary U. Anderson,155511417,1st Year,20262418,Beta Team,Treasurer
Michael S. Jackson,155511418,1st Year,20262419,Gamma Team,Vice-Leader
Margaret G. Lee,155511419,1st Year,20262420,Delta Team,Member
Charles F. Ramirez,155511420,1st Year,20262421,Alpha Team,Leader
Sandra N. Harris,155511421,1st Year,20262422,Beta Team,Member
Christopher Y. Patel,155511422,1st Year,20262423,Gamma Team,Analyst
Andrew C. Perez,155511423,1st Year,20262424,Delta Team,Developer
Jennifer P. Martinez,155511424,1st Year,20262425,Alpha Team,Designer
Christopher I. Rodriguez,155511425,1st Year,20262426,Beta Team,Coordinator
David S. Rao,155511426,1st Year,20262427,Gamma Team,Secretary
Michelle L. Jones,155511427,1st Year,20262428,Delta Team,Treasurer
Dorothy Q. Brown,155511428,1st Year,20262429,Alpha Team,Vice-Leader
Carol L. Robinson,155511429,1st Year,20262430,Beta Team,Member
David Z. Smith,155511430,1st Year,20262431,Gamma Team,Leader
Anthony A. Lewis,155511431,1st Year,20262432,Delta Team,Member
Kevin W. Jones,155511432,1st Year,20262433,Alpha Team,Analyst
Emily B. Thomas,155511433,1st Year,20262434,Beta Team,Developer
Patricia P. Taylor,155511434,1st Year,20262435,Gamma Team,Designer
Susan P. Martin,155511435,1st Year,20262436,Delta Team,Coordinator
Aarav Q. Sanchez,155511436,1st Year,20262437,Alpha Team,Secretary
Daniel K. Martin,155511437,1st Year,20262438,Beta Team,Treasurer
Sai S. Harris,155511438,1st Year,20262439,Gamma Team,Vice-Leader
Andrew Z. Lewis,155511439,1st Year,20262440,Delta Team,Member
Karen L. Lewis,155511440,1st Year,20262441,Alpha Team,Leader
Barbara B. Ramirez,155511441,1st Year,20262442,Beta Team,Member
Linda A. Sanchez,155511442,1st Year,20262443,Gamma Team,Analyst
Mark W. Sanchez,155511443,1st Year,20262444,Delta Team,Developer
Joshua X. Rao,155511444,1st Year,20262445,Alpha Team,Designer
Lisa X. Lewis,155511445,1st Year,20262446,Beta Team,Coordinator
Vihaan N. Taylor,155511446,1st Year,20262447,Gamma Team,Secretary
Joseph O. Reddy,155511447,1st Year,20262448,Delta Team,Treasurer
Barbara G. Williams,155511448,1st Year,20262449,Alpha Team,Vice-Leader
Richard Q. Rodriguez,155511449,1st Year,20262450,Beta Team,Member
Brian O. Miller,155511450,1st Year,20262451,Gamma Team,Leader
Brian T. Perez,155511451,1st Year,20262452,Delta Team,Member
Zara P. Joshi,155511452,1st Year,20262453,Alpha Team,Analyst
Kevin H. Robinson,155511453,1st Year,20262454,Beta Team,Developer
Melissa L. Williams,155511454,1st Year,20262455,Gamma Team,Designer
William Q. Ramirez,155511455,1st Year,20262456,Delta Team,Coordinator
David J. Jackson,155511456,1st Year,20262457,Alpha Team,Secretary
Meera J. Wilson,155511457,1st Year,20262458,Beta Team,Treasurer
Thomas F. Mehta,155511458,1st Year,20262459,Gamma Team,Vice-Leader
Sai A. Thompson,155511459,1st Year,20262460,Delta Team,Member
Patricia S. Johnson,155511460,1st Year,20262461,Alpha Team,Leader
Kenneth L. Thomas,155511461,1st Year,20262462,Beta Team,Member
Ashley K. Lewis,155511462,1st Year,20262463,Gamma Team,Analyst
Joshua U. Kapoor,155511463,1st Year,20262464,Delta Team,Developer
Matthew L. Garcia,155511464,1st Year,20262465,Alpha Team,Designer
Karen K. Anderson,155511465,1st Year,20262466,Beta Team,Coordinator
Brian J. Smith,155511466,1st Year,20262467,Gamma Team,Secretary
Meera W. Brown,155511467,1st Year,20262468,Delta Team,Treasurer
Kabir M. White,155511468,1st Year,20262469,Alpha Team,Vice-Leader
Andrew B. Lewis,155511469,1st Year,20262470,Beta Team,Member
Ananya R. Martinez,155511470,1st Year,20262471,Gamma Team,Leader
Margaret I. Taylor,155511471,1st Year,20262472,Delta Team,Member
Riya Q. Martin,155511472,1st Year,20262473,Alpha Team,Analyst
Joseph F. White,155511473,1st Year,20262474,Beta Team,Developer
Michael H. Moore,155511474,1st Year,20262475,Gamma Team,Designer
William W. Lewis,155511475,1st Year,20262476,Delta Team,Coordinator
Kevin W. Reddy,155511476,1st Year,20262477,Alpha Team,Secretary
John T. Miller,155511477,1st Year,20262478,Beta Team,Treasurer
Amanda Q. Lee,155511478,1st Year,20262479,Gamma Team,Vice-Leader
Joseph V. Jones,155511479,1st Year,20262480,Delta Team,Member
Elizabeth H. Garcia,155511480,1st Year,20262481,Alpha Team,Leader
Amanda M. Robinson,155511481,1st Year,20262482,Beta Team,Member
Betty O. Jones,155511482,1st Year,20262483,Gamma Team,Analyst
Betty Y. Moore,155511483,1st Year,20262484,Delta Team,Developer
David D. Clark,155511484,1st Year,20262485,Alpha Team,Designer
Matthew D. Lee,155511485,1st Year,20262486,Beta Team,Coordinator
Betty P. Johnson,155511486,1st Year,20262487,Gamma Team,Secretary
Sai I. Clark,155511487,1st Year,20262488,Delta Team,Treasurer
Meera U. Nair,155511488,1st Year,20262489,Alpha Team,Vice-Leader
Richard B. Martinez,155511489,1st Year,20262490,Beta Team,Member
Deborah F. Sanchez,155511490,1st Year,20262491,Gamma Team,Leader
Brian U. Moore,155511491,1st Year,20262492,Delta Team,Member
Brian G. Jones,155511492,1st Year,20262493,Alpha Team,Analyst
Charles V. Iyer,155511493,1st Year,20262494,Beta Team,Developer
Anthony H. Garcia,155511494,1st Year,20262495,Gamma Team,Designer
Kevin Z. Robinson,155511495,1st Year,20262496,Delta Team,Coordinator
Andrew X. Miller,155511496,1st Year,20262497,Alpha Team,Secretary
Timothy Y. Iyer,155511497,1st Year,20262498,Beta Team,Treasurer
Sarah L. Kapoor,155511498,1st Year,20262499,Gamma Team,Vice-Leader
Brian E. Anderson,155511499,1st Year,20262500,Delta Team,Member
Aarav B. Sharma,155511500,1st Year,20262501,Alpha Team,Leader
Michael O. Williams,155511501,1st Year,20262502,Beta Team,Member
Melissa H. Patel,155511502,1st Year,20262503,Gamma Team,Analyst
Kenneth K. Lopez,155511503,1st Year,20262504,Delta Team,Developer
Amanda Z. Clark,155511504,1st Year,20262505,Alpha Team,Designer
Barbara Z. Smith,155511505,1st Year,20262506,Beta Team,Coordinator
Daniel H. Wilson,155511506,1st Year,20262507,Gamma Team,Secretary
Elizabeth Q. Jones,155511507,1st Year,20262508,Delta Team,Treasurer
Kevin I. Martinez,155511508,1st Year,20262509,Alpha Team,Vice-Leader
Dorothy Q. Anderson,155511509,1st Year,20262510,Beta Team,Member
Charles T. Thompson,155511510,1st Year,20262511,Gamma Team,Leader
Michael L. Jackson,155511511,1st Year,20262512,Delta Team,Member
Donald E. Williams,155511512,1st Year,20262513,Alpha Team,Analyst
Patricia X. Smith,155511513,1st Year,20262514,Beta Team,Developer
Elizabeth O. Wilson,155511514,1st Year,20262515,Gamma Team,Designer
Timothy C. Johnson,155511515,1st Year,20262516,Delta Team,Coordinator
Mary B. Rao,155511516,1st Year,20262517,Alpha Team,Secretary
Kenneth F. Gonzalez,155511517,1st Year,20262518,Beta Team,Treasurer
Ronald A. Hernandez,155511518,1st Year,20262519,Gamma Team,Vice-Leader
Kenneth J. Kapoor,155511519,1st Year,20262520,Delta Team,Member
Isha Z. Miller,155511520,1st Year,20262521,Alpha Team,Leader
Paul Z. Rodriguez,155511521,1st Year,20262522,Beta Team,Member
Donna B. Lee,155511522,1st Year,20262523,Gamma Team,Analyst
John B. Smith,155511523,1st Year,20262524,Delta Team,Developer
William Q. Martinez,155511524,1st Year,20262525,Alpha Team,Designer
Michelle D. Nair,155511525,1st Year,20262526,Beta Team,Coordinator
Isha E. Jones,155511526,1st Year,20262527,Gamma Team,Secretary
Nancy L. Robinson,155511527,1st Year,20262528,Delta Team,Treasurer
Susan S. Rodriguez,155511528,1st Year,20262529,Alpha Team,Vice-Leader
Kevin V. Harris,155511529,1st Year,20262530,Beta Team,Member
James L. Taylor,155511530,1st Year,20262531,Gamma Team,Leader
Ronald X. White,155511531,1st Year,20262532,Delta Team,Member
Michelle N. Rao,155511532,1st Year,20262533,Alpha Team,Analyst
Anthony T. Taylor,155511533,1st Year,20262534,Beta Team,Developer
Nancy Y. Moore,155511534,1st Year,20262535,Gamma Team,Designer
Jessica N. Hernandez,155511535,1st Year,20262536,Delta Team,Coordinator
Meera A. Iyer,155511536,1st Year,20262537,Alpha Team,Secretary
Sarah J. Hernandez,155511537,1st Year,20262538,Beta Team,Treasurer
Karen G. Rodriguez,155511538,1st Year,20262539,Gamma Team,Vice-Leader
Kabir T. Jackson,155511539,1st Year,20262540,Delta Team,Member
Mark U. Gonzalez,155511540,1st Year,20262541,Alpha Team,Leader
Kevin T. Gonzalez,155511541,1st Year,20262542,Beta Team,Member
James D. Martin,155511542,1st Year,20262543,Gamma Team,Analyst
Sai Y. Wilson,155511543,1st Year,20262544,Delta Team,Developer
Ashley H. Lee,155511544,1st Year,20262545,Alpha Team,Designer
Melissa K. Clark,155511545,1st Year,20262546,Beta Team,Coordinator
Sandra E. Taylor,155511546,1st Year,20262547,Gamma Team,Secretary
John Y. Sanchez,155511547,1st Year,20262548,Delta Team,Treasurer
Donna R. Anderson,155511548,1st Year,20262549,Alpha Team,Vice-Leader
Dorothy O. Brown,155511549,1st Year,20262550,Beta Team,Member
Mark C. Thomas,155511550,1st Year,20262551,Gamma Team,Leader
Robert I. Jones,155511551,1st Year,20262552,Delta Team,Member
Susan B. Williams,155511552,1st Year,20262553,Alpha Team,Analyst
Robert N. Sharma,155511553,1st Year,20262554,Beta Team,Developer
Riya L. Patel,155511554,1st Year,20262555,Gamma Team,Designer
David G. Davis,155511555,1st Year,20262556,Delta Team,Coordinator
Ashley K. White,155511556,1st Year,20262557,Alpha Team,Secretary
Isha I. Iyer,155511557,1st Year,20262558,Beta Team,Treasurer
Vihaan R. Rodriguez,155511558,1st Year,20262559,Gamma Team,Vice-Leader
Barbara Z. Garcia,155511559,1st Year,20262560,Delta Team,Member
Timothy I. Reddy,155511560,1st Year,20262561,Alpha Team,Leader
Steven Z. Johnson,155511561,1st Year,20262562,Beta Team,Member
Donald E. Jones,155511562,1st Year,20262563,Gamma Team,Analyst
Joshua C. Sanchez,155511563,1st Year,20262564,Delta Team,Developer
Paul O. Moore,155511564,1st Year,20262565,Alpha Team,Designer
Richard Y. Miller,155511565,1st Year,20262566,Beta Team,Coordinator
Charles T. White,155511566,1st Year,20262567,Gamma Team,Secretary
Barbara G. Patel,155511567,1st Year,20262568,Delta Team,Treasurer
Dorothy L. Hernandez,155511568,1st Year,20262569,Alpha Team,Vice-Leader
Amanda H. Lee,155511569,1st Year,20262570,Beta Team,Member
Barbara W. Smith,155511570,1st Year,20262571,Gamma Team,Leader
Kenneth H. Joshi,155511571,1st Year,20262572,Delta Team,Member
Jennifer C. Ramirez,155511572,1st Year,20262573,Alpha Team,Analyst
Ananya O. Smith,155511573,1st Year,20262574,Beta Team,Developer
Vihaan Y. Kapoor,155511574,1st Year,20262575,Gamma Team,Designer
Ronald L. Thomas,155511575,1st Year,20262576,Delta Team,Coordinator
John X. Smith,155511576,1st Year,20262577,Alpha Team,Secretary
Riya L. Joshi,155511577,1st Year,20262578,Beta Team,Treasurer
Charles U. Lewis,155511578,1st Year,20262579,Gamma Team,Vice-Leader
Elizabeth S. Clark,155511579,1st Year,20262580,Delta Team,Member
Donald P. Jackson,155511580,1st Year,20262581,Alpha Team,Leader
Thomas S. Patel,155511581,1st Year,20262582,Beta Team,Member
David Q. Smith,155511582,1st Year,20262583,Gamma Team,Analyst
Meera J. Moore,155511583,1st Year,20262584,Delta Team,Developer
Susan O. Hernandez,155511584,1st Year,20262585,Alpha Team,Designer
Jessica D. Brown,155511585,1st Year,20262586,Beta Team,Coordinator
Ashley B. Thompson,155511586,1st Year,20262587,Gamma Team,Secretary
Emily U. Gonzalez,155511587,1st Year,20262588,Delta Team,Treasurer
Betty B. Taylor,155511588,1st Year,20262589,Alpha Team,Vice-Leader
Emily V. Sanchez,155511589,1st Year,20262590,Beta Team,Member
Susan W. Wilson,155511590,1st Year,20262591,Gamma Team,Leader
Christopher S. Ramirez,155511591,1st Year,20262592,Delta Team,Member
Kevin L. Miller,155511592,1st Year,20262593,Alpha Team,Analyst
Karen V. Garcia,155511593,1st Year,20262594,Beta Team,Developer
Amanda R. Johnson,155511594,1st Year,20262595,Gamma Team,Designer
Susan E. White,155511595,1st Year,20262596,Delta Team,Coordinator
Paul L. Gonzalez,155511596,1st Year,20262597,Alpha Team,Secretary
Riya Z. Lee,155511597,1st Year,20262598,Beta Team,Treasurer
Carol N. Rao,155511598,1st Year,20262599,Gamma Team,Vice-Leader
Michelle L. Brown,155511599,1st Year,20262600,Delta Team,Member
Sai Y. Davis,155511600,1st Year,20262601,Alpha Team,Leader
James I. Nair,155511601,1st Year,20262602,Beta Team,Member
Ananya K. Jones,155511602,1st Year,20262603,Gamma Team,Analyst
Anthony L. Thompson,155511603,1st Year,20262604,Delta Team,Developer
Patricia O. Hernandez,155511604,1st Year,20262605,Alpha Team,Designer
Barbara W. White,155511605,1st Year,20262606,Beta Team,Coordinator
Susan G. Anderson,155511606,1st Year,20262607,Gamma Team,Secretary
Steven H. Garcia,155511607,1st Year,20262608,Delta Team,Treasurer
Sai K. Nair,155511608,1st Year,20262609,Alpha Team,Vice-Leader
Michelle G. Ramirez,155511609,1st Year,20262610,Beta Team,Member
Vihaan P. Taylor,155511610,1st Year,20262611,Gamma Team,Leader
Sandra K. Harris,155511611,1st Year,20262612,Delta Team,Member
Elizabeth H. Lee,155511612,1st Year,20262613,Alpha Team,Analyst
Deborah H. Garcia,155511613,1st Year,20262614,Beta Team,Developer
Isha Q. Jackson,155511614,1st Year,20262615,Gamma Team,Designer
Sarah K. Rao,155511615,1st Year,20262616,Delta Team,Coordinator
Meera W. Kapoor,155511616,1st Year,20262617,Alpha Team,Secretary
Betty R. Kapoor,155511617,1st Year,20262618,Beta Team,Treasurer
Kimberly F. Thompson,155511618,1st Year,20262619,Gamma Team,Vice-Leader
Elizabeth E. Lopez,155511619,1st Year,20262620,Delta Team,Member
Amanda Z. Martinez,155511620,1st Year,20262621,Alpha Team,Leader
Susan J. Anderson,155511621,1st Year,20262622,Beta Team,Member
Steven P. Rodriguez,155511622,1st Year,20262623,Gamma Team,Analyst
Ashley W. Rodriguez,155511623,1st Year,20262624,Delta Team,Developer
Margaret U. Harris,155511624,1st Year,20262625,Alpha Team,Designer
Deborah J. Brown,155511625,1st Year,20262626,Beta Team,Coordinator
Kenneth W. Davis,155511626,1st Year,20262627,Gamma Team,Secretary
Charles H. Martinez,155511627,1st Year,20262628,Delta Team,Treasurer
John N. Jackson,155511628,1st Year,20262629,Alpha Team,Vice-Leader
Linda W. Jones,155511629,1st Year,20262630,Beta Team,Member
James T. Perez,155511630,1st Year,20262631,Gamma Team,Leader
Meera X. Jackson,155511631,1st Year,20262632,Delta Team,Member
Riya P. Nair,155511632,1st Year,20262633,Alpha Team,Analyst
Ananya D. Martin,155511633,1st Year,20262634,Beta Team,Developer
John Y. Anderson,155511634,1st Year,20262635,Gamma Team,Designer
Andrew Z. Lopez,155511635,1st Year,20262636,Delta Team,Coordinator
Mary S. White,155511636,1st Year,20262637,Alpha Team,Secretary
Karen H. Anderson,155511637,1st Year,20262638,Beta Team,Treasurer
Dorothy Q. Taylor,155511638,1st Year,20262639,Gamma Team,Vice-Leader
John H. Davis,155511639,1st Year,20262640,Delta Team,Member
Michael Y. Sen,155511640,1st Year,20262641,Alpha Team,Leader
Kimberly T. Iyer,155511641,1st Year,20262642,Beta Team,Member
Carol P. Robinson,155511642,1st Year,20262643,Gamma Team,Analyst
Barbara R. Perez,155511643,1st Year,20262644,Delta Team,Developer
Susan R. Lee,155511644,1st Year,20262645,Alpha Team,Designer
Robert T. Rao,155511645,1st Year,20262646,Beta Team,Coordinator
Dorothy E. Robinson,155511646,1st Year,20262647,Gamma Team,Secretary
Betty C. Moore,155511647,1st Year,20262648,Delta Team,Treasurer
Kimberly Y. Patel,155511648,1st Year,20262649,Alpha Team,Vice-Leader
Linda G. Gonzalez,155511649,1st Year,20262650,Beta Team,Member
John J. Gonzalez,155511650,1st Year,20262651,Gamma Team,Leader
Kabir A. Lee,155511651,1st Year,20262652,Delta Team,Member
Isha M. Rao,155511652,1st Year,20262653,Alpha Team,Analyst
Melissa N. Garcia,155511653,1st Year,20262654,Beta Team,Developer
Steven K. Moore,155511654,1st Year,20262655,Gamma Team,Designer
Barbara O. Moore,155511655,1st Year,20262656,Delta Team,Coordinator
Michael F. Clark,155511656,1st Year,20262657,Alpha Team,Secretary
Kabir C. Hernandez,155511657,1st Year,20262658,Beta Team,Treasurer
Brian F. Ramirez,155511658,1st Year,20262659,Gamma Team,Vice-Leader
Lisa B. Brown,155511659,1st Year,20262660,Delta Team,Member
Donna H. Patel,155511660,1st Year,20262661,Alpha Team,Leader
Karen U. Rodriguez,155511661,1st Year,20262662,Beta Team,Member
Elizabeth A. Gonzalez,155511662,1st Year,20262663,Gamma Team,Analyst
Betty E. Hernandez,155511663,1st Year,20262664,Delta Team,Developer
Patricia K. Iyer,155511664,1st Year,20262665,Alpha Team,Designer
Christopher X. Brown,155511665,1st Year,20262666,Beta Team,Coordinator
Isha D. Mehta,155511666,1st Year,20262667,Gamma Team,Secretary
Melissa V. Iyer,155511667,1st Year,20262668,Delta Team,Treasurer
Meera P. Williams,155511668,1st Year,20262669,Alpha Team,Vice-Leader
Melissa C. Nair,155511669,1st Year,20262670,Beta Team,Member
Aarav B. Lopez,155511670,1st Year,20262671,Gamma Team,Leader
Meera I. Sanchez,155511671,1st Year,20262672,Delta Team,Member
Riya G. Rao,155511672,1st Year,20262673,Alpha Team,Analyst
Steven C. Lee,155511673,1st Year,20262674,Beta Team,Developer
Linda J. Martinez,155511674,1st Year,20262675,Gamma Team,Designer
Ashley C. Taylor,155511675,1st Year,20262676,Delta Team,Coordinator
Timothy G. Davis,155511676,1st Year,20262677,Alpha Team,Secretary
James N. Mehta,155511677,1st Year,20262678,Beta Team,Treasurer
David J. Ramirez,155511678,1st Year,20262679,Gamma Team,Vice-Leader
Ananya Z. Sanchez,155511679,1st Year,20262680,Delta Team,Member
Steven H. White,155511680,1st Year,20262681,Alpha Team,Leader
Thomas Q. Perez,155511681,1st Year,20262682,Beta Team,Member
Margaret I. Lee,155511682,1st Year,20262683,Gamma Team,Analyst
Elizabeth P. Wilson,155511683,1st Year,20262684,Delta Team,Developer
Ashley H. Mehta,155511684,1st Year,20262685,Alpha Team,Designer
Brian B. Robinson,155511685,1st Year,20262686,Beta Team,Coordinator
Steven N. Jones,155511686,1st Year,20262687,Gamma Team,Secretary
Daniel P. Robinson,155511687,1st Year,20262688,Delta Team,Treasurer
Steven F. Taylor,155511688,1st Year,20262689,Alpha Team,Vice-Leader
Linda J. Iyer,155511689,1st Year,20262690,Beta Team,Member
John A. Davis,155511690,1st Year,20262691,Gamma Team,Leader
Ananya P. Sen,155511691,1st Year,20262692,Delta Team,Member
James S. Lopez,155511692,1st Year,20262693,Alpha Team,Analyst
Ronald I. Ramirez,155511693,1st Year,20262694,Beta Team,Developer
Michael O. Martinez,155511694,1st Year,20262695,Gamma Team,Designer
Patricia Y. Martinez,155511695,1st Year,20262696,Delta Team,Coordinator
Daniel Y. White,155511696,1st Year,20262697,Alpha Team,Secretary
Carol O. White,155511697,1st Year,20262698,Beta Team,Treasurer
Zara M. Garcia,155511698,1st Year,20262699,Gamma Team,Vice-Leader
Dorothy T. Kapoor,155511699,1st Year,20262700,Delta Team,Member
Aarav K. Miller,155511700,1st Year,20262701,Alpha Team,Leader
Melissa E. Smith,155511701,1st Year,20262702,Beta Team,Member
Donna W. Johnson,155511702,1st Year,20262703,Gamma Team,Analyst
Timothy O. Perez,155511703,1st Year,20262704,Delta Team,Developer
Jennifer K. Lopez,155511704,1st Year,20262705,Alpha Team,Designer
Christopher N. Reddy,155511705,1st Year,20262706,Beta Team,Coordinator
Linda E. Kapoor,155511706,1st Year,20262707,Gamma Team,Secretary
Isha W. Moore,155511707,1st Year,20262708,Delta Team,Treasurer
Christopher K. Williams,155511708,1st Year,20262709,Alpha Team,Vice-Leader
Kabir V. Martin,155511709,1st Year,20262710,Beta Team,Member
Barbara L. Lee,155511710,1st Year,20262711,Gamma Team,Leader
Kabir V. Hernandez,155511711,1st Year,20262712,Delta Team,Member
Isha D. Jackson,155511712,1st Year,20262713,Alpha Team,Analyst
Donna E. Patel,155511713,1st Year,20262714,Beta Team,Developer
Barbara U. Patel,155511714,1st Year,20262715,Gamma Team,Designer
Matthew C. Joshi,155511715,1st Year,20262716,Delta Team,Coordinator
Emily B. Jackson,155511716,1st Year,20262717,Alpha Team,Secretary
Melissa H. Mehta,155511717,1st Year,20262718,Beta Team,Treasurer
Karen J. Sharma,155511718,1st Year,20262719,Gamma Team,Vice-Leader
John L. Perez,155511719,1st Year,20262720,Delta Team,Member
Aarav I. Johnson,155511720,1st Year,20262721,Alpha Team,Leader
Christopher V. Iyer,155511721,1st Year,20262722,Beta Team,Member
Patricia X. Brown,155511722,1st Year,20262723,Gamma Team,Analyst
Vihaan X. Iyer,155511723,1st Year,20262724,Delta Team,Developer
Matthew Y. Lopez,155511724,1st Year,20262725,Alpha Team,Designer
Ashley F. Johnson,155511725,1st Year,20262726,Beta Team,Coordinator
Isha O. Nair,155511726,1st Year,20262727,Gamma Team,Secretary
John N. Garcia,155511727,1st Year,20262728,Delta Team,Treasurer
Michael U. Rao,155511728,1st Year,20262729,Alpha Team,Vice-Leader
Matthew L. Lee,155511729,1st Year,20262730,Beta Team,Member
Thomas T. Martin,155511730,1st Year,20262731,Gamma Team,Leader
Isha H. Thomas,155511731,1st Year,20262732,Delta Team,Member
Lisa E. Sharma,155511732,1st Year,20262733,Alpha Team,Analyst
William S. Robinson,155511733,1st Year,20262734,Beta Team,Developer
Robert E. Jones,155511734,1st Year,20262735,Gamma Team,Designer
John G. White,155511735,1st Year,20262736,Delta Team,Coordinator
Melissa G. Martinez,155511736,1st Year,20262737,Alpha Team,Secretary
Jessica Q. Lee,155511737,1st Year,20262738,Beta Team,Treasurer
Andrew R. Williams,155511738,1st Year,20262739,Gamma Team,Vice-Leader
Andrew Q. Garcia,155511739,1st Year,20262740,Delta Team,Member
Carol M. Rao,155511740,1st Year,20262741,Alpha Team,Leader
Dev I. Lewis,155511741,1st Year,20262742,Beta Team,Member
William V. Jones,155511742,1st Year,20262743,Gamma Team,Analyst
Kenneth I. White,155511743,1st Year,20262744,Delta Team,Developer
Sandra E. Mehta,155511744,1st Year,20262745,Alpha Team,Designer
Nancy I. Clark,155511745,1st Year,20262746,Beta Team,Coordinator
Jennifer R. Perez,155511746,1st Year,20262747,Gamma Team,Secretary
James A. Anderson,155511747,1st Year,20262748,Delta Team,Treasurer
Kimberly G. Perez,155511748,1st Year,20262749,Alpha Team,Vice-Leader
Thomas S. Rao,155511749,1st Year,20262750,Beta Team,Member
Patricia F. Lopez,155511750,1st Year,20262751,Gamma Team,Leader
Michael X. Miller,155511751,1st Year,20262752,Delta Team,Member
Karen D. Thompson,155511752,1st Year,20262753,Alpha Team,Analyst
Mary I. Lee,155511753,1st Year,20262754,Beta Team,Developer
Kevin E. Robinson,155511754,1st Year,20262755,Gamma Team,Designer
Sarah W. White,155511755,1st Year,20262756,Delta Team,Coordinator
Zara I. Kapoor,155511756,1st Year,20262757,Alpha Team,Secretary
Aarav T. Mehta,155511757,1st Year,20262758,Beta Team,Treasurer
Kevin Z. Johnson,155511758,1st Year,20262759,Gamma Team,Vice-Leader
Barbara B. Jackson,155511759,1st Year,20262760,Delta Team,Member
Kabir S. Jones,155511760,1st Year,20262761,Alpha Team,Leader
Andrew K. Reddy,155511761,1st Year,20262762,Beta Team,Member
Joshua T. Williams,155511762,1st Year,20262763,Gamma Team,Analyst
Zara B. Mehta,155511763,1st Year,20262764,Delta Team,Developer
Michael R. Ramirez,155511764,1st Year,20262765,Alpha Team,Designer
Donna D. Jackson,155511765,1st Year,20262766,Beta Team,Coordinator
John O. Clark,155511766,1st Year,20262767,Gamma Team,Secretary
Donna W. Davis,155511767,1st Year,20262768,Delta Team,Treasurer
William V. Gonzalez,155511768,1st Year,20262769,Alpha Team,Vice-Leader
Melissa L. Iyer,155511769,1st Year,20262770,Beta Team,Member
Ronald M. Rao,155511770,1st Year,20262771,Gamma Team,Leader
Anthony B. Thompson,155511771,1st Year,20262772,Delta Team,Member
Joseph M. Miller,155511772,1st Year,20262773,Alpha Team,Analyst
Robert W. White,155511773,1st Year,20262774,Beta Team,Developer
Linda V. Kapoor,155511774,1st Year,20262775,Gamma Team,Designer
Dorothy L. Clark,155511775,1st Year,20262776,Delta Team,Coordinator
Nancy B. Williams,155511776,1st Year,20262777,Alpha Team,Secretary
Joshua Q. Martinez,155511777,1st Year,20262778,Beta Team,Treasurer
Ronald T. Rodriguez,155511778,1st Year,20262779,Gamma Team,Vice-Leader
Andrew P. Martin,155511779,1st Year,20262780,Delta Team,Member
Ronald X. Miller,155511780,1st Year,20262781,Alpha Team,Leader
David R. Rao,155511781,1st Year,20262782,Beta Team,Member
Joshua U. Davis,155511782,1st Year,20262783,Gamma Team,Analyst
Barbara S. Thomas,155511783,1st Year,20262784,Delta Team,Developer
Barbara C. Jones,155511784,1st Year,20262785,Alpha Team,Designer
David W. Brown,155511785,1st Year,20262786,Beta Team,Coordinator
Robert O. Gonzalez,155511786,1st Year,20262787,Gamma Team,Secretary
Kevin E. White,155511787,1st Year,20262788,Delta Team,Treasurer
Daniel L. Thompson,155511788,1st Year,20262789,Alpha Team,Vice-Leader
Brian V. Thomas,155511789,1st Year,20262790,Beta Team,Member
Aarav E. Martinez,155511790,1st Year,20262791,Gamma Team,Leader
Linda L. Harris,155511791,1st Year,20262792,Delta Team,Member
Timothy N. Gonzalez,155511792,1st Year,20262793,Alpha Team,Analyst
Kevin J. Taylor,155511793,1st Year,20262794,Beta Team,Developer
Betty B. Anderson,155511794,1st Year,20262795,Gamma Team,Designer
Paul O. Iyer,155511795,1st Year,20262796,Delta Team,Coordinator
Deborah W. Lee,155511796,1st Year,20262797,Alpha Team,Secretary
Steven P. Iyer,155511797,1st Year,20262798,Beta Team,Treasurer
Amanda P. Thomas,155511798,1st Year,20262799,Gamma Team,Vice-Leader
Amanda R. Lee,155511799,1st Year,20262800,Delta Team,Member
Nancy T. Garcia,155511800,1st Year,20262801,Alpha Team,Leader
Sarah I. Sanchez,155511801,1st Year,20262802,Beta Team,Member
Christopher G. Lewis,155511802,1st Year,20262803,Gamma Team,Analyst
Susan L. Lee,155511803,1st Year,20262804,Delta Team,Developer
Zara Z. Thomas,155511804,1st Year,20262805,Alpha Team,Designer
Riya O. Perez,155511805,1st Year,20262806,Beta Team,Coordinator
Joseph O. Kapoor,155511806,1st Year,20262807,Gamma Team,Secretary
Mary G. Nair,155511807,1st Year,20262808,Delta Team,Treasurer
Elizabeth U. Clark,155511808,1st Year,20262809,Alpha Team,Vice-Leader
Dev K. Patel,155511809,1st Year,20262810,Beta Team,Member
Kenneth C. Sen,155511810,1st Year,20262811,Gamma Team,Leader
John B. Joshi,155511811,1st Year,20262812,Delta Team,Member
Ronald V. Thompson,155511812,1st Year,20262813,Alpha Team,Analyst
Sai B. Williams,155511813,1st Year,20262814,Beta Team,Developer
Joseph U. Robinson,155511814,1st Year,20262815,Gamma Team,Designer
Sarah K. Wilson,155511815,1st Year,20262816,Delta Team,Coordinator
Susan F. Jones,155511816,1st Year,20262817,Alpha Team,Secretary
Ronald K. Johnson,155511817,1st Year,20262818,Beta Team,Treasurer
Lisa E. Brown,155511818,1st Year,20262819,Gamma Team,Vice-Leader
Michael L. Smith,155511819,1st Year,20262820,Delta Team,Member
Anthony E. Anderson,155511820,1st Year,20262821,Alpha Team,Leader
Ananya F. Hernandez,155511821,1st Year,20262822,Beta Team,Member
Deborah G. Clark,155511822,1st Year,20262823,Gamma Team,Analyst
Kenneth R. Patel,155511823,1st Year,20262824,Delta Team,Developer
Matthew Z. Jones,155511824,1st Year,20262825,Alpha Team,Designer
Donald L. Sanchez,155511825,1st Year,20262826,Beta Team,Coordinator
Aarav J. Iyer,155511826,1st Year,20262827,Gamma Team,Secretary
Steven G. Martinez,155511827,1st Year,20262828,Delta Team,Treasurer
Barbara X. Patel,155511828,1st Year,20262829,Alpha Team,Vice-Leader
James M. Brown,155511829,1st Year,20262830,Beta Team,Member
Dorothy A. Martin,155511830,1st Year,20262831,Gamma Team,Leader
Patricia X. Kapoor,155511831,1st Year,20262832,Delta Team,Member
Kevin Q. Garcia,155511832,1st Year,20262833,Alpha Team,Analyst
Linda C. Rodriguez,155511833,1st Year,20262834,Beta Team,Developer
Joseph T. Rodriguez,155511834,1st Year,20262835,Gamma Team,Designer
Ronald W. Thomas,155511835,1st Year,20262836,Delta Team,Coordinator
Joshua B. Sanchez,155511836,1st Year,20262837,Alpha Team,Secretary
Paul L. Rao,155511837,1st Year,20262838,Beta Team,Treasurer
Meera C. Patel,155511838,1st Year,20262839,Gamma Team,Vice-Leader
Donald R. Davis,155511839,1st Year,20262840,Delta Team,Member
Mark S. Jones,155511840,1st Year,20262841,Alpha Team,Leader
Jennifer P. Davis,155511841,1st Year,20262842,Beta Team,Member
Susan S. Gonzalez,155511842,1st Year,20262843,Gamma Team,Analyst
Mary P. Lee,155511843,1st Year,20262844,Delta Team,Developer
Thomas V. Taylor,155511844,1st Year,20262845,Alpha Team,Designer
Nancy E. Sanchez,155511845,1st Year,20262846,Beta Team,Coordinator
William T. Moore,155511846,1st Year,20262847,Gamma Team,Secretary
Kimberly W. Jackson,155511847,1st Year,20262848,Delta Team,Treasurer
Robert G. Reddy,155511848,1st Year,20262849,Alpha Team,Vice-Leader
Margaret L. Thomas,155511849,1st Year,20262850,Beta Team,Member
Ananya S. Moore,155511850,1st Year,20262851,Gamma Team,Leader
Ananya A. Rodriguez,155511851,1st Year,20262852,Delta Team,Member
Lisa S. Jones,155511852,1st Year,20262853,Alpha Team,Analyst
Kenneth U. Lopez,155511853,1st Year,20262854,Beta Team,Developer
Andrew D. Harris,155511854,1st Year,20262855,Gamma Team,Designer
Sarah D. Thomas,155511855,1st Year,20262856,Delta Team,Coordinator
Isha K. Patel,155511856,1st Year,20262857,Alpha Team,Secretary
Thomas S. Smith,155511857,1st Year,20262858,Beta Team,Treasurer
Amanda E. Gonzalez,155511858,1st Year,20262859,Gamma Team,Vice-Leader
Ananya K. Jackson,155511859,1st Year,20262860,Delta Team,Member
Jennifer W. Thompson,155511860,1st Year,20262861,Alpha Team,Leader
Mary W. Reddy,155511861,1st Year,20262862,Beta Team,Member
Kevin O. Patel,155511862,1st Year,20262863,Gamma Team,Analyst
Aarav L. Garcia,155511863,1st Year,20262864,Delta Team,Developer
Patricia B. White,155511864,1st Year,20262865,Alpha Team,Designer
Elizabeth I. Harris,155511865,1st Year,20262866,Beta Team,Coordinator
Ashley U. Sen,155511866,1st Year,20262867,Gamma Team,Secretary
Mark H. Lewis,155511867,1st Year,20262868,Delta Team,Treasurer
Melissa N. Reddy,155511868,1st Year,20262869,Alpha Team,Vice-Leader
Sandra D. Jones,155511869,1st Year,20262870,Beta Team,Member
Elizabeth X. Robinson,155511870,1st Year,20262871,Gamma Team,Leader
Ananya K. Johnson,155511871,1st Year,20262872,Delta Team,Member
Elizabeth A. Sen,155511872,1st Year,20262873,Alpha Team,Analyst
Daniel U. Nair,155511873,1st Year,20262874,Beta Team,Developer
Kabir M. Martin,155511874,1st Year,20262875,Gamma Team,Designer
Daniel S. Martinez,155511875,1st Year,20262876,Delta Team,Coordinator
Dev B. Sanchez,155511876,1st Year,20262877,Alpha Team,Secretary
Anthony O. Nair,155511877,1st Year,20262878,Beta Team,Treasurer
Dev D. Joshi,155511878,1st Year,20262879,Gamma Team,Vice-Leader
Isha C. Sen,155511879,1st Year,20262880,Delta Team,Member
David M. Mehta,155511880,1st Year,20262881,Alpha Team,Leader
Mark V. Lewis,155511881,1st Year,20262882,Beta Team,Member
Jennifer N. Johnson,155511882,1st Year,20262883,Gamma Team,Analyst
Linda N. Anderson,155511883,1st Year,20262884,Delta Team,Developer
Isha Q. Sanchez,155511884,1st Year,20262885,Alpha Team,Designer
Kenneth R. Lopez,155511885,1st Year,20262886,Beta Team,Coordinator
Kabir P. Brown,155511886,1st Year,20262887,Gamma Team,Secretary
Donald R. Thomas,155511887,1st Year,20262888,Delta Team,Treasurer
Jennifer K. Perez,155511888,1st Year,20262889,Alpha Team,Vice-Leader
Matthew S. Hernandez,155511889,1st Year,20262890,Beta Team,Member
Joshua N. Rodriguez,155511890,1st Year,20262891,Gamma Team,Leader
Joshua V. Martin,155511891,1st Year,20262892,Delta Team,Member
Sai D. Ramirez,155511892,1st Year,20262893,Alpha Team,Analyst
Dev U. Clark,155511893,1st Year,20262894,Beta Team,Developer
Kevin M. Robinson,155511894,1st Year,20262895,Gamma Team,Designer
Elizabeth E. Moore,155511895,1st Year,20262896,Delta Team,Coordinator
Paul V. White,155511896,1st Year,20262897,Alpha Team,Secretary
Margaret S. Ramirez,155511897,1st Year,20262898,Beta Team,Treasurer
Emily W. Nair,155511898,1st Year,20262899,Gamma Team,Vice-Leader
Donna A. Lee,155511899,1st Year,20262900,Delta Team,Member
Donna V. Ramirez,155511900,1st Year,20262901,Alpha Team,Leader
Riya R. Martinez,155511901,1st Year,20262902,Beta Team,Member
Aarav V. Clark,155511902,1st Year,20262903,Gamma Team,Analyst
Linda X. Sanchez,155511903,1st Year,20262904,Delta Team,Developer
Sai P. Davis,155511904,1st Year,20262905,Alpha Team,Designer
Dorothy Z. Jones,155511905,1st Year,20262906,Beta Team,Coordinator
Melissa X. Williams,155511906,1st Year,20262907,Gamma Team,Secretary
Joseph W. Harris,155511907,1st Year,20262908,Delta Team,Treasurer
Paul D. Lee,155511908,1st Year,20262909,Alpha Team,Vice-Leader
Isha E. Thomas,155511909,1st Year,20262910,Beta Team,Member
James W. Sen,155511910,1st Year,20262911,Gamma Team,Leader
Dev A. Hernandez,155511911,1st Year,20262912,Delta Team,Member
Brian K. Harris,155511912,1st Year,20262913,Alpha Team,Analyst
Kenneth L. Lewis,155511913,1st Year,20262914,Beta Team,Developer
Brian Y. Sharma,155511914,1st Year,20262915,Gamma Team,Designer
Betty S. Anderson,155511915,1st Year,20262916,Delta Team,Coordinator
David H. Miller,155511916,1st Year,20262917,Alpha Team,Secretary
Kenneth A. Kapoor,155511917,1st Year,20262918,Beta Team,Treasurer
James O. Martinez,155511918,1st Year,20262919,Gamma Team,Vice-Leader
Meera C. Hernandez,155511919,1st Year,20262920,Delta Team,Member
Dev K. Thomas,155511920,1st Year,20262921,Alpha Team,Leader
Vihaan W. Gonzalez,155511921,1st Year,20262922,Beta Team,Member
Charles L. Thompson,155511922,1st Year,20262923,Gamma Team,Analyst
Richard V. Reddy,155511923,1st Year,20262924,Delta Team,Developer
Jessica Q. Brown,155511924,1st Year,20262925,Alpha Team,Designer
Isha O. White,155511925,1st Year,20262926,Beta Team,Coordinator
Ronald D. Ramirez,155511926,1st Year,20262927,Gamma Team,Secretary
Riya G. Rodriguez,155511927,1st Year,20262928,Delta Team,Treasurer
Andrew W. Thomas,155511928,1st Year,20262929,Alpha Team,Vice-Leader
Kevin X. Garcia,155511929,1st Year,20262930,Beta Team,Member
Barbara G. Iyer,155511930,1st Year,20262931,Gamma Team,Leader
Deborah J. Nair,155511931,1st Year,20262932,Delta Team,Member
Kabir X. Williams,155511932,1st Year,20262933,Alpha Team,Analyst
Jessica E. Williams,155511933,1st Year,20262934,Beta Team,Developer
Kenneth Q. Anderson,155511934,1st Year,20262935,Gamma Team,Designer
Nancy M. Iyer,155511935,1st Year,20262936,Delta Team,Coordinator
Amanda F. Reddy,155511936,1st Year,20262937,Alpha Team,Secretary
Paul M. Robinson,155511937,1st Year,20262938,Beta Team,Treasurer
James J. Martin,155511938,1st Year,20262939,Gamma Team,Vice-Leader
Amanda O. Rao,155511939,1st Year,20262940,Delta Team,Member
Daniel H. Clark,155511940,1st Year,20262941,Alpha Team,Leader
Deborah N. Joshi,155511941,1st Year,20262942,Beta Team,Member
David L. Davis,155511942,1st Year,20262943,Gamma Team,Analyst
Melissa D. Mehta,155511943,1st Year,20262944,Delta Team,Developer
Vihaan A. Lee,155511944,1st Year,20262945,Alpha Team,Designer
Sandra T. Wilson,155511945,1st Year,20262946,Beta Team,Coordinator
Meera U. Moore,155511946,1st Year,20262947,Gamma Team,Secretary
Timothy L. Clark,155511947,1st Year,20262948,Delta Team,Treasurer
Emily L. Gonzalez,155511948,1st Year,20262949,Alpha Team,Vice-Leader
Patricia F. Miller,155511949,1st Year,20262950,Beta Team,Member
Kabir S. Nair,155511950,1st Year,20262951,Gamma Team,Leader
Sai M. Lee,155511951,1st Year,20262952,Delta Team,Member
Steven I. Jones,155511952,1st Year,20262953,Alpha Team,Analyst
Patricia E. Garcia,155511953,1st Year,20262954,Beta Team,Developer
Ananya Y. Mehta,155511954,1st Year,20262955,Gamma Team,Designer
Carol J. Brown,155511955,1st Year,20262956,Delta Team,Coordinator
Karen S. Lopez,155511956,1st Year,20262957,Alpha Team,Secretary
Paul F. Wilson,155511957,1st Year,20262958,Beta Team,Treasurer
Elizabeth C. Gonzalez,155511958,1st Year,20262959,Gamma Team,Vice-Leader
David S. Martin,155511959,1st Year,20262960,Delta Team,Member
Sarah C. Williams,155511960,1st Year,20262961,Alpha Team,Leader
Lisa F. Sanchez,155511961,1st Year,20262962,Beta Team,Member
Patricia Q. Reddy,155511962,1st Year,20262963,Gamma Team,Analyst
William S. Lee,155511963,1st Year,20262964,Delta Team,Developer
Paul R. Hernandez,155511964,1st Year,20262965,Alpha Team,Designer
Joshua C. Taylor,155511965,1st Year,20262966,Beta Team,Coordinator
Jessica E. Rao,155511966,1st Year,20262967,Gamma Team,Secretary
Kabir M. Robinson,155511967,1st Year,20262968,Delta Team,Treasurer
Patricia K. Miller,155511968,1st Year,20262969,Alpha Team,Vice-Leader
Christopher T. Thompson,155511969,1st Year,20262970,Beta Team,Member
Elizabeth L. Lewis,155511970,1st Year,20262971,Gamma Team,Leader
Michelle G. Taylor,155511971,1st Year,20262972,Delta Team,Member
Karen U. Patel,155511972,1st Year,20262973,Alpha Team,Analyst
Amanda M. Martinez,155511973,1st Year,20262974,Beta Team,Developer
Carol C. Sen,155511974,1st Year,20262975,Gamma Team,Designer
Linda F. Rao,155511975,1st Year,20262976,Delta Team,Coordinator
Kenneth J. Smith,155511976,1st Year,20262977,Alpha Team,Secretary
Charles I. Martin,155511977,1st Year,20262978,Beta Team,Treasurer
Timothy Z. Garcia,155511978,1st Year,20262979,Gamma Team,Vice-Leader
Ashley X. Moore,155511979,1st Year,20262980,Delta Team,Member
Margaret L. Jones,155511980,1st Year,20262981,Alpha Team,Leader
Ashley K. Anderson,155511981,1st Year,20262982,Beta Team,Member
Charles W. Jackson,155511982,1st Year,20262983,Gamma Team,Analyst
Michelle I. Patel,155511983,1st Year,20262984,Delta Team,Developer
Sarah C. Garcia,155511984,1st Year,20262985,Alpha Team,Designer
Andrew G. Kapoor,155511985,1st Year,20262986,Beta Team,Coordinator
Brian W. Martin,155511986,1st Year,20262987,Gamma Team,Secretary
Sarah A. Moore,155511987,1st Year,20262988,Delta Team,Treasurer
Brian S. Moore,155511988,1st Year,20262989,Alpha Team,Vice-Leader
Sarah U. Lee,155511989,1st Year,20262990,Beta Team,Member
Brian Q. Garcia,155511990,1st Year,20262991,Gamma Team,Leader
Sandra I. Lopez,155511991,1st Year,20262992,Delta Team,Member
Michelle I. Harris,155511992,1st Year,20262993,Alpha Team,Analyst
Sarah O. Lopez,155511993,1st Year,20262994,Beta Team,Developer
Donna F. Martin,155511994,1st Year,20262995,Gamma Team,Designer
Matthew Z. Sen,155511995,1st Year,20262996,Delta Team,Coordinator
Zara I. Ramirez,155511996,1st Year,20262997,Alpha Team,Secretary
Jennifer Y. Moore,155511997,1st Year,20262998,Beta Team,Treasurer
Jessica D. Thompson,155511998,1st Year,20262999,Gamma Team,Vice-Leader
Timothy D. Joshi,155511999,1st Year,20263000,Delta Team,Member
Nancy X. Lopez,155512000,1st Year,20263001,Alpha Team,Leader
Sarah C. Ramirez,155512001,1st Year,20263002,Beta Team,Member
Daniel P. Nair,155512002,1st Year,20263003,Gamma Team,Analyst
Isha F. Brown,155512003,1st Year,20263004,Delta Team,Developer
Jessica E. Rodriguez,155512004,1st Year,20263005,Alpha Team,Designer
Emily C. Thompson,155512005,1st Year,20263006,Beta Team,Coordinator
Margaret G. Jackson,155512006,1st Year,20263007,Gamma Team,Secretary
Carol J. Harris,155512007,1st Year,20263008,Delta Team,Treasurer
Matthew G. Joshi,155512008,1st Year,20263009,Alpha Team,Vice-Leader
Aarav J. Smith,155512009,1st Year,20263010,Beta Team,Member
Susan G. Johnson,155512010,1st Year,20263011,Gamma Team,Leader
Matthew R. Harris,155512011,1st Year,20263012,Delta Team,Member
Linda G. Sen,155512012,1st Year,20263013,Alpha Team,Analyst
William W. Martinez,155512013,1st Year,20263014,Beta Team,Developer
Melissa H. Lewis,155512014,1st Year,20263015,Gamma Team,Designer
Meera P. Thomas,155512015,1st Year,20263016,Delta Team,Coordinator
Emily A. Thomas,155512016,1st Year,20263017,Alpha Team,Secretary
Linda A. Rao,155512017,1st Year,20263018,Beta Team,Treasurer
Richard A. Jones,155512018,1st Year,20263019,Gamma Team,Vice-Leader
Vihaan C. Thomas,155512019,1st Year,20263020,Delta Team,Member
Amanda R. Brown,155512020,1st Year,20263021,Alpha Team,Leader
Patricia K. Perez,155512021,1st Year,20263022,Beta Team,Member
Timothy T. White,155512022,1st Year,20263023,Gamma Team,Analyst
Vihaan L. Hernandez,155512023,1st Year,20263024,Delta Team,Developer
Christopher J. Lewis,155512024,1st Year,20263025,Alpha Team,Designer
Joseph J. Moore,155512025,1st Year,20263026,Beta Team,Coordinator
Charles M. Joshi,155512026,1st Year,20263027,Gamma Team,Secretary
Barbara H. Davis,155512027,1st Year,20263028,Delta Team,Treasurer
Zara E. Sen,155512028,1st Year,20263029,Alpha Team,Vice-Leader
Emily X. Rao,155512029,1st Year,20263030,Beta Team,Member
Betty Z. Patel,155512030,1st Year,20263031,Gamma Team,Leader
Thomas T. Mehta,155512031,1st Year,20263032,Delta Team,Member
John V. Clark,155512032,1st Year,20263033,Alpha Team,Analyst
Kimberly E. Thomas,155512033,1st Year,20263034,Beta Team,Developer
Mark D. Lee,155512034,1st Year,20263035,Gamma Team,Designer
Steven B. Rao,155512035,1st Year,20263036,Delta Team,Coordinator
Emily E. Patel,155512036,1st Year,20263037,Alpha Team,Secretary
Daniel S. Sharma,155512037,1st Year,20263038,Beta Team,Treasurer
James T. Martinez,155512038,1st Year,20263039,Gamma Team,Vice-Leader
Michelle S. Reddy,155512039,1st Year,20263040,Delta Team,Member
Dorothy H. Thomas,155512040,1st Year,20263041,Alpha Team,Leader
Donna N. Lee,155512041,1st Year,20263042,Beta Team,Member
Ronald U. Clark,155512042,1st Year,20263043,Gamma Team,Analyst
Donald P. Lopez,155512043,1st Year,20263044,Delta Team,Developer
Andrew A. Kapoor,155512044,1st Year,20263045,Alpha Team,Designer
Susan J. Lewis,155512045,1st Year,20263046,Beta Team,Coordinator
Betty Z. Harris,155512046,1st Year,20263047,Gamma Team,Secretary
Lisa O. Ramirez,155512047,1st Year,20263048,Delta Team,Treasurer
Meera C. Joshi,155512048,1st Year,20263049,Alpha Team,Vice-Leader
Robert D. Joshi,155512049,1st Year,20263050,Beta Team,Member
Kevin R. Sharma,155512050,1st Year,20263051,Gamma Team,Leader
Richard G. Martinez,155512051,1st Year,20263052,Delta Team,Member
Donald Q. Reddy,155512052,1st Year,20263053,Alpha Team,Analyst
Ananya G. Williams,155512053,1st Year,20263054,Beta Team,Developer
Carol Q. Thompson,155512054,1st Year,20263055,Gamma Team,Designer
Zara G. Jones,155512055,1st Year,20263056,Delta Team,Coordinator
Isha G. Joshi,155512056,1st Year,20263057,Alpha Team,Secretary
Melissa Y. Joshi,155512057,1st Year,20263058,Beta Team,Treasurer
Christopher Z. Hernandez,155512058,1st Year,20263059,Gamma Team,Vice-Leader
Robert E. Iyer,155512059,1st Year,20263060,Delta Team,Member
Melissa N. Martin,155512060,1st Year,20263061,Alpha Team,Leader
Anthony E. Ramirez,155512061,1st Year,20263062,Beta Team,Member
Karen I. Thomas,155512062,1st Year,20263063,Gamma Team,Analyst
Richard V. Sanchez,155512063,1st Year,20263064,Delta Team,Developer
Margaret K. Williams,155512064,1st Year,20263065,Alpha Team,Designer
Patricia C. Martin,155512065,1st Year,20263066,Beta Team,Coordinator
Emily F. Sen,155512066,1st Year,20263067,Gamma Team,Secretary
Charles D. Perez,155512067,1st Year,20263068,Delta Team,Treasurer
Ananya F. Nair,155512068,1st Year,20263069,Alpha Team,Vice-Leader
Michael G. Thomas,155512069,1st Year,20263070,Beta Team,Member
Mark Z. Thompson,155512070,1st Year,20263071,Gamma Team,Leader
Linda P. Robinson,155512071,1st Year,20263072,Delta Team,Member
Richard G. Gonzalez,155512072,1st Year,20263073,Alpha Team,Analyst
Emily D. Garcia,155512073,1st Year,20263074,Beta Team,Developer
Nancy O. Lopez,155512074,1st Year,20263075,Gamma Team,Designer
Karen I. Hernandez,155512075,1st Year,20263076,Delta Team,Coordinator
Mark S. Rodriguez,155512076,1st Year,20263077,Alpha Team,Secretary
Melissa D. Thomas,155512077,1st Year,20263078,Beta Team,Treasurer
Dorothy J. Clark,155512078,1st Year,20263079,Gamma Team,Vice-Leader
Matthew F. Moore,155512079,1st Year,20263080,Delta Team,Member
David H. Perez,155512080,1st Year,20263081,Alpha Team,Leader
Betty N. Clark,155512081,1st Year,20263082,Beta Team,Member
Zara D. Kapoor,155512082,1st Year,20263083,Gamma Team,Analyst
Deborah X. Thompson,155512083,1st Year,20263084,Delta Team,Developer
William A. Lopez,155512084,1st Year,20263085,Alpha Team,Designer
David B. Martin,155512085,1st Year,20263086,Beta Team,Coordinator
David B. Sen,155512086,1st Year,20263087,Gamma Team,Secretary
Zara C. Brown,155512087,1st Year,20263088,Delta Team,Treasurer
Ronald R. Gonzalez,155512088,1st Year,20263089,Alpha Team,Vice-Leader
Margaret B. Rodriguez,155512089,1st Year,20263090,Beta Team,Member
Lisa H. Sharma,155512090,1st Year,20263091,Gamma Team,Leader
James H. Jackson,155512091,1st Year,20263092,Delta Team,Member
Margaret S. Robinson,155512092,1st Year,20263093,Alpha Team,Analyst
Mark E. Rodriguez,155512093,1st Year,20263094,Beta Team,Developer
Ronald D. Robinson,155512094,1st Year,20263095,Gamma Team,Designer
Andrew I. Rodriguez,155512095,1st Year,20263096,Delta Team,Coordinator
Vihaan L. Johnson,155512096,1st Year,20263097,Alpha Team,Secretary
Joshua P. Brown,155512097,1st Year,20263098,Beta Team,Treasurer
Matthew R. Lee,155512098,1st Year,20263099,Gamma Team,Vice-Leader
Donald Y. White,155512099,1st Year,20263100,Delta Team,Member
Kabir X. Lopez,155512100,1st Year,20263101,Alpha Team,Leader
Matthew J. Martinez,155512101,1st Year,20263102,Beta Team,Member
Thomas H. Joshi,155512102,1st Year,20263103,Gamma Team,Analyst
Sarah B. Rodriguez,155512103,1st Year,20263104,Delta Team,Developer
Andrew S. Smith,155512104,1st Year,20263105,Alpha Team,Designer
Mary Y. Iyer,155512105,1st Year,20263106,Beta Team,Coordinator
Richard A. Robinson,155512106,1st Year,20263107,Gamma Team,Secretary
Matthew N. Iyer,155512107,1st Year,20263108,Delta Team,Treasurer
Steven N. Mehta,155512108,1st Year,20263109,Alpha Team,Vice-Leader
Dorothy O. Lee,155512109,1st Year,20263110,Beta Team,Member
Emily K. Sanchez,155512110,1st Year,20263111,Gamma Team,Leader
Sandra T. Hernandez,155512111,1st Year,20263112,Delta Team,Member
Michael I. Martinez,155512112,1st Year,20263113,Alpha Team,Analyst
Michael N. Iyer,155512113,1st Year,20263114,Beta Team,Developer
John Y. Patel,155512114,1st Year,20263115,Gamma Team,Designer
Ananya S. Perez,155512115,1st Year,20263116,Delta Team,Coordinator
Jessica Y. Moore,155512116,1st Year,20263117,Alpha Team,Secretary
Steven R. White,155512117,1st Year,20263118,Beta Team,Treasurer
Meera G. Hernandez,155512118,1st Year,20263119,Gamma Team,Vice-Leader
Karen Y. Mehta,155512119,1st Year,20263120,Delta Team,Member
Elizabeth Z. Joshi,155512120,1st Year,20263121,Alpha Team,Leader
William M. Lopez,155512121,1st Year,20263122,Beta Team,Member
Karen P. Gonzalez,155512122,1st Year,20263123,Gamma Team,Analyst
Nancy X. Clark,155512123,1st Year,20263124,Delta Team,Developer
Paul K. Lewis,155512124,1st Year,20263125,Alpha Team,Designer
Mary Y. Nair,155512125,1st Year,20263126,Beta Team,Coordinator
Mary J. Davis,155512126,1st Year,20263127,Gamma Team,Secretary
Jennifer X. Ramirez,155512127,1st Year,20263128,Delta Team,Treasurer
Michelle S. Thompson,155512128,1st Year,20263129,Alpha Team,Vice-Leader
Michelle S. Rao,155512129,1st Year,20263130,Beta Team,Member
Nancy N. Thomas,155512130,1st Year,20263131,Gamma Team,Leader
Donald Y. Rao,155512131,1st Year,20263132,Delta Team,Member
Lisa T. Taylor,155512132,1st Year,20263133,Alpha Team,Analyst
Ronald M. Thomas,155512133,1st Year,20263134,Beta Team,Developer
Mary S. Martinez,155512134,1st Year,20263135,Gamma Team,Designer
Kevin I. Thomas,155512135,1st Year,20263136,Delta Team,Coordinator
Ananya A. Harris,155512136,1st Year,20263137,Alpha Team,Secretary
Deborah N. Lee,155512137,1st Year,20263138,Beta Team,Treasurer
Riya X. Hernandez,155512138,1st Year,20263139,Gamma Team,Vice-Leader
Sandra G. Harris,155512139,1st Year,20263140,Delta Team,Member
Zara M. Sharma,155512140,1st Year,20263141,Alpha Team,Leader
Donna U. Martin,155512141,1st Year,20263142,Beta Team,Member
Karen Z. Nair,155512142,1st Year,20263143,Gamma Team,Analyst
Michelle X. Gonzalez,155512143,1st Year,20263144,Delta Team,Developer
Patricia N. Harris,155512144,1st Year,20263145,Alpha Team,Designer
Brian P. Thompson,155512145,1st Year,20263146,Beta Team,Coordinator
James N. Miller,155512146,1st Year,20263147,Gamma Team,Secretary
Patricia Q. Gonzalez,155512147,1st Year,20263148,Delta Team,Treasurer
Emily T. Sen,155512148,1st Year,20263149,Alpha Team,Vice-Leader
Carol K. Martinez,155512149,1st Year,20263150,Beta Team,Member
Linda I. Johnson,155512150,1st Year,20263151,Gamma Team,Leader
Amanda S. Nair,155512151,1st Year,20263152,Delta Team,Member
Barbara W. Joshi,155512152,1st Year,20263153,Alpha Team,Analyst
Sarah G. Sen,155512153,1st Year,20263154,Beta Team,Developer
Patricia H. Harris,155512154,1st Year,20263155,Gamma Team,Designer
Anthony Q. Clark,155512155,1st Year,20263156,Delta Team,Coordinator
Joseph D. Robinson,155512156,1st Year,20263157,Alpha Team,Secretary
Mary G. Garcia,155512157,1st Year,20263158,Beta Team,Treasurer
Ashley Y. Lopez,155512158,1st Year,20263159,Gamma Team,Vice-Leader
John O. Jones,155512159,1st Year,20263160,Delta Team,Member
Matthew X. Rodriguez,155512160,1st Year,20263161,Alpha Team,Leader
Emily M. Lopez,155512161,1st Year,20263162,Beta Team,Member
Carol D. Martinez,155512162,1st Year,20263163,Gamma Team,Analyst
Jessica H. Nair,155512163,1st Year,20263164,Delta Team,Developer
Emily L. Perez,155512164,1st Year,20263165,Alpha Team,Designer
Kevin Z. Sanchez,155512165,1st Year,20263166,Beta Team,Coordinator
Michael Z. Ramirez,155512166,1st Year,20263167,Gamma Team,Secretary
Ronald Q. Lopez,155512167,1st Year,20263168,Delta Team,Treasurer
David F. Joshi,155512168,1st Year,20263169,Alpha Team,Vice-Leader
Anthony R. Davis,155512169,1st Year,20263170,Beta Team,Member
Joseph O. Miller,155512170,1st Year,20263171,Gamma Team,Leader
Donna H. Wilson,155512171,1st Year,20263172,Delta Team,Member
Brian I. Hernandez,155512172,1st Year,20263173,Alpha Team,Analyst
Dorothy O. Thomas,155512173,1st Year,20263174,Beta Team,Developer
Christopher R. Harris,155512174,1st Year,20263175,Gamma Team,Designer
Barbara I. Sen,155512175,1st Year,20263176,Delta Team,Coordinator
Aarav L. Martinez,155512176,1st Year,20263177,Alpha Team,Secretary
Charles M. Anderson,155512177,1st Year,20263178,Beta Team,Treasurer
Michelle W. Brown,155512178,1st Year,20263179,Gamma Team,Vice-Leader
Kenneth D. Patel,155512179,1st Year,20263180,Delta Team,Member
Sarah Y. Smith,155512180,1st Year,20263181,Alpha Team,Leader
Christopher C. Lee,155512181,1st Year,20263182,Beta Team,Member
Charles C. Wilson,155512182,1st Year,20263183,Gamma Team,Analyst
John B. Miller,155512183,1st Year,20263184,Delta Team,Developer
Jessica L. Robinson,155512184,1st Year,20263185,Alpha Team,Designer
Ananya A. Hernandez,155512185,1st Year,20263186,Beta Team,Coordinator
Kabir Z. Jones,155512186,1st Year,20263187,Gamma Team,Secretary
Sandra R. Wilson,155512187,1st Year,20263188,Delta Team,Treasurer
Daniel C. Mehta,155512188,1st Year,20263189,Alpha Team,Vice-Leader
Anthony R. Rao,155512189,1st Year,20263190,Beta Team,Member
Andrew L. Kapoor,155512190,1st Year,20263191,Gamma Team,Leader
Sai C. Perez,155512191,1st Year,20263192,Delta Team,Member
Daniel T. Thompson,155512192,1st Year,20263193,Alpha Team,Analyst
Kabir X. Patel,155512193,1st Year,20263194,Beta Team,Developer
James Y. Patel,155512194,1st Year,20263195,Gamma Team,Designer
Richard O. Garcia,155512195,1st Year,20263196,Delta Team,Coordinator
Ananya F. Harris,155512196,1st Year,20263197,Alpha Team,Secretary
Joshua C. Williams,155512197,1st Year,20263198,Beta Team,Treasurer
Ronald V. Johnson,155512198,1st Year,20263199,Gamma Team,Vice-Leader
Aarav W. Ramirez,155512199,1st Year,20263200,Delta Team,Member
Donna Z. Williams,155512200,1st Year,20263201,Alpha Team,Leader
Karen Y. Jackson,155512201,1st Year,20263202,Beta Team,Member
Jessica S. White,155512202,1st Year,20263203,Gamma Team,Analyst
Karen X. Sen,155512203,1st Year,20263204,Delta Team,Developer
Paul U. Martin,155512204,1st Year,20263205,Alpha Team,Designer
Michael L. Lewis,155512205,1st Year,20263206,Beta Team,Coordinator
Thomas G. Joshi,155512206,1st Year,20263207,Gamma Team,Secretary
Michelle W. Martinez,155512207,1st Year,20263208,Delta Team,Treasurer
Susan A. Sen,155512208,1st Year,20263209,Alpha Team,Vice-Leader
Linda I. Jackson,155512209,1st Year,20263210,Beta Team,Member
Nancy Y. Clark,155512210,1st Year,20263211,Gamma Team,Leader
James U. Martinez,155512211,1st Year,20263212,Delta Team,Member
Donald K. Taylor,155512212,1st Year,20263213,Alpha Team,Analyst
Dev B. Mehta,155512213,1st Year,20263214,Beta Team,Developer
Kimberly I. Clark,155512214,1st Year,20263215,Gamma Team,Designer
Robert H. Brown,155512215,1st Year,20263216,Delta Team,Coordinator
Sai P. Martin,155512216,1st Year,20263217,Alpha Team,Secretary
Michelle Y. Thompson,155512217,1st Year,20263218,Beta Team,Treasurer
Riya L. Thomas,155512218,1st Year,20263219,Gamma Team,Vice-Leader
David Q. Taylor,155512219,1st Year,20263220,Delta Team,Member
Ronald C. Harris,155512220,1st Year,20263221,Alpha Team,Leader
Lisa J. Nair,155512221,1st Year,20263222,Beta Team,Member
Zara L. Garcia,155512222,1st Year,20263223,Gamma Team,Analyst
Meera F. Robinson,155512223,1st Year,20263224,Delta Team,Developer
Jennifer B. Taylor,155512224,1st Year,20263225,Alpha Team,Designer
Deborah G. Ramirez,155512225,1st Year,20263226,Beta Team,Coordinator
Dev M. Clark,155512226,1st Year,20263227,Gamma Team,Secretary
Ronald U. Sen,155512227,1st Year,20263228,Delta Team,Treasurer
Robert D. Taylor,155512228,1st Year,20263229,Alpha Team,Vice-Leader
Ronald I. Gonzalez,155512229,1st Year,20263230,Beta Team,Member
Emily Y. Taylor,155512230,1st Year,20263231,Gamma Team,Leader
Kimberly Y. Gonzalez,155512231,1st Year,20263232,Delta Team,Member
Melissa Q. Thompson,155512232,1st Year,20263233,Alpha Team,Analyst
Michelle O. Joshi,155512233,1st Year,20263234,Beta Team,Developer
Richard Y. Rao,155512234,1st Year,20263235,Gamma Team,Designer
Ashley O. Lopez,155512235,1st Year,20263236,Delta Team,Coordinator
Isha H. Lee,155512236,1st Year,20263237,Alpha Team,Secretary
Melissa N. Rao,155512237,1st Year,20263238,Beta Team,Treasurer
Patricia J. Garcia,155512238,1st Year,20263239,Gamma Team,Vice-Leader
Ananya M. Clark,155512239,1st Year,20263240,Delta Team,Member
Emily Z. Martinez,155512240,1st Year,20263241,Alpha Team,Leader
Aarav U. Rao,155512241,1st Year,20263242,Beta Team,Member
Dev M. Thompson,155512242,1st Year,20263243,Gamma Team,Analyst
Linda M. Jones,155512243,1st Year,20263244,Delta Team,Developer
Aarav S. Kapoor,155512244,1st Year,20263245,Alpha Team,Designer
Riya P. Rao,155512245,1st Year,20263246,Beta Team,Coordinator
William D. Ramirez,155512246,1st Year,20263247,Gamma Team,Secretary
Emily K. Rodriguez,155512247,1st Year,20263248,Delta Team,Treasurer
Kimberly U. Miller,155512248,1st Year,20263249,Alpha Team,Vice-Leader
Anthony H. Jones,155512249,1st Year,20263250,Beta Team,Member
Mary M. Lee,155512250,1st Year,20263251,Gamma Team,Leader
Mary K. Miller,155512251,1st Year,20263252,Delta Team,Member
Patricia Q. Ramirez,155512252,1st Year,20263253,Alpha Team,Analyst
Ronald A. Anderson,155512253,1st Year,20263254,Beta Team,Developer
Amanda C. Hernandez,155512254,1st Year,20263255,Gamma Team,Designer
Michael O. White,155512255,1st Year,20263256,Delta Team,Coordinator
Brian R. Kapoor,155512256,1st Year,20263257,Alpha Team,Secretary
Meera Q. Thomas,155512257,1st Year,20263258,Beta Team,Treasurer
Sarah E. Wilson,155512258,1st Year,20263259,Gamma Team,Vice-Leader
Anthony U. Jones,155512259,1st Year,20263260,Delta Team,Member
Patricia I. Hernandez,155512260,1st Year,20263261,Alpha Team,Leader
Jennifer D. Smith,155512261,1st Year,20263262,Beta Team,Member
Melissa E. Reddy,155512262,1st Year,20263263,Gamma Team,Analyst
Patricia A. Sen,155512263,1st Year,20263264,Delta Team,Developer
Isha F. Rodriguez,155512264,1st Year,20263265,Alpha Team,Designer
Jessica R. Martin,155512265,1st Year,20263266,Beta Team,Coordinator
Kevin B. Smith,155512266,1st Year,20263267,Gamma Team,Secretary
Thomas M. Thomas,155512267,1st Year,20263268,Delta Team,Treasurer
Jessica I. Rao,155512268,1st Year,20263269,Alpha Team,Vice-Leader
Karen J. White,155512269,1st Year,20263270,Beta Team,Member
Elizabeth V. Garcia,155512270,1st Year,20263271,Gamma Team,Leader
Kevin Q. Rodriguez,155512271,1st Year,20263272,Delta Team,Member
Carol K. Jackson,155512272,1st Year,20263273,Alpha Team,Analyst
Matthew T. Thompson,155512273,1st Year,20263274,Beta Team,Developer
Donald A. Mehta,155512274,1st Year,20263275,Gamma Team,Designer
Timothy J. Iyer,155512275,1st Year,20263276,Delta Team,Coordinator
Donna B. Wilson,155512276,1st Year,20263277,Alpha Team,Secretary
Sarah L. Garcia,155512277,1st Year,20263278,Beta Team,Treasurer
David S. Iyer,155512278,1st Year,20263279,Gamma Team,Vice-Leader
Deborah S. Johnson,155512279,1st Year,20263280,Delta Team,Member
Deborah L. Thomas,155512280,1st Year,20263281,Alpha Team,Leader
Sarah P. Clark,155512281,1st Year,20263282,Beta Team,Member
Daniel C. Johnson,155512282,1st Year,20263283,Gamma Team,Analyst
Mark K. Nair,155512283,1st Year,20263284,Delta Team,Developer
Brian M. Clark,155512284,1st Year,20263285,Alpha Team,Designer
Kabir W. Wilson,155512285,1st Year,20263286,Beta Team,Coordinator
Joseph A. Reddy,155512286,1st Year,20263287,Gamma Team,Secretary
Matthew K. Martin,155512287,1st Year,20263288,Delta Team,Treasurer
Timothy R. Kapoor,155512288,1st Year,20263289,Alpha Team,Vice-Leader
Charles Z. Gonzalez,155512289,1st Year,20263290,Beta Team,Member
Carol M. Johnson,155512290,1st Year,20263291,Gamma Team,Leader
Sarah F. Taylor,155512291,1st Year,20263292,Delta Team,Member
Joshua X. Anderson,155512292,1st Year,20263293,Alpha Team,Analyst
Dev Q. Taylor,155512293,1st Year,20263294,Beta Team,Developer
Timothy F. Wilson,155512294,1st Year,20263295,Gamma Team,Designer
Margaret K. Miller,155512295,1st Year,20263296,Delta Team,Coordinator
Margaret E. Reddy,155512296,1st Year,20263297,Alpha Team,Secretary
Joseph J. Thompson,155512297,1st Year,20263298,Beta Team,Treasurer
Anthony F. Reddy,155512298,1st Year,20263299,Gamma Team,Vice-Leader
Michelle T. Anderson,155512299,1st Year,20263300,Delta Team,Member
Ananya G. Hernandez,155512300,1st Year,20263301,Alpha Team,Leader
Riya T. Williams,155512301,1st Year,20263302,Beta Team,Member
James W. Ramirez,155512302,1st Year,20263303,Gamma Team,Analyst
Melissa M. Patel,155512303,1st Year,20263304,Delta Team,Developer
Emily J. Clark,155512304,1st Year,20263305,Alpha Team,Designer
Margaret T. Mehta,155512305,1st Year,20263306,Beta Team,Coordinator
Joseph J. Wilson,155512306,1st Year,20263307,Gamma Team,Secretary
Joseph Y. Harris,155512307,1st Year,20263308,Delta Team,Treasurer
Robert T. Clark,155512308,1st Year,20263309,Alpha Team,Vice-Leader
Ananya M. Reddy,155512309,1st Year,20263310,Beta Team,Member
Richard J. Rodriguez,155512310,1st Year,20263311,Gamma Team,Leader
Michelle S. Miller,155512311,1st Year,20263312,Delta Team,Member
Isha M. Rodriguez,155512312,1st Year,20263313,Alpha Team,Analyst
Joshua V. Taylor,155512313,1st Year,20263314,Beta Team,Developer
Sai X. Ramirez,155512314,1st Year,20263315,Gamma Team,Designer
Kimberly S. Moore,155512315,1st Year,20263316,Delta Team,Coordinator
John C. Robinson,155512316,1st Year,20263317,Alpha Team,Secretary
Elizabeth F. Mehta,155512317,1st Year,20263318,Beta Team,Treasurer
Donna R. Wilson,155512318,1st Year,20263319,Gamma Team,Vice-Leader
Ananya G. Kapoor,155512319,1st Year,20263320,Delta Team,Member
Meera O. Kapoor,155512320,1st Year,20263321,Alpha Team,Leader
Mark B. Robinson,155512321,1st Year,20263322,Beta Team,Member
Vihaan S. Lee,155512322,1st Year,20263323,Gamma Team,Analyst
Daniel C. Kapoor,155512323,1st Year,20263324,Delta Team,Developer
Christopher V. Harris,155512324,1st Year,20263325,Alpha Team,Designer
Robert D. Brown,155512325,1st Year,20263326,Beta Team,Coordinator
Mary T. Miller,155512326,1st Year,20263327,Gamma Team,Secretary
Steven K. Reddy,155512327,1st Year,20263328,Delta Team,Treasurer
Michael O. Smith,155512328,1st Year,20263329,Alpha Team,Vice-Leader
Emily U. Jones,155512329,1st Year,20263330,Beta Team,Member
Aarav E. Thomas,155512330,1st Year,20263331,Gamma Team,Leader
Ashley V. White,155512331,1st Year,20263332,Delta Team,Member
Brian M. Lee,155512332,1st Year,20263333,Alpha Team,Analyst
Robert P. Davis,155512333,1st Year,20263334,Beta Team,Developer
Paul Q. Moore,155512334,1st Year,20263335,Gamma Team,Designer
William G. Patel,155512335,1st Year,20263336,Delta Team,Coordinator
James M. Thomas,155512336,1st Year,20263337,Alpha Team,Secretary
Kabir N. Thompson,155512337,1st Year,20263338,Beta Team,Treasurer
Mark P. Mehta,155512338,1st Year,20263339,Gamma Team,Vice-Leader
Patricia A. Sharma,155512339,1st Year,20263340,Delta Team,Member
Richard E. Taylor,155512340,1st Year,20263341,Alpha Team,Leader
Vihaan M. Lewis,155512341,1st Year,20263342,Beta Team,Member
Jessica U. Robinson,155512342,1st Year,20263343,Gamma Team,Analyst
Elizabeth C. Williams,155512343,1st Year,20263344,Delta Team,Developer
Steven Y. Robinson,155512344,1st Year,20263345,Alpha Team,Designer
Kabir V. Rodriguez,155512345,1st Year,20263346,Beta Team,Coordinator
Sandra J. Davis,155512346,1st Year,20263347,Gamma Team,Secretary
Mark W. Jones,155512347,1st Year,20263348,Delta Team,Treasurer
Aarav U. White,155512348,1st Year,20263349,Alpha Team,Vice-Leader
Robert L. Sen,155512349,1st Year,20263350,Beta Team,Member
Carol C. Anderson,155512350,1st Year,20263351,Gamma Team,Leader
Kimberly H. Harris,155512351,1st Year,20263352,Delta Team,Member
Matthew H. Davis,155512352,1st Year,20263353,Alpha Team,Analyst
Meera D. Martinez,155512353,1st Year,20263354,Beta Team,Developer
Amanda A. Rodriguez,155512354,1st Year,20263355,Gamma Team,Designer
Steven M. Patel,155512355,1st Year,20263356,Delta Team,Coordinator
Michael O. Lewis,155512356,1st Year,20263357,Alpha Team,Secretary
Sai R. Robinson,155512357,1st Year,20263358,Beta Team,Treasurer
Vihaan K. Sen,155512358,1st Year,20263359,Gamma Team,Vice-Leader
Donald S. Hernandez,155512359,1st Year,20263360,Delta Team,Member
Jessica N. Wilson,155512360,1st Year,20263361,Alpha Team,Leader
Patricia E. Reddy,155512361,1st Year,20263362,Beta Team,Member
William V. Joshi,155512362,1st Year,20263363,Gamma Team,Analyst
Charles D. Williams,155512363,1st Year,20263364,Delta Team,Developer
Carol U. Jones,155512364,1st Year,20263365,Alpha Team,Designer
Vihaan R. Mehta,155512365,1st Year,20263366,Beta Team,Coordinator
Dorothy H. Rao,155512366,1st Year,20263367,Gamma Team,Secretary
Kenneth W. White,155512367,1st Year,20263368,Delta Team,Treasurer
Isha X. Gonzalez,155512368,1st Year,20263369,Alpha Team,Vice-Leader
Mary W. Anderson,155512369,1st Year,20263370,Beta Team,Member
Kevin I. Patel,155512370,1st Year,20263371,Gamma Team,Leader
Susan B. Martin,155512371,1st Year,20263372,Delta Team,Member
Isha Y. Patel,155512372,1st Year,20263373,Alpha Team,Analyst
Kimberly M. Patel,155512373,1st Year,20263374,Beta Team,Developer
Elizabeth R. Robinson,155512374,1st Year,20263375,Gamma Team,Designer
John U. Patel,155512375,1st Year,20263376,Delta Team,Coordinator
Richard P. Taylor,155512376,1st Year,20263377,Alpha Team,Secretary
Jessica J. Anderson,155512377,1st Year,20263378,Beta Team,Treasurer
Dorothy H. Williams,155512378,1st Year,20263379,Gamma Team,Vice-Leader
Lisa H. Patel,155512379,1st Year,20263380,Delta Team,Member
Karen V. Sanchez,155512380,1st Year,20263381,Alpha Team,Leader
Sandra I. Clark,155512381,1st Year,20263382,Beta Team,Member
Isha Z. Ramirez,155512382,1st Year,20263383,Gamma Team,Analyst
Riya Z. Lewis,155512383,1st Year,20263384,Delta Team,Developer
David U. Smith,155512384,1st Year,20263385,Alpha Team,Designer
Paul G. Mehta,155512385,1st Year,20263386,Beta Team,Coordinator
John X. Johnson,155512386,1st Year,20263387,Gamma Team,Secretary
Linda Y. Moore,155512387,1st Year,20263388,Delta Team,Treasurer
Meera H. Thomas,155512388,1st Year,20263389,Alpha Team,Vice-Leader
Matthew X. Harris,155512389,1st Year,20263390,Beta Team,Member
Ananya F. Robinson,155512390,1st Year,20263391,Gamma Team,Leader
Emily G. Sen,155512391,1st Year,20263392,Delta Team,Member
Christopher T. Patel,155512392,1st Year,20263393,Alpha Team,Analyst
Donna S. Martin,155512393,1st Year,20263394,Beta Team,Developer
Barbara N. Lewis,155512394,1st Year,20263395,Gamma Team,Designer
Mark D. Harris,155512395,1st Year,20263396,Delta Team,Coordinator
Timothy Z. Brown,155512396,1st Year,20263397,Alpha Team,Secretary
John C. Thompson,155512397,1st Year,20263398,Beta Team,Treasurer
Richard J. Sanchez,155512398,1st Year,20263399,Gamma Team,Vice-Leader
Susan U. Anderson,155512399,1st Year,20263400,Delta Team,Member
Kevin V. Smith,155512400,1st Year,20263401,Alpha Team,Leader
Vihaan Z. Thompson,155512401,1st Year,20263402,Beta Team,Member
Elizabeth D. Thompson,155512402,1st Year,20263403,Gamma Team,Analyst
Paul P. Martin,155512403,1st Year,20263404,Delta Team,Developer
Meera D. Gonzalez,155512404,1st Year,20263405,Alpha Team,Designer
Susan U. Hernandez,155512405,1st Year,20263406,Beta Team,Coordinator
Dev W. Thomas,155512406,1st Year,20263407,Gamma Team,Secretary
Paul R. Johnson,155512407,1st Year,20263408,Delta Team,Treasurer
David N. Taylor,155512408,1st Year,20263409,Alpha Team,Vice-Leader
Jennifer Y. Reddy,155512409,1st Year,20263410,Beta Team,Member
Mary Z. Taylor,155512410,1st Year,20263411,Gamma Team,Leader
Elizabeth J. Miller,155512411,1st Year,20263412,Delta Team,Member
Elizabeth F. Ramirez,155512412,1st Year,20263413,Alpha Team,Analyst
Dorothy Z. Lopez,155512413,1st Year,20263414,Beta Team,Developer
Joshua D. Nair,155512414,1st Year,20263415,Gamma Team,Designer
Vihaan M. Martinez,155512415,1st Year,20263416,Delta Team,Coordinator
Ashley W. Miller,155512416,1st Year,20263417,Alpha Team,Secretary
Patricia R. Perez,155512417,1st Year,20263418,Beta Team,Treasurer
Kevin L. Kapoor,155512418,1st Year,20263419,Gamma Team,Vice-Leader
Lisa Q. Wilson,155512419,1st Year,20263420,Delta Team,Member
Andrew S. Hernandez,155512420,1st Year,20263421,Alpha Team,Leader
Ronald T. Martin,155512421,1st Year,20263422,Beta Team,Member
John I. Sen,155512422,1st Year,20263423,Gamma Team,Analyst
Donald I. Smith,155512423,1st Year,20263424,Delta Team,Developer
Christopher B. Brown,155512424,1st Year,20263425,Alpha Team,Designer
Zara C. Martin,155512425,1st Year,20263426,Beta Team,Coordinator
Jennifer A. Martinez,155512426,1st Year,20263427,Gamma Team,Secretary
Carol T. Garcia,155512427,1st Year,20263428,Delta Team,Treasurer
Margaret K. Sharma,155512428,1st Year,20263429,Alpha Team,Vice-Leader
Betty L. Rodriguez,155512429,1st Year,20263430,Beta Team,Member
Carol U. Lopez,155512430,1st Year,20263431,Gamma Team,Leader
Riya T. Iyer,155512431,1st Year,20263432,Delta Team,Member
Jessica E. Thompson,155512432,1st Year,20263433,Alpha Team,Analyst
Nancy L. Brown,155512433,1st Year,20263434,Beta Team,Developer
Lisa H. Perez,155512434,1st Year,20263435,Gamma Team,Designer
Kimberly R. Moore,155512435,1st Year,20263436,Delta Team,Coordinator
Carol P. Johnson,155512436,1st Year,20263437,Alpha Team,Secretary
Deborah K. Harris,155512437,1st Year,20263438,Beta Team,Treasurer
Deborah Y. Rodriguez,155512438,1st Year,20263439,Gamma Team,Vice-Leader
Kenneth L. Kapoor,155512439,1st Year,20263440,Delta Team,Member
Ashley O. Ramirez,155512440,1st Year,20263441,Alpha Team,Leader
Dev N. Taylor,155512441,1st Year,20263442,Beta Team,Member
Emily E. Rao,155512442,1st Year,20263443,Gamma Team,Analyst
Susan O. Mehta,155512443,1st Year,20263444,Delta Team,Developer
Andrew U. Ramirez,155512444,1st Year,20263445,Alpha Team,Designer
Jessica V. Williams,155512445,1st Year,20263446,Beta Team,Coordinator
Andrew X. Garcia,155512446,1st Year,20263447,Gamma Team,Secretary
James J. Sanchez,155512447,1st Year,20263448,Delta Team,Treasurer
Ananya K. Lee,155512448,1st Year,20263449,Alpha Team,Vice-Leader
Brian P. Thomas,155512449,1st Year,20263450,Beta Team,Member
Kevin C. Moore,155512450,1st Year,20263451,Gamma Team,Leader
Ashley E. Martinez,155512451,1st Year,20263452,Delta Team,Member
Sai Y. Rao,155512452,1st Year,20263453,Alpha Team,Analyst
Barbara I. Wilson,155512453,1st Year,20263454,Beta Team,Developer
Betty P. Martinez,155512454,1st Year,20263455,Gamma Team,Designer
Emily M. Martinez,155512455,1st Year,20263456,Delta Team,Coordinator
William Q. Anderson,155512456,1st Year,20263457,Alpha Team,Secretary
Anthony A. Wilson,155512457,1st Year,20263458,Beta Team,Treasurer
Ananya X. Lee,155512458,1st Year,20263459,Gamma Team,Vice-Leader
Sandra G. Patel,155512459,1st Year,20263460,Delta Team,Member
Brian K. Robinson,155512460,1st Year,20263461,Alpha Team,Leader
Vihaan L. Smith,155512461,1st Year,20263462,Beta Team,Member
Zara D. Ramirez,155512462,1st Year,20263463,Gamma Team,Analyst
William C. Mehta,155512463,1st Year,20263464,Delta Team,Developer
Meera Z. Sen,155512464,1st Year,20263465,Alpha Team,Designer
Dev B. Nair,155512465,1st Year,20263466,Beta Team,Coordinator
Thomas U. Lopez,155512466,1st Year,20263467,Gamma Team,Secretary
Melissa D. Jones,155512467,1st Year,20263468,Delta Team,Treasurer
Ananya B. Taylor,155512468,1st Year,20263469,Alpha Team,Vice-Leader
John L. Sharma,155512469,1st Year,20263470,Beta Team,Member
Zara S. Brown,155512470,1st Year,20263471,Gamma Team,Leader
Steven X. Nair,155512471,1st Year,20263472,Delta Team,Member
Margaret L. Kapoor,155512472,1st Year,20263473,Alpha Team,Analyst
Zara U. Rao,155512473,1st Year,20263474,Beta Team,Developer
Margaret P. Mehta,155512474,1st Year,20263475,Gamma Team,Designer
Kabir Q. Nair,155512475,1st Year,20263476,Delta Team,Coordinator
Kevin A. Patel,155512476,1st Year,20263477,Alpha Team,Secretary
Betty S. Sen,155512477,1st Year,20263478,Beta Team,Treasurer
Richard Z. Williams,155512478,1st Year,20263479,Gamma Team,Vice-Leader
Joshua A. Jones,155512479,1st Year,20263480,Delta Team,Member
Barbara N. Kapoor,155512480,1st Year,20263481,Alpha Team,Leader
Linda M. Harris,155512481,1st Year,20263482,Beta Team,Member
Riya C. Wilson,155512482,1st Year,20263483,Gamma Team,Analyst
Steven Z. Sanchez,155512483,1st Year,20263484,Delta Team,Developer
Kabir A. Taylor,155512484,1st Year,20263485,Alpha Team,Designer
Lisa O. Wilson,155512485,1st Year,20263486,Beta Team,Coordinator
Richard R. Joshi,155512486,1st Year,20263487,Gamma Team,Secretary
Joseph H. Ramirez,155512487,1st Year,20263488,Delta Team,Treasurer
Kimberly F. Perez,155512488,1st Year,20263489,Alpha Team,Vice-Leader
Mark P. Harris,155512489,1st Year,20263490,Beta Team,Member
Timothy M. Lopez,155512490,1st Year,20263491,Gamma Team,Leader
Emily U. Mehta,155512491,1st Year,20263492,Delta Team,Member
Brian T. Robinson,155512492,1st Year,20263493,Alpha Team,Analyst
William C. Rao,155512493,1st Year,20263494,Beta Team,Developer
Daniel E. Sanchez,155512494,1st Year,20263495,Gamma Team,Designer
Brian H. Harris,155512495,1st Year,20263496,Delta Team,Coordinator
Donald Z. Gonzalez,155512496,1st Year,20263497,Alpha Team,Secretary
Anthony U. Taylor,155512497,1st Year,20263498,Beta Team,Treasurer
Jessica H. Sen,155512498,1st Year,20263499,Gamma Team,Vice-Leader
John Q. Davis,155512499,1st Year,20263500,Delta Team,Member
Melissa C. Kapoor,155512500,1st Year,20263501,Alpha Team,Leader
Mark N. Kapoor,155512501,1st Year,20263502,Beta Team,Member
Charles B. White,155512502,1st Year,20263503,Gamma Team,Analyst
Melissa N. Martinez,155512503,1st Year,20263504,Delta Team,Developer
Amanda X. Jackson,155512504,1st Year,20263505,Alpha Team,Designer
Isha Y. Anderson,155512505,1st Year,20263506,Beta Team,Coordinator
Christopher M. Clark,155512506,1st Year,20263507,Gamma Team,Secretary
Ananya U. Williams,155512507,1st Year,20263508,Delta Team,Treasurer
Daniel K. Anderson,155512508,1st Year,20263509,Alpha Team,Vice-Leader
Thomas W. Johnson,155512509,1st Year,20263510,Beta Team,Member
Sandra K. Mehta,155512510,1st Year,20263511,Gamma Team,Leader
Paul G. Reddy,155512511,1st Year,20263512,Delta Team,Member
Robert A. Martinez,155512512,1st Year,20263513,Alpha Team,Analyst
Vihaan A. Reddy,155512513,1st Year,20263514,Beta Team,Developer
Matthew L. Martin,155512514,1st Year,20263515,Gamma Team,Designer
Ronald J. Thompson,155512515,1st Year,20263516,Delta Team,Coordinator
Amanda Z. Kapoor,155512516,1st Year,20263517,Alpha Team,Secretary
Amanda S. Garcia,155512517,1st Year,20263518,Beta Team,Treasurer
Sai X. Taylor,155512518,1st Year,20263519,Gamma Team,Vice-Leader
Carol O. Patel,155512519,1st Year,20263520,Delta Team,Member
Timothy I. Wilson,155512520,1st Year,20263521,Alpha Team,Leader
Timothy A. Clark,155512521,1st Year,20263522,Beta Team,Member
Charles Y. Ramirez,155512522,1st Year,20263523,Gamma Team,Analyst
William P. Johnson,155512523,1st Year,20263524,Delta Team,Developer
Sandra L. Perez,155512524,1st Year,20263525,Alpha Team,Designer
Carol X. Sen,155512525,1st Year,20263526,Beta Team,Coordinator
Kenneth I. Rodriguez,155512526,1st Year,20263527,Gamma Team,Secretary
Kenneth G. Jackson,155512527,1st Year,20263528,Delta Team,Treasurer
Karen E. Patel,155512528,1st Year,20263529,Alpha Team,Vice-Leader
Steven C. Kapoor,155512529,1st Year,20263530,Beta Team,Member
Emily P. Taylor,155512530,1st Year,20263531,Gamma Team,Leader
Meera Z. Thomas,155512531,1st Year,20263532,Delta Team,Member
Susan T. Perez,155512532,1st Year,20263533,Alpha Team,Analyst
Steven Z. Brown,155512533,1st Year,20263534,Beta Team,Developer
Sai C. Patel,155512534,1st Year,20263535,Gamma Team,Designer
Joseph E. Lopez,155512535,1st Year,20263536,Delta Team,Coordinator
Dorothy S. Robinson,155512536,1st Year,20263537,Alpha Team,Secretary
Isha Q. Rao,155512537,1st Year,20263538,Beta Team,Treasurer
Mark J. Robinson,155512538,1st Year,20263539,Gamma Team,Vice-Leader
Barbara L. Sanchez,155512539,1st Year,20263540,Delta Team,Member
Meera Z. Iyer,155512540,1st Year,20263541,Alpha Team,Leader
Isha T. Iyer,155512541,1st Year,20263542,Beta Team,Member
Richard U. Rodriguez,155512542,1st Year,20263543,Gamma Team,Analyst
Margaret A. Taylor,155512543,1st Year,20263544,Delta Team,Developer
Jessica L. Brown,155512544,1st Year,20263545,Alpha Team,Designer
James L. Sanchez,155512545,1st Year,20263546,Beta Team,Coordinator
David X. Wilson,155512546,1st Year,20263547,Gamma Team,Secretary
David U. Joshi,155512547,1st Year,20263548,Delta Team,Treasurer
Kabir G. Thompson,155512548,1st Year,20263549,Alpha Team,Vice-Leader
Michelle I. Clark,155512549,1st Year,20263550,Beta Team,Member
Steven V. Patel,155512550,1st Year,20263551,Gamma Team,Leader
Barbara K. Anderson,155512551,1st Year,20263552,Delta Team,Member
Dev I. Perez,155512552,1st Year,20263553,Alpha Team,Analyst
Aarav M. Martin,155512553,1st Year,20263554,Beta Team,Developer
Barbara Q. Lopez,155512554,1st Year,20263555,Gamma Team,Designer
Kenneth K. Harris,155512555,1st Year,20263556,Delta Team,Coordinator
Charles E. Rao,155512556,1st Year,20263557,Alpha Team,Secretary
Susan Q. Nair,155512557,1st Year,20263558,Beta Team,Treasurer
Isha M. Lee,155512558,1st Year,20263559,Gamma Team,Vice-Leader
Amanda W. Joshi,155512559,1st Year,20263560,Delta Team,Member
Riya B. Perez,155512560,1st Year,20263561,Alpha Team,Leader
David H. Nair,155512561,1st Year,20263562,Beta Team,Member
Paul A. Joshi,155512562,1st Year,20263563,Gamma Team,Analyst
Thomas G. Nair,155512563,1st Year,20263564,Delta Team,Developer
Christopher E. Johnson,155512564,1st Year,20263565,Alpha Team,Designer
Anthony S. Clark,155512565,1st Year,20263566,Beta Team,Coordinator
Riya B. Hernandez,155512566,1st Year,20263567,Gamma Team,Secretary
Elizabeth X. Kapoor,155512567,1st Year,20263568,Delta Team,Treasurer
Sarah U. Patel,155512568,1st Year,20263569,Alpha Team,Vice-Leader
Sandra I. Perez,155512569,1st Year,20263570,Beta Team,Member
Mark P. Iyer,155512570,1st Year,20263571,Gamma Team,Leader
Patricia O. Lewis,155512571,1st Year,20263572,Delta Team,Member
Melissa I. Mehta,155512572,1st Year,20263573,Alpha Team,Analyst
Anthony G. Williams,155512573,1st Year,20263574,Beta Team,Developer
Vihaan O. Rao,155512574,1st Year,20263575,Gamma Team,Designer
Christopher R. Martin,155512575,1st Year,20263576,Delta Team,Coordinator
Lisa Y. Jackson,155512576,1st Year,20263577,Alpha Team,Secretary
Lisa I. Lopez,155512577,1st Year,20263578,Beta Team,Treasurer
Christopher C. Davis,155512578,1st Year,20263579,Gamma Team,Vice-Leader
Richard I. Ramirez,155512579,1st Year,20263580,Delta Team,Member
Joseph E. Smith,155512580,1st Year,20263581,Alpha Team,Leader
Dev S. Hernandez,155512581,1st Year,20263582,Beta Team,Member
Sai X. Perez,155512582,1st Year,20263583,Gamma Team,Analyst
Sarah M. Sanchez,155512583,1st Year,20263584,Delta Team,Developer
Aarav N. Lee,155512584,1st Year,20263585,Alpha Team,Designer
Jessica W. Harris,155512585,1st Year,20263586,Beta Team,Coordinator
Richard Q. Iyer,155512586,1st Year,20263587,Gamma Team,Secretary
Timothy N. Nair,155512587,1st Year,20263588,Delta Team,Treasurer
Kevin W. Sen,155512588,1st Year,20263589,Alpha Team,Vice-Leader
Timothy M. Miller,155512589,1st Year,20263590,Beta Team,Member
Sarah Y. Jones,155512590,1st Year,20263591,Gamma Team,Leader
Elizabeth B. Sanchez,155512591,1st Year,20263592,Delta Team,Member
Dorothy O. Davis,155512592,1st Year,20263593,Alpha Team,Analyst
Matthew Z. Rodriguez,155512593,1st Year,20263594,Beta Team,Developer
Paul T. White,155512594,1st Year,20263595,Gamma Team,Designer
Timothy V. Kapoor,155512595,1st Year,20263596,Delta Team,Coordinator
Anthony J. Wilson,155512596,1st Year,20263597,Alpha Team,Secretary
Andrew K. Mehta,155512597,1st Year,20263598,Beta Team,Treasurer
Sai P. Lee,155512598,1st Year,20263599,Gamma Team,Vice-Leader
James H. Perez,155512599,1st Year,20263600,Delta Team,Member
Ananya J. Nair,155512600,1st Year,20263601,Alpha Team,Leader
Kimberly T. Moore,155512601,1st Year,20263602,Beta Team,Member
Deborah R. Sanchez,155512602,1st Year,20263603,Gamma Team,Analyst
Kenneth E. Anderson,155512603,1st Year,20263604,Delta Team,Developer
Thomas U. Hernandez,155512604,1st Year,20263605,Alpha Team,Designer
James R. Mehta,155512605,1st Year,20263606,Beta Team,Coordinator
John S. Rodriguez,155512606,1st Year,20263607,Gamma Team,Secretary
Matthew B. Thomas,155512607,1st Year,20263608,Delta Team,Treasurer
Jennifer U. Nair,155512608,1st Year,20263609,Alpha Team,Vice-Leader
Barbara Q. Iyer,155512609,1st Year,20263610,Beta Team,Member
Thomas Q. Martinez,155512610,1st Year,20263611,Gamma Team,Leader
Margaret A. Rodriguez,155512611,1st Year,20263612,Delta Team,Member
William O. Clark,155512612,1st Year,20263613,Alpha Team,Analyst
Meera L. Johnson,155512613,1st Year,20263614,Beta Team,Developer
Margaret M. Wilson,155512614,1st Year,20263615,Gamma Team,Designer
Kabir D. Sharma,155512615,1st Year,20263616,Delta Team,Coordinator
Andrew X. Rodriguez,155512616,1st Year,20263617,Alpha Team,Secretary
Dev H. Williams,155512617,1st Year,20263618,Beta Team,Treasurer
Sarah P. Lee,155512618,1st Year,20263619,Gamma Team,Vice-Leader
Emily C. Jackson,155512619,1st Year,20263620,Delta Team,Member
John J. Lewis,155512620,1st Year,20263621,Alpha Team,Leader
Margaret A. Johnson,155512621,1st Year,20263622,Beta Team,Member
Anthony T. Sen,155512622,1st Year,20263623,Gamma Team,Analyst
Brian I. Jackson,155512623,1st Year,20263624,Delta Team,Developer
Mark M. Wilson,155512624,1st Year,20263625,Alpha Team,Designer
William B. Iyer,155512625,1st Year,20263626,Beta Team,Coordinator
Dev A. Sanchez,155512626,1st Year,20263627,Gamma Team,Secretary
Matthew R. Ramirez,155512627,1st Year,20263628,Delta Team,Treasurer
Paul S. Thompson,155512628,1st Year,20263629,Alpha Team,Vice-Leader
Vihaan Y. Sen,155512629,1st Year,20263630,Beta Team,Member
Kabir W. Johnson,155512630,1st Year,20263631,Gamma Team,Leader
Donald Z. Sharma,155512631,1st Year,20263632,Delta Team,Member
Kabir D. Patel,155512632,1st Year,20263633,Alpha Team,Analyst
Thomas L. Johnson,155512633,1st Year,20263634,Beta Team,Developer
Ashley F. Sanchez,155512634,1st Year,20263635,Gamma Team,Designer
Carol A. Lee,155512635,1st Year,20263636,Delta Team,Coordinator
Dorothy V. Robinson,155512636,1st Year,20263637,Alpha Team,Secretary
Paul P. Davis,155512637,1st Year,20263638,Beta Team,Treasurer
Steven S. Jones,155512638,1st Year,20263639,Gamma Team,Vice-Leader
Michael R. Garcia,155512639,1st Year,20263640,Delta Team,Member
Sandra S. Sanchez,155512640,1st Year,20263641,Alpha Team,Leader
Thomas T. Thomas,155512641,1st Year,20263642,Beta Team,Member
Vihaan T. Martinez,155512642,1st Year,20263643,Gamma Team,Analyst
Sai Z. Davis,155512643,1st Year,20263644,Delta Team,Developer
Matthew M. Reddy,155512644,1st Year,20263645,Alpha Team,Designer
Mary F. Sanchez,155512645,1st Year,20263646,Beta Team,Coordinator
Andrew T. White,155512646,1st Year,20263647,Gamma Team,Secretary
Michelle C. Smith,155512647,1st Year,20263648,Delta Team,Treasurer
Nancy M. Joshi,155512648,1st Year,20263649,Alpha Team,Vice-Leader
Donna V. Williams,155512649,1st Year,20263650,Beta Team,Member
Aarav X. Clark,155512650,1st Year,20263651,Gamma Team,Leader
Dev Y. Johnson,155512651,1st Year,20263652,Delta Team,Member
Betty B. Martin,155512652,1st Year,20263653,Alpha Team,Analyst
Joshua V. Jones,155512653,1st Year,20263654,Beta Team,Developer
Anthony B. Wilson,155512654,1st Year,20263655,Gamma Team,Designer
Emily P. Sen,155512655,1st Year,20263656,Delta Team,Coordinator
Zara N. Joshi,155512656,1st Year,20263657,Alpha Team,Secretary
Daniel D. Taylor,155512657,1st Year,20263658,Beta Team,Treasurer
Richard C. Wilson,155512658,1st Year,20263659,Gamma Team,Vice-Leader
Timothy E. Moore,155512659,1st Year,20263660,Delta Team,Member
Christopher F. Lewis,155512660,1st Year,20263661,Alpha Team,Leader
Matthew L. Miller,155512661,1st Year,20263662,Beta Team,Member
Susan N. Lopez,155512662,1st Year,20263663,Gamma Team,Analyst
Deborah E. Kapoor,155512663,1st Year,20263664,Delta Team,Developer
Christopher S. Thompson,155512664,1st Year,20263665,Alpha Team,Designer
Nancy T. Iyer,155512665,1st Year,20263666,Beta Team,Coordinator
Michael K. Clark,155512666,1st Year,20263667,Gamma Team,Secretary
Barbara V. White,155512667,1st Year,20263668,Delta Team,Treasurer
Dorothy S. Jackson,155512668,1st Year,20263669,Alpha Team,Vice-Leader
Steven J. Johnson,155512669,1st Year,20263670,Beta Team,Member
Dorothy P. Lewis,155512670,1st Year,20263671,Gamma Team,Leader
James U. Martin,155512671,1st Year,20263672,Delta Team,Member
Sarah L. Reddy,155512672,1st Year,20263673,Alpha Team,Analyst
Lisa X. Lee,155512673,1st Year,20263674,Beta Team,Developer
Betty Y. Anderson,155512674,1st Year,20263675,Gamma Team,Designer
Thomas O. Lewis,155512675,1st Year,20263676,Delta Team,Coordinator
Margaret V. Patel,155512676,1st Year,20263677,Alpha Team,Secretary
Christopher F. Harris,155512677,1st Year,20263678,Beta Team,Treasurer
Amanda O. Davis,155512678,1st Year,20263679,Gamma Team,Vice-Leader
Anthony J. Lewis,155512679,1st Year,20263680,Delta Team,Member
Dorothy M. Williams,155512680,1st Year,20263681,Alpha Team,Leader
Richard K. Patel,155512681,1st Year,20263682,Beta Team,Member
Jessica Z. Joshi,155512682,1st Year,20263683,Gamma Team,Analyst
Mary H. Sen,155512683,1st Year,20263684,Delta Team,Developer
Sandra C. Clark,155512684,1st Year,20263685,Alpha Team,Designer
Robert K. Williams,155512685,1st Year,20263686,Beta Team,Coordinator
Betty P. Miller,155512686,1st Year,20263687,Gamma Team,Secretary
Joseph I. Lewis,155512687,1st Year,20263688,Delta Team,Treasurer
Matthew P. Taylor,155512688,1st Year,20263689,Alpha Team,Vice-Leader
Emily M. Nair,155512689,1st Year,20263690,Beta Team,Member
Kevin O. Thompson,155512690,1st Year,20263691,Gamma Team,Leader
Charles D. Nair,155512691,1st Year,20263692,Delta Team,Member
Karen A. Joshi,155512692,1st Year,20263693,Alpha Team,Analyst
John C. Nair,155512693,1st Year,20263694,Beta Team,Developer
Amanda N. Martinez,155512694,1st Year,20263695,Gamma Team,Designer
Joshua Q. Thomas,155512695,1st Year,20263696,Delta Team,Coordinator
Richard E. Smith,155512696,1st Year,20263697,Alpha Team,Secretary
Sarah Q. Jackson,155512697,1st Year,20263698,Beta Team,Treasurer
Kenneth P. Thompson,155512698,1st Year,20263699,Gamma Team,Vice-Leader
Lisa F. Miller,155512699,1st Year,20263700,Delta Team,Member
Anthony B. Lopez,155512700,1st Year,20263701,Alpha Team,Leader
Joseph I. Johnson,155512701,1st Year,20263702,Beta Team,Member
Betty E. Thomas,155512702,1st Year,20263703,Gamma Team,Analyst
Dorothy X. Harris,155512703,1st Year,20263704,Delta Team,Developer
Andrew X. White,155512704,1st Year,20263705,Alpha Team,Designer
Isha G. Wilson,155512705,1st Year,20263706,Beta Team,Coordinator
Dev U. Joshi,155512706,1st Year,20263707,Gamma Team,Secretary
William B. Taylor,155512707,1st Year,20263708,Delta Team,Treasurer
Nancy I. Thomas,155512708,1st Year,20263709,Alpha Team,Vice-Leader
Paul M. Thompson,155512709,1st Year,20263710,Beta Team,Member
Christopher U. Reddy,155512710,1st Year,20263711,Gamma Team,Leader
Meera C. Lewis,155512711,1st Year,20263712,Delta Team,Member
Michael M. Davis,155512712,1st Year,20263713,Alpha Team,Analyst
Jennifer S. Mehta,155512713,1st Year,20263714,Beta Team,Developer
Robert K. Lee,155512714,1st Year,20263715,Gamma Team,Designer
Isha E. Lee,155512715,1st Year,20263716,Delta Team,Coordinator
Joshua V. Miller,155512716,1st Year,20263717,Alpha Team,Secretary
Lisa V. Anderson,155512717,1st Year,20263718,Beta Team,Treasurer
Ananya B. Lee,155512718,1st Year,20263719,Gamma Team,Vice-Leader
Aarav O. Thompson,155512719,1st Year,20263720,Delta Team,Member
Sarah T. Jackson,155512720,1st Year,20263721,Alpha Team,Leader
Carol L. Martinez,155512721,1st Year,20263722,Beta Team,Member
Donald I. Sharma,155512722,1st Year,20263723,Gamma Team,Analyst
Anthony Y. Lee,155512723,1st Year,20263724,Delta Team,Developer
Matthew F. Martinez,155512724,1st Year,20263725,Alpha Team,Designer
Anthony K. Harris,155512725,1st Year,20263726,Beta Team,Coordinator
Susan B. Mehta,155512726,1st Year,20263727,Gamma Team,Secretary
Kenneth Z. Mehta,155512727,1st Year,20263728,Delta Team,Treasurer
James P. Sanchez,155512728,1st Year,20263729,Alpha Team,Vice-Leader
Isha U. Joshi,155512729,1st Year,20263730,Beta Team,Member
Andrew J. Thompson,155512730,1st Year,20263731,Gamma Team,Leader
Mary H. Lee,155512731,1st Year,20263732,Delta Team,Member
John J. Patel,155512732,1st Year,20263733,Alpha Team,Analyst
Sarah W. Thompson,155512733,1st Year,20263734,Beta Team,Developer
Brian M. Johnson,155512734,1st Year,20263735,Gamma Team,Designer
Thomas D. Rao,155512735,1st Year,20263736,Delta Team,Coordinator
Thomas F. Patel,155512736,1st Year,20263737,Alpha Team,Secretary
Jennifer E. Moore,155512737,1st Year,20263738,Beta Team,Treasurer
Kabir J. Williams,155512738,1st Year,20263739,Gamma Team,Vice-Leader
John K. Jackson,155512739,1st Year,20263740,Delta Team,Member
Donna Y. Jackson,155512740,1st Year,20263741,Alpha Team,Leader
Donna X. Rao,155512741,1st Year,20263742,Beta Team,Member
Donna B. Sharma,155512742,1st Year,20263743,Gamma Team,Analyst
Sarah D. Clark,155512743,1st Year,20263744,Delta Team,Developer
William E. Jones,155512744,1st Year,20263745,Alpha Team,Designer
Sai Y. Martin,155512745,1st Year,20263746,Beta Team,Coordinator
Susan T. Robinson,155512746,1st Year,20263747,Gamma Team,Secretary
Carol A. Sanchez,155512747,1st Year,20263748,Delta Team,Treasurer
Ashley R. Patel,155512748,1st Year,20263749,Alpha Team,Vice-Leader
Meera X. Moore,155512749,1st Year,20263750,Beta Team,Member
Timothy Q. Davis,155512750,1st Year,20263751,Gamma Team,Leader
Mary S. Rao,155512751,1st Year,20263752,Delta Team,Member
David J. Sanchez,155512752,1st Year,20263753,Alpha Team,Analyst
Patricia O. Rodriguez,155512753,1st Year,20263754,Beta Team,Developer
Vihaan D. Lopez,155512754,1st Year,20263755,Gamma Team,Designer
Betty X. Martin,155512755,1st Year,20263756,Delta Team,Coordinator
Michael O. Anderson,155512756,1st Year,20263757,Alpha Team,Secretary
Emily Z. Clark,155512757,1st Year,20263758,Beta Team,Treasurer
Sarah C. Sanchez,155512758,1st Year,20263759,Gamma Team,Vice-Leader
Deborah O. Mehta,155512759,1st Year,20263760,Delta Team,Member
Barbara U. Rao,155512760,1st Year,20263761,Alpha Team,Leader
Thomas O. Smith,155512761,1st Year,20263762,Beta Team,Member
Carol L. Harris,155512762,1st Year,20263763,Gamma Team,Analyst
Barbara H. Williams,155512763,1st Year,20263764,Delta Team,Developer
Carol P. Jackson,155512764,1st Year,20263765,Alpha Team,Designer
Paul G. Patel,155512765,1st Year,20263766,Beta Team,Coordinator
Patricia M. Jackson,155512766,1st Year,20263767,Gamma Team,Secretary
Margaret C. Anderson,155512767,1st Year,20263768,Delta Team,Treasurer
Mary U. Brown,155512768,1st Year,20263769,Alpha Team,Vice-Leader
Ronald M. Mehta,155512769,1st Year,20263770,Beta Team,Member
Paul M. Johnson,155512770,1st Year,20263771,Gamma Team,Leader
Zara O. Nair,155512771,1st Year,20263772,Delta Team,Member
Emily W. Jones,155512772,1st Year,20263773,Alpha Team,Analyst
Andrew Z. Garcia,155512773,1st Year,20263774,Beta Team,Developer
Deborah E. Jackson,155512774,1st Year,20263775,Gamma Team,Designer
Linda P. Smith,155512775,1st Year,20263776,Delta Team,Coordinator
Andrew A. Davis,155512776,1st Year,20263777,Alpha Team,Secretary
Sai Y. Sanchez,155512777,1st Year,20263778,Beta Team,Treasurer
Ronald M. Perez,155512778,1st Year,20263779,Gamma Team,Vice-Leader
Kabir O. Rao,155512779,1st Year,20263780,Delta Team,Member
Dev K. Taylor,155512780,1st Year,20263781,Alpha Team,Leader
Sai N. Harris,155512781,1st Year,20263782,Beta Team,Member
Zara R. Ramirez,155512782,1st Year,20263783,Gamma Team,Analyst
John H. Thompson,155512783,1st Year,20263784,Delta Team,Developer
Nancy Z. Brown,155512784,1st Year,20263785,Alpha Team,Designer
William Y. Lee,155512785,1st Year,20263786,Beta Team,Coordinator
Elizabeth C. Reddy,155512786,1st Year,20263787,Gamma Team,Secretary
Andrew P. Wilson,155512787,1st Year,20263788,Delta Team,Treasurer
Linda S. Gonzalez,155512788,1st Year,20263789,Alpha Team,Vice-Leader
Andrew F. Taylor,155512789,1st Year,20263790,Beta Team,Member
Mark W. Lopez,155512790,1st Year,20263791,Gamma Team,Leader
David X. Williams,155512791,1st Year,20263792,Delta Team,Member
Joshua B. Sen,155512792,1st Year,20263793,Alpha Team,Analyst
Jennifer L. Jackson,155512793,1st Year,20263794,Beta Team,Developer
Robert L. Lopez,155512794,1st Year,20263795,Gamma Team,Designer
Donna J. Garcia,155512795,1st Year,20263796,Delta Team,Coordinator
Emily U. Reddy,155512796,1st Year,20263797,Alpha Team,Secretary
Charles R. Reddy,155512797,1st Year,20263798,Beta Team,Treasurer
Michael E. Martinez,155512798,1st Year,20263799,Gamma Team,Vice-Leader
Robert F. Mehta,155512799,1st Year,20263800,Delta Team,Member
Sarah Q. Garcia,155512800,1st Year,20263801,Alpha Team,Leader
Christopher I. Sen,155512801,1st Year,20263802,Beta Team,Member
Joseph V. Martin,155512802,1st Year,20263803,Gamma Team,Analyst
Kevin G. Harris,155512803,1st Year,20263804,Delta Team,Developer
Charles T. Williams,155512804,1st Year,20263805,Alpha Team,Designer
Robert O. White,155512805,1st Year,20263806,Beta Team,Coordinator
Lisa R. Iyer,155512806,1st Year,20263807,Gamma Team,Secretary
Donna K. Patel,155512807,1st Year,20263808,Delta Team,Treasurer
Kenneth I. Perez,155512808,1st Year,20263809,Alpha Team,Vice-Leader
Ananya E. Sen,155512809,1st Year,20263810,Beta Team,Member
Vihaan V. Gonzalez,155512810,1st Year,20263811,Gamma Team,Leader
Dorothy T. Rao,155512811,1st Year,20263812,Delta Team,Member
Richard L. Nair,155512812,1st Year,20263813,Alpha Team,Analyst
Anthony D. Jones,155512813,1st Year,20263814,Beta Team,Developer
Melissa H. Reddy,155512814,1st Year,20263815,Gamma Team,Designer
Elizabeth C. Perez,155512815,1st Year,20263816,Delta Team,Coordinator
Kevin Q. Lee,155512816,1st Year,20263817,Alpha Team,Secretary
Sandra X. Sen,155512817,1st Year,20263818,Beta Team,Treasurer
Jennifer L. Mehta,155512818,1st Year,20263819,Gamma Team,Vice-Leader
Nancy T. Brown,155512819,1st Year,20263820,Delta Team,Member
John Z. Kapoor,155512820,1st Year,20263821,Alpha Team,Leader
Charles Z. Joshi,155512821,1st Year,20263822,Beta Team,Member
Christopher Y. Davis,155512822,1st Year,20263823,Gamma Team,Analyst
Timothy D. Miller,155512823,1st Year,20263824,Delta Team,Developer
Dev W. Jones,155512824,1st Year,20263825,Alpha Team,Designer
Ashley H. Sen,155512825,1st Year,20263826,Beta Team,Coordinator
Karen E. Jackson,155512826,1st Year,20263827,Gamma Team,Secretary
Karen X. Martin,155512827,1st Year,20263828,Delta Team,Treasurer
James T. Rao,155512828,1st Year,20263829,Alpha Team,Vice-Leader
Emily Z. Jones,155512829,1st Year,20263830,Beta Team,Member
Richard E. Perez,155512830,1st Year,20263831,Gamma Team,Leader
Betty P. Nair,155512831,1st Year,20263832,Delta Team,Member
Ronald P. Lopez,155512832,1st Year,20263833,Alpha Team,Analyst
Karen U. Nair,155512833,1st Year,20263834,Beta Team,Developer
Emily V. Smith,155512834,1st Year,20263835,Gamma Team,Designer
Dev W. Kapoor,155512835,1st Year,20263836,Delta Team,Coordinator
Richard Q. Martinez,155512836,1st Year,20263837,Alpha Team,Secretary
James U. Hernandez,155512837,1st Year,20263838,Beta Team,Treasurer
Christopher N. White,155512838,1st Year,20263839,Gamma Team,Vice-Leader
Mark W. Reddy,155512839,1st Year,20263840,Delta Team,Member
Matthew U. Miller,155512840,1st Year,20263841,Alpha Team,Leader
Ashley Y. Martin,155512841,1st Year,20263842,Beta Team,Member
Donna C. Martin,155512842,1st Year,20263843,Gamma Team,Analyst
Mary E. Smith,155512843,1st Year,20263844,Delta Team,Developer
Aarav T. Sanchez,155512844,1st Year,20263845,Alpha Team,Designer
Emily X. Kapoor,155512845,1st Year,20263846,Beta Team,Coordinator
Timothy X. Smith,155512846,1st Year,20263847,Gamma Team,Secretary
Timothy X. Brown,155512847,1st Year,20263848,Delta Team,Treasurer
Susan G. Thompson,155512848,1st Year,20263849,Alpha Team,Vice-Leader
Daniel E. Johnson,155512849,1st Year,20263850,Beta Team,Member
Sai Q. Taylor,155512850,1st Year,20263851,Gamma Team,Leader
Lisa B. Miller,155512851,1st Year,20263852,Delta Team,Member
Kimberly J. Rao,155512852,1st Year,20263853,Alpha Team,Analyst
Elizabeth C. Wilson,155512853,1st Year,20263854,Beta Team,Developer
Kenneth T. Lewis,155512854,1st Year,20263855,Gamma Team,Designer
Karen S. Hernandez,155512855,1st Year,20263856,Delta Team,Coordinator
Dev T. Johnson,155512856,1st Year,20263857,Alpha Team,Secretary
Michelle L. Lopez,155512857,1st Year,20263858,Beta Team,Treasurer
Joseph L. Rao,155512858,1st Year,20263859,Gamma Team,Vice-Leader
Lisa S. Hernandez,155512859,1st Year,20263860,Delta Team,Member
William E. Garcia,155512860,1st Year,20263861,Alpha Team,Leader
Matthew N. Rodriguez,155512861,1st Year,20263862,Beta Team,Member
Lisa B. Davis,155512862,1st Year,20263863,Gamma Team,Analyst
Carol W. Reddy,155512863,1st Year,20263864,Delta Team,Developer
Betty V. Kapoor,155512864,1st Year,20263865,Alpha Team,Designer
James I. Robinson,155512865,1st Year,20263866,Beta Team,Coordinator
Kimberly D. Taylor,155512866,1st Year,20263867,Gamma Team,Secretary
Susan T. Wilson,155512867,1st Year,20263868,Delta Team,Treasurer
Ananya O. Brown,155512868,1st Year,20263869,Alpha Team,Vice-Leader
Isha G. Smith,155512869,1st Year,20263870,Beta Team,Member
Melissa H. Kapoor,155512870,1st Year,20263871,Gamma Team,Leader
Mark B. Harris,155512871,1st Year,20263872,Delta Team,Member
Kabir D. Iyer,155512872,1st Year,20263873,Alpha Team,Analyst
Susan B. Smith,155512873,1st Year,20263874,Beta Team,Developer
Thomas G. Rao,155512874,1st Year,20263875,Gamma Team,Designer
Kimberly Q. Garcia,155512875,1st Year,20263876,Delta Team,Coordinator
Emily B. White,155512876,1st Year,20263877,Alpha Team,Secretary
Margaret O. Harris,155512877,1st Year,20263878,Beta Team,Treasurer
Elizabeth E. Martin,155512878,1st Year,20263879,Gamma Team,Vice-Leader
Mary N. Joshi,155512879,1st Year,20263880,Delta Team,Member
Nancy N. Rao,155512880,1st Year,20263881,Alpha Team,Leader
Sandra G. Sharma,155512881,1st Year,20263882,Beta Team,Member
Matthew C. Thompson,155512882,1st Year,20263883,Gamma Team,Analyst
Deborah L. Perez,155512883,1st Year,20263884,Delta Team,Developer
Thomas J. Davis,155512884,1st Year,20263885,Alpha Team,Designer
David F. Iyer,155512885,1st Year,20263886,Beta Team,Coordinator
James D. Perez,155512886,1st Year,20263887,Gamma Team,Secretary
Susan Y. Rao,155512887,1st Year,20263888,Delta Team,Treasurer
Jessica P. Thomas,155512888,1st Year,20263889,Alpha Team,Vice-Leader
Emily I. Joshi,155512889,1st Year,20263890,Beta Team,Member
Donald H. Gonzalez,155512890,1st Year,20263891,Gamma Team,Leader
Karen W. Wilson,155512891,1st Year,20263892,Delta Team,Member
Kimberly S. Davis,155512892,1st Year,20263893,Alpha Team,Analyst
Donna X. White,155512893,1st Year,20263894,Beta Team,Developer
Sai O. Wilson,155512894,1st Year,20263895,Gamma Team,Designer
Anthony B. Williams,155512895,1st Year,20263896,Delta Team,Coordinator
Elizabeth V. Rodriguez,155512896,1st Year,20263897,Alpha Team,Secretary
Patricia U. Sen,155512897,1st Year,20263898,Beta Team,Treasurer
Steven F. Gonzalez,155512898,1st Year,20263899,Gamma Team,Vice-Leader
William X. Martinez,155512899,1st Year,20263900,Delta Team,Member
Michelle H. Patel,155512900,1st Year,20263901,Alpha Team,Leader
Margaret B. Perez,155512901,1st Year,20263902,Beta Team,Member
Kevin J. Hernandez,155512902,1st Year,20263903,Gamma Team,Analyst
Christopher B. Anderson,155512903,1st Year,20263904,Delta Team,Developer
Richard W. Harris,155512904,1st Year,20263905,Alpha Team,Designer
Joseph X. Miller,155512905,1st Year,20263906,Beta Team,Coordinator
Ashley N. Robinson,155512906,1st Year,20263907,Gamma Team,Secretary
Kevin H. Smith,155512907,1st Year,20263908,Delta Team,Treasurer
Margaret X. Miller,155512908,1st Year,20263909,Alpha Team,Vice-Leader
Riya H. Hernandez,155512909,1st Year,20263910,Beta Team,Member
Michael Z. Rodriguez,155512910,1st Year,20263911,Gamma Team,Leader
Carol T. Robinson,155512911,1st Year,20263912,Delta Team,Member
William E. Sharma,155512912,1st Year,20263913,Alpha Team,Analyst
Jennifer E. Gonzalez,155512913,1st Year,20263914,Beta Team,Developer
Elizabeth E. Hernandez,155512914,1st Year,20263915,Gamma Team,Designer
Ananya M. Nair,155512915,1st Year,20263916,Delta Team,Coordinator
Linda P. Moore,155512916,1st Year,20263917,Alpha Team,Secretary
Joshua I. Thomas,155512917,1st Year,20263918,Beta Team,Treasurer
Sandra N. Thompson,155512918,1st Year,20263919,Gamma Team,Vice-Leader
Joseph M. Rao,155512919,1st Year,20263920,Delta Team,Member
Ronald I. Reddy,155512920,1st Year,20263921,Alpha Team,Leader
Riya B. Thompson,155512921,1st Year,20263922,Beta Team,Member
Kimberly H. Thomas,155512922,1st Year,20263923,Gamma Team,Analyst
David P. Sanchez,155512923,1st Year,20263924,Delta Team,Developer
Steven S. Anderson,155512924,1st Year,20263925,Alpha Team,Designer
Kenneth Y. Joshi,155512925,1st Year,20263926,Beta Team,Coordinator
Ashley P. Martin,155512926,1st Year,20263927,Gamma Team,Secretary
Jessica M. Rao,155512927,1st Year,20263928,Delta Team,Treasurer
Dorothy D. Sharma,155512928,1st Year,20263929,Alpha Team,Vice-Leader
Amanda E. Taylor,155512929,1st Year,20263930,Beta Team,Member
Patricia H. Thomas,155512930,1st Year,20263931,Gamma Team,Leader
Kevin G. Brown,155512931,1st Year,20263932,Delta Team,Member
Melissa S. Taylor,155512932,1st Year,20263933,Alpha Team,Analyst
Anthony E. Mehta,155512933,1st Year,20263934,Beta Team,Developer
Brian O. Jones,155512934,1st Year,20263935,Gamma Team,Designer
Donna J. Sen,155512935,1st Year,20263936,Delta Team,Coordinator
Susan Q. Lee,155512936,1st Year,20263937,Alpha Team,Secretary
Donna L. Kapoor,155512937,1st Year,20263938,Beta Team,Treasurer
Emily O. Jackson,155512938,1st Year,20263939,Gamma Team,Vice-Leader
Kabir F. Jones,155512939,1st Year,20263940,Delta Team,Member
Mary X. Mehta,155512940,1st Year,20263941,Alpha Team,Leader
Vihaan T. Lewis,155512941,1st Year,20263942,Beta Team,Member
David Q. Williams,155512942,1st Year,20263943,Gamma Team,Analyst
David W. Mehta,155512943,1st Year,20263944,Delta Team,Developer
Ananya E. Moore,155512944,1st Year,20263945,Alpha Team,Designer
Ananya J. Garcia,155512945,1st Year,20263946,Beta Team,Coordinator
Sandra P. Jones,155512946,1st Year,20263947,Gamma Team,Secretary
Timothy C. Patel,155512947,1st Year,20263948,Delta Team,Treasurer
James F. Wilson,155512948,1st Year,20263949,Alpha Team,Vice-Leader
Susan Z. Wilson,155512949,1st Year,20263950,Beta Team,Member
Carol F. Rao,155512950,1st Year,20263951,Gamma Team,Leader
Emily R. Patel,155512951,1st Year,20263952,Delta Team,Member
Donna N. Martinez,155512952,1st Year,20263953,Alpha Team,Analyst
Amanda D. White,155512953,1st Year,20263954,Beta Team,Developer
Michael G. Moore,155512954,1st Year,20263955,Gamma Team,Designer
Jessica X. Robinson,155512955,1st Year,20263956,Delta Team,Coordinator
Vihaan Q. Perez,155512956,1st Year,20263957,Alpha Team,Secretary
Susan K. Lewis,155512957,1st Year,20263958,Beta Team,Treasurer
Vihaan R. Johnson,155512958,1st Year,20263959,Gamma Team,Vice-Leader
Linda H. Brown,155512959,1st Year,20263960,Delta Team,Member
Dev K. Smith,155512960,1st Year,20263961,Alpha Team,Leader
Dev Y. Nair,155512961,1st Year,20263962,Beta Team,Member
Brian Y. Davis,155512962,1st Year,20263963,Gamma Team,Analyst
Deborah Q. Thompson,155512963,1st Year,20263964,Delta Team,Developer
Susan C. Lewis,155512964,1st Year,20263965,Alpha Team,Designer
Aarav E. Perez,155512965,1st Year,20263966,Beta Team,Coordinator
Joshua E. Johnson,155512966,1st Year,20263967,Gamma Team,Secretary
Karen I. Martin,155512967,1st Year,20263968,Delta Team,Treasurer
Charles C. Clark,155512968,1st Year,20263969,Alpha Team,Vice-Leader
William H. Miller,155512969,1st Year,20263970,Beta Team,Member
Sarah A. Harris,155512970,1st Year,20263971,Gamma Team,Leader
Patricia U. Lewis,155512971,1st Year,20263972,Delta Team,Member
Isha Y. Mehta,155512972,1st Year,20263973,Alpha Team,Analyst
Jessica I. Mehta,155512973,1st Year,20263974,Beta Team,Developer
Charles Q. Williams,155512974,1st Year,20263975,Gamma Team,Designer
Charles T. Harris,155512975,1st Year,20263976,Delta Team,Coordinator
Vihaan C. Moore,155512976,1st Year,20263977,Alpha Team,Secretary
Lisa M. Williams,155512977,1st Year,20263978,Beta Team,Treasurer
Vihaan R. Taylor,155512978,1st Year,20263979,Gamma Team,Vice-Leader
Betty Z. Moore,155512979,1st Year,20263980,Delta Team,Member
Aarav L. Lopez,155512980,1st Year,20263981,Alpha Team,Leader
Deborah G. Mehta,155512981,1st Year,20263982,Beta Team,Member
Richard R. Reddy,155512982,1st Year,20263983,Gamma Team,Analyst
Andrew Y. Smith,155512983,1st Year,20263984,Delta Team,Developer
Ashley W. Anderson,155512984,1st Year,20263985,Alpha Team,Designer
Emily L. Sanchez,155512985,1st Year,20263986,Beta Team,Coordinator
Charles J. Jones,155512986,1st Year,20263987,Gamma Team,Secretary
Steven Y. Gonzalez,155512987,1st Year,20263988,Delta Team,Treasurer
Thomas E. Garcia,155512988,1st Year,20263989,Alpha Team,Vice-Leader
Michelle C. Sen,155512989,1st Year,20263990,Beta Team,Member
Kabir D. Kapoor,155512990,1st Year,20263991,Gamma Team,Leader
Emily B. Joshi,155512991,1st Year,20263992,Delta Team,Member
Michelle O. Davis,155512992,1st Year,20263993,Alpha Team,Analyst
Anthony A. Lopez,155512993,1st Year,20263994,Beta Team,Developer
Vihaan J. Davis,155512994,1st Year,20263995,Gamma Team,Designer
Timothy I. Miller,155512995,1st Year,20263996,Delta Team,Coordinator
Ronald Z. Jones,155512996,1st Year,20263997,Alpha Team,Secretary
Margaret B. Nair,155512997,1st Year,20263998,Beta Team,Treasurer
Anthony I. Smith,155512998,1st Year,20263999,Gamma Team,Vice-Leader
Richard Z. Sanchez,155512999,1st Year,20264000,Delta Team,Member
Vihaan S. Martin,155513000,1st Year,20264001,Alpha Team,Leader
Paul T. Williams,155513001,1st Year,20264002,Beta Team,Member
Karen A. Miller,155513002,1st Year,20264003,Gamma Team,Analyst
Betty U. Mehta,155513003,1st Year,20264004,Delta Team,Developer
James L. Moore,155513004,1st Year,20264005,Alpha Team,Designer
Linda U. Smith,155513005,1st Year,20264006,Beta Team,Coordinator
Kimberly R. Lopez,155513006,1st Year,20264007,Gamma Team,Secretary
Amanda W. Hernandez,155513007,1st Year,20264008,Delta Team,Treasurer
Betty V. Iyer,155513008,1st Year,20264009,Alpha Team,Vice-Leader
Nancy F. White,155513009,1st Year,20264010,Beta Team,Member
Michael B. Reddy,155513010,1st Year,20264011,Gamma Team,Leader
Sai B. Mehta,155513011,1st Year,20264012,Delta Team,Member
Mark R. Clark,155513012,1st Year,20264013,Alpha Team,Analyst
Donald O. Miller,155513013,1st Year,20264014,Beta Team,Developer
Sarah Y. White,155513014,1st Year,20264015,Gamma Team,Designer
Zara U. White,155513015,1st Year,20264016,Delta Team,Coordinator
Kenneth W. Robinson,155513016,1st Year,20264017,Alpha Team,Secretary
Meera Z. Ramirez,155513017,1st Year,20264018,Beta Team,Treasurer
Linda U. Garcia,155513018,1st Year,20264019,Gamma Team,Vice-Leader
Dev K. Moore,155513019,1st Year,20264020,Delta Team,Member
Sandra F. Johnson,155513020,1st Year,20264021,Alpha Team,Leader
Deborah N. Brown,155513021,1st Year,20264022,Beta Team,Member
Lisa A. White,155513022,1st Year,20264023,Gamma Team,Analyst
Charles Q. Iyer,155513023,1st Year,20264024,Delta Team,Developer
Patricia H. Reddy,155513024,1st Year,20264025,Alpha Team,Designer
Barbara R. Thomas,155513025,1st Year,20264026,Beta Team,Coordinator
Riya T. Lewis,155513026,1st Year,20264027,Gamma Team,Secretary
Karen X. Wilson,155513027,1st Year,20264028,Delta Team,Treasurer
Thomas E. Sanchez,155513028,1st Year,20264029,Alpha Team,Vice-Leader
Andrew N. Robinson,155513029,1st Year,20264030,Beta Team,Member
Vihaan V. Nair,155513030,1st Year,20264031,Gamma Team,Leader
Aarav R. Miller,155513031,1st Year,20264032,Delta Team,Member
Amanda T. Martin,155513032,1st Year,20264033,Alpha Team,Analyst
Donald C. Robinson,155513033,1st Year,20264034,Beta Team,Developer
Mary S. Thomas,155513034,1st Year,20264035,Gamma Team,Designer
Timothy N. Martinez,155513035,1st Year,20264036,Delta Team,Coordinator
Sandra C. Davis,155513036,1st Year,20264037,Alpha Team,Secretary
James U. Lewis,155513037,1st Year,20264038,Beta Team,Treasurer
Ashley L. Sen,155513038,1st Year,20264039,Gamma Team,Vice-Leader
Ananya E. White,155513039,1st Year,20264040,Delta Team,Member
David R. Garcia,155513040,1st Year,20264041,Alpha Team,Leader
David W. Iyer,155513041,1st Year,20264042,Beta Team,Member
Thomas X. Jones,155513042,1st Year,20264043,Gamma Team,Analyst
Aarav G. Wilson,155513043,1st Year,20264044,Delta Team,Developer
Ronald W. Sharma,155513044,1st Year,20264045,Alpha Team,Designer
Sandra V. Mehta,155513045,1st Year,20264046,Beta Team,Coordinator
Kenneth F. Johnson,155513046,1st Year,20264047,Gamma Team,Secretary
Thomas G. Garcia,155513047,1st Year,20264048,Delta Team,Treasurer
Patricia T. Johnson,155513048,1st Year,20264049,Alpha Team,Vice-Leader
Riya E. Clark,155513049,1st Year,20264050,Beta Team,Member
Brian C. Hernandez,155513050,1st Year,20264051,Gamma Team,Leader
Kenneth P. Martin,155513051,1st Year,20264052,Delta Team,Member
Joseph C. Nair,155513052,1st Year,20264053,Alpha Team,Analyst
Emily C. Lee,155513053,1st Year,20264054,Beta Team,Developer
Matthew M. Anderson,155513054,1st Year,20264055,Gamma Team,Designer
Kimberly F. Taylor,155513055,1st Year,20264056,Delta Team,Coordinator
Vihaan H. Smith,155513056,1st Year,20264057,Alpha Team,Secretary
Paul K. Rao,155513057,1st Year,20264058,Beta Team,Treasurer
Melissa B. Thomas,155513058,1st Year,20264059,Gamma Team,Vice-Leader
Emily C. Clark,155513059,1st Year,20264060,Delta Team,Member
Deborah I. Miller,155513060,1st Year,20264061,Alpha Team,Leader
Aarav W. Jackson,155513061,1st Year,20264062,Beta Team,Member
Robert S. Rao,155513062,1st Year,20264063,Gamma Team,Analyst
Anthony G. Anderson,155513063,1st Year,20264064,Delta Team,Developer
Joseph C. Taylor,155513064,1st Year,20264065,Alpha Team,Designer
Paul A. Davis,155513065,1st Year,20264066,Beta Team,Coordinator
Dorothy T. Jones,155513066,1st Year,20264067,Gamma Team,Secretary
Thomas W. Davis,155513067,1st Year,20264068,Delta Team,Treasurer
Donna V. Rodriguez,155513068,1st Year,20264069,Alpha Team,Vice-Leader
Jessica F. Wilson,155513069,1st Year,20264070,Beta Team,Member
Timothy D. Nair,155513070,1st Year,20264071,Gamma Team,Leader
Donald F. Reddy,155513071,1st Year,20264072,Delta Team,Member
Steven C. Iyer,155513072,1st Year,20264073,Alpha Team,Analyst
Kenneth I. Moore,155513073,1st Year,20264074,Beta Team,Developer
Mary H. Nair,155513074,1st Year,20264075,Gamma Team,Designer
Lisa X. Sanchez,155513075,1st Year,20264076,Delta Team,Coordinator
Carol E. Anderson,155513076,1st Year,20264077,Alpha Team,Secretary
Robert S. Wilson,155513077,1st Year,20264078,Beta Team,Treasurer
Linda K. Lewis,155513078,1st Year,20264079,Gamma Team,Vice-Leader
Donna U. Sanchez,155513079,1st Year,20264080,Delta Team,Member
Robert U. Mehta,155513080,1st Year,20264081,Alpha Team,Leader
Donna J. Lewis,155513081,1st Year,20264082,Beta Team,Member
Carol T. Hernandez,155513082,1st Year,20264083,Gamma Team,Analyst
Michelle T. Rodriguez,155513083,1st Year,20264084,Delta Team,Developer
Sandra R. Lewis,155513084,1st Year,20264085,Alpha Team,Designer
Matthew T. Sanchez,155513085,1st Year,20264086,Beta Team,Coordinator
James P. Reddy,155513086,1st Year,20264087,Gamma Team,Secretary
Donald I. Patel,155513087,1st Year,20264088,Delta Team,Treasurer
Elizabeth W. Lee,155513088,1st Year,20264089,Alpha Team,Vice-Leader
Charles Z. Williams,155513089,1st Year,20264090,Beta Team,Member
Robert V. Martinez,155513090,1st Year,20264091,Gamma Team,Leader
Patricia J. Martin,155513091,1st Year,20264092,Delta Team,Member
Zara Z. Miller,155513092,1st Year,20264093,Alpha Team,Analyst
Brian B. Lee,155513093,1st Year,20264094,Beta Team,Developer
William X. Taylor,155513094,1st Year,20264095,Gamma Team,Designer
Meera D. Lewis,155513095,1st Year,20264096,Delta Team,Coordinator
Michael S. Mehta,155513096,1st Year,20264097,Alpha Team,Secretary
Karen Q. Garcia,155513097,1st Year,20264098,Beta Team,Treasurer
Matthew F. Sen,155513098,1st Year,20264099,Gamma Team,Vice-Leader
John M. Brown,155513099,1st Year,20264100,Delta Team,Member
Christopher D. Patel,155513100,1st Year,20264101,Alpha Team,Leader
Vihaan O. Jones,155513101,1st Year,20264102,Beta Team,Member
Jessica P. Taylor,155513102,1st Year,20264103,Gamma Team,Analyst
Donald C. Perez,155513103,1st Year,20264104,Delta Team,Developer
Christopher O. Thompson,155513104,1st Year,20264105,Alpha Team,Designer
Riya H. Reddy,155513105,1st Year,20264106,Beta Team,Coordinator
Robert O. Patel,155513106,1st Year,20264107,Gamma Team,Secretary
Zara L. Mehta,155513107,1st Year,20264108,Delta Team,Treasurer
Jessica L. Nair,155513108,1st Year,20264109,Alpha Team,Vice-Leader
Michael J. Gonzalez,155513109,1st Year,20264110,Beta Team,Member
Nancy N. Taylor,155513110,1st Year,20264111,Gamma Team,Leader
Susan Z. Robinson,155513111,1st Year,20264112,Delta Team,Member
Meera S. Martinez,155513112,1st Year,20264113,Alpha Team,Analyst
Kimberly I. Kapoor,155513113,1st Year,20264114,Beta Team,Developer
Sai F. Sanchez,155513114,1st Year,20264115,Gamma Team,Designer
Karen F. Thomas,155513115,1st Year,20264116,Delta Team,Coordinator
Vihaan J. Williams,155513116,1st Year,20264117,Alpha Team,Secretary
Nancy Y. Jackson,155513117,1st Year,20264118,Beta Team,Treasurer
Isha P. Joshi,155513118,1st Year,20264119,Gamma Team,Vice-Leader
Brian S. Davis,155513119,1st Year,20264120,Delta Team,Member
Andrew V. Thompson,155513120,1st Year,20264121,Alpha Team,Leader
Charles S. Martinez,155513121,1st Year,20264122,Beta Team,Member
Charles P. White,155513122,1st Year,20264123,Gamma Team,Analyst
Daniel L. Sharma,155513123,1st Year,20264124,Delta Team,Developer
Zara E. Martin,155513124,1st Year,20264125,Alpha Team,Designer
Jessica N. Rao,155513125,1st Year,20264126,Beta Team,Coordinator
Kevin Y. Gonzalez,155513126,1st Year,20264127,Gamma Team,Secretary
Zara H. Anderson,155513127,1st Year,20264128,Delta Team,Treasurer
Paul Z. Patel,155513128,1st Year,20264129,Alpha Team,Vice-Leader
Deborah M. Robinson,155513129,1st Year,20264130,Beta Team,Member
Jennifer J. Jones,155513130,1st Year,20264131,Gamma Team,Leader
William G. Clark,155513131,1st Year,20264132,Delta Team,Member
Ananya N. Jones,155513132,1st Year,20264133,Alpha Team,Analyst
Aarav Y. Miller,155513133,1st Year,20264134,Beta Team,Developer
Lisa S. Garcia,155513134,1st Year,20264135,Gamma Team,Designer
Jessica U. Martinez,155513135,1st Year,20264136,Delta Team,Coordinator
Amanda S. Sen,155513136,1st Year,20264137,Alpha Team,Secretary
Andrew R. Taylor,155513137,1st Year,20264138,Beta Team,Treasurer
Sai F. Jones,155513138,1st Year,20264139,Gamma Team,Vice-Leader
Sandra F. White,155513139,1st Year,20264140,Delta Team,Member
Daniel K. Jackson,155513140,1st Year,20264141,Alpha Team,Leader
Joshua I. Lee,155513141,1st Year,20264142,Beta Team,Member
Isha W. Clark,155513142,1st Year,20264143,Gamma Team,Analyst
Jessica R. Robinson,155513143,1st Year,20264144,Delta Team,Developer
Donna U. Perez,155513144,1st Year,20264145,Alpha Team,Designer
Daniel G. Ramirez,155513145,1st Year,20264146,Beta Team,Coordinator
Joseph E. Rodriguez,155513146,1st Year,20264147,Gamma Team,Secretary
Lisa U. Harris,155513147,1st Year,20264148,Delta Team,Treasurer
Nancy S. Joshi,155513148,1st Year,20264149,Alpha Team,Vice-Leader
Aarav W. Thomas,155513149,1st Year,20264150,Beta Team,Member
Melissa M. Jones,155513150,1st Year,20264151,Gamma Team,Leader
Elizabeth Q. Perez,155513151,1st Year,20264152,Delta Team,Member
Elizabeth L. Hernandez,155513152,1st Year,20264153,Alpha Team,Analyst
Betty E. Ramirez,155513153,1st Year,20264154,Beta Team,Developer
Deborah H. Martinez,155513154,1st Year,20264155,Gamma Team,Designer
Deborah P. Nair,155513155,1st Year,20264156,Delta Team,Coordinator
Vihaan D. Williams,155513156,1st Year,20264157,Alpha Team,Secretary
Susan L. Miller,155513157,1st Year,20264158,Beta Team,Treasurer
Carol O. Anderson,155513158,1st Year,20264159,Gamma Team,Vice-Leader
Zara P. Johnson,155513159,1st Year,20264160,Delta Team,Member
Riya M. Lopez,155513160,1st Year,20264161,Alpha Team,Leader
Amanda N. Patel,155513161,1st Year,20264162,Beta Team,Member
Mark A. Lee,155513162,1st Year,20264163,Gamma Team,Analyst
Emily G. Garcia,155513163,1st Year,20264164,Delta Team,Developer
Patricia H. Gonzalez,155513164,1st Year,20264165,Alpha Team,Designer
Isha J. Smith,155513165,1st Year,20264166,Beta Team,Coordinator
Joshua Y. Clark,155513166,1st Year,20264167,Gamma Team,Secretary
Mark H. Williams,155513167,1st Year,20264168,Delta Team,Treasurer
Carol L. Martin,155513168,1st Year,20264169,Alpha Team,Vice-Leader
Donald H. Patel,155513169,1st Year,20264170,Beta Team,Member
Donna X. Jones,155513170,1st Year,20264171,Gamma Team,Leader
Sai G. Patel,155513171,1st Year,20264172,Delta Team,Member
Ashley O. Lee,155513172,1st Year,20264173,Alpha Team,Analyst
Kabir J. Davis,155513173,1st Year,20264174,Beta Team,Developer
Amanda U. Anderson,155513174,1st Year,20264175,Gamma Team,Designer
Zara B. Gonzalez,155513175,1st Year,20264176,Delta Team,Coordinator
William P. Rao,155513176,1st Year,20264177,Alpha Team,Secretary
Elizabeth E. Rodriguez,155513177,1st Year,20264178,Beta Team,Treasurer
Anthony V. Perez,155513178,1st Year,20264179,Gamma Team,Vice-Leader
Kevin M. Martinez,155513179,1st Year,20264180,Delta Team,Member
Ronald E. Harris,155513180,1st Year,20264181,Alpha Team,Leader
Jessica J. Martin,155513181,1st Year,20264182,Beta Team,Member
Barbara X. Kapoor,155513182,1st Year,20264183,Gamma Team,Analyst
Carol N. Harris,155513183,1st Year,20264184,Delta Team,Developer
Charles J. Brown,155513184,1st Year,20264185,Alpha Team,Designer
Mary J. Moore,155513185,1st Year,20264186,Beta Team,Coordinator
Deborah W. Harris,155513186,1st Year,20264187,Gamma Team,Secretary
William C. Clark,155513187,1st Year,20264188,Delta Team,Treasurer
Patricia E. Sanchez,155513188,1st Year,20264189,Alpha Team,Vice-Leader
William M. Hernandez,155513189,1st Year,20264190,Beta Team,Member
Amanda N. Perez,155513190,1st Year,20264191,Gamma Team,Leader
Mark H. Lee,155513191,1st Year,20264192,Delta Team,Member
Isha D. Rodriguez,155513192,1st Year,20264193,Alpha Team,Analyst
James U. Clark,155513193,1st Year,20264194,Beta Team,Developer
David X. Taylor,155513194,1st Year,20264195,Gamma Team,Designer
Mary M. Garcia,155513195,1st Year,20264196,Delta Team,Coordinator
Aarav Y. Martin,155513196,1st Year,20264197,Alpha Team,Secretary
Mary U. Clark,155513197,1st Year,20264198,Beta Team,Treasurer
William J. Moore,155513198,1st Year,20264199,Gamma Team,Vice-Leader
Donald X. Williams,155513199,1st Year,20264200,Delta Team,Member
James A. Wilson,155513200,1st Year,20264201,Alpha Team,Leader
Sarah U. Robinson,155513201,1st Year,20264202,Beta Team,Member
Michael E. Anderson,155513202,1st Year,20264203,Gamma Team,Analyst
Aarav U. Nair,155513203,1st Year,20264204,Delta Team,Developer
Barbara A. Jackson,155513204,1st Year,20264205,Alpha Team,Designer
Kenneth P. Wilson,155513205,1st Year,20264206,Beta Team,Coordinator
Kabir I. Johnson,155513206,1st Year,20264207,Gamma Team,Secretary
Betty O. Rodriguez,155513207,1st Year,20264208,Delta Team,Treasurer
Meera D. Patel,155513208,1st Year,20264209,Alpha Team,Vice-Leader
Matthew A. Rodriguez,155513209,1st Year,20264210,Beta Team,Member
James S. Wilson,155513210,1st Year,20264211,Gamma Team,Leader
Joseph B. Lewis,155513211,1st Year,20264212,Delta Team,Member
Vihaan C. Davis,155513212,1st Year,20264213,Alpha Team,Analyst
Kenneth R. Martin,155513213,1st Year,20264214,Beta Team,Developer
Zara A. Davis,155513214,1st Year,20264215,Gamma Team,Designer
Riya X. Lewis,155513215,1st Year,20264216,Delta Team,Coordinator
Daniel O. Joshi,155513216,1st Year,20264217,Alpha Team,Secretary
Donald S. Davis,155513217,1st Year,20264218,Beta Team,Treasurer
Kabir S. Iyer,155513218,1st Year,20264219,Gamma Team,Vice-Leader
Dorothy C. Thompson,155513219,1st Year,20264220,Delta Team,Member
Kevin C. Hernandez,155513220,1st Year,20264221,Alpha Team,Leader
Thomas F. Taylor,155513221,1st Year,20264222,Beta Team,Member
Timothy J. Gonzalez,155513222,1st Year,20264223,Gamma Team,Analyst
John Q. Rao,155513223,1st Year,20264224,Delta Team,Developer
Meera C. Davis,155513224,1st Year,20264225,Alpha Team,Designer
Sarah D. Kapoor,155513225,1st Year,20264226,Beta Team,Coordinator
John Q. Wilson,155513226,1st Year,20264227,Gamma Team,Secretary
Kenneth R. Kapoor,155513227,1st Year,20264228,Delta Team,Treasurer
Daniel J. Kapoor,155513228,1st Year,20264229,Alpha Team,Vice-Leader
David M. Miller,155513229,1st Year,20264230,Beta Team,Member
Matthew Z. Smith,155513230,1st Year,20264231,Gamma Team,Leader
Matthew H. Perez,155513231,1st Year,20264232,Delta Team,Member
Matthew L. Sharma,155513232,1st Year,20264233,Alpha Team,Analyst
Karen E. Wilson,155513233,1st Year,20264234,Beta Team,Developer
Timothy I. Brown,155513234,1st Year,20264235,Gamma Team,Designer
Sai Q. Rodriguez,155513235,1st Year,20264236,Delta Team,Coordinator
Ashley I. Mehta,155513236,1st Year,20264237,Alpha Team,Secretary
Ashley B. Taylor,155513237,1st Year,20264238,Beta Team,Treasurer
Joshua Q. Clark,155513238,1st Year,20264239,Gamma Team,Vice-Leader
Robert E. Johnson,155513239,1st Year,20264240,Delta Team,Member
Charles H. Johnson,155513240,1st Year,20264241,Alpha Team,Leader
Aarav A. Lopez,155513241,1st Year,20264242,Beta Team,Member
Joseph P. Kapoor,155513242,1st Year,20264243,Gamma Team,Analyst
Betty Z. Hernandez,155513243,1st Year,20264244,Delta Team,Developer
Joshua J. Brown,155513244,1st Year,20264245,Alpha Team,Designer
Elizabeth D. Sanchez,155513245,1st Year,20264246,Beta Team,Coordinator
Steven C. Thompson,155513246,1st Year,20264247,Gamma Team,Secretary
Susan X. Sanchez,155513247,1st Year,20264248,Delta Team,Treasurer
Sandra U. Moore,155513248,1st Year,20264249,Alpha Team,Vice-Leader
Melissa Y. Martin,155513249,1st Year,20264250,Beta Team,Member
Michelle G. Lee,155513250,1st Year,20264251,Gamma Team,Leader
Lisa B. Gonzalez,155513251,1st Year,20264252,Delta Team,Member
Margaret Q. Davis,155513252,1st Year,20264253,Alpha Team,Analyst
Robert G. Perez,155513253,1st Year,20264254,Beta Team,Developer
Barbara I. Perez,155513254,1st Year,20264255,Gamma Team,Designer
Dev E. Kapoor,155513255,1st Year,20264256,Delta Team,Coordinator
Kevin G. Lee,155513256,1st Year,20264257,Alpha Team,Secretary
Robert F. Lopez,155513257,1st Year,20264258,Beta Team,Treasurer
Nancy H. Rodriguez,155513258,1st Year,20264259,Gamma Team,Vice-Leader
Aarav J. Robinson,155513259,1st Year,20264260,Delta Team,Member
Sandra L. Sharma,155513260,1st Year,20264261,Alpha Team,Leader
Mark S. Thompson,155513261,1st Year,20264262,Beta Team,Member
Karen I. Joshi,155513262,1st Year,20264263,Gamma Team,Analyst
Donna V. Patel,155513263,1st Year,20264264,Delta Team,Developer
Christopher S. Rodriguez,155513264,1st Year,20264265,Alpha Team,Designer
Ashley Y. Jackson,155513265,1st Year,20264266,Beta Team,Coordinator
Elizabeth G. Rao,155513266,1st Year,20264267,Gamma Team,Secretary
Carol R. Johnson,155513267,1st Year,20264268,Delta Team,Treasurer
Karen J. Robinson,155513268,1st Year,20264269,Alpha Team,Vice-Leader
Isha N. Martin,155513269,1st Year,20264270,Beta Team,Member
Richard G. Nair,155513270,1st Year,20264271,Gamma Team,Leader
Donna P. Thomas,155513271,1st Year,20264272,Delta Team,Member
Meera W. Lee,155513272,1st Year,20264273,Alpha Team,Analyst
Michael D. Robinson,155513273,1st Year,20264274,Beta Team,Developer
Matthew V. Sen,155513274,1st Year,20264275,Gamma Team,Designer
Michael Y. Thomas,155513275,1st Year,20264276,Delta Team,Coordinator
Melissa I. Perez,155513276,1st Year,20264277,Alpha Team,Secretary
Sarah G. Thompson,155513277,1st Year,20264278,Beta Team,Treasurer
Vihaan K. Joshi,155513278,1st Year,20264279,Gamma Team,Vice-Leader
Sai Y. Lewis,155513279,1st Year,20264280,Delta Team,Member
Anthony G. Taylor,155513280,1st Year,20264281,Alpha Team,Leader
Riya N. Thompson,155513281,1st Year,20264282,Beta Team,Member
Elizabeth L. Sanchez,155513282,1st Year,20264283,Gamma Team,Analyst
Ashley M. Johnson,155513283,1st Year,20264284,Delta Team,Developer
Mark S. Brown,155513284,1st Year,20264285,Alpha Team,Designer
Lisa G. Sanchez,155513285,1st Year,20264286,Beta Team,Coordinator
Donna U. Clark,155513286,1st Year,20264287,Gamma Team,Secretary
Thomas N. Reddy,155513287,1st Year,20264288,Delta Team,Treasurer
Ronald W. Rao,155513288,1st Year,20264289,Alpha Team,Vice-Leader
Donald O. Anderson,155513289,1st Year,20264290,Beta Team,Member
Mary B. Sen,155513290,1st Year,20264291,Gamma Team,Leader
Timothy O. Thomas,155513291,1st Year,20264292,Delta Team,Member
Sai O. Clark,155513292,1st Year,20264293,Alpha Team,Analyst
Isha S. Anderson,155513293,1st Year,20264294,Beta Team,Developer
Betty B. White,155513294,1st Year,20264295,Gamma Team,Designer
Zara R. Jackson,155513295,1st Year,20264296,Delta Team,Coordinator
William X. Martin,155513296,1st Year,20264297,Alpha Team,Secretary
Kevin A. Nair,155513297,1st Year,20264298,Beta Team,Treasurer
Dorothy U. Reddy,155513298,1st Year,20264299,Gamma Team,Vice-Leader
Vihaan U. Moore,155513299,1st Year,20264300,Delta Team,Member
Sarah G. Martin,155513300,1st Year,20264301,Alpha Team,Leader
Carol Y. Taylor,155513301,1st Year,20264302,Beta Team,Member
Donna D. Thomas,155513302,1st Year,20264303,Gamma Team,Analyst
Riya A. Davis,155513303,1st Year,20264304,Delta Team,Developer
Anthony R. Patel,155513304,1st Year,20264305,Alpha Team,Designer
Emily I. Sharma,155513305,1st Year,20264306,Beta Team,Coordinator
Carol Z. Harris,155513306,1st Year,20264307,Gamma Team,Secretary
Dorothy V. Lewis,155513307,1st Year,20264308,Delta Team,Treasurer
Riya O. Anderson,155513308,1st Year,20264309,Alpha Team,Vice-Leader
Donna Y. Lopez,155513309,1st Year,20264310,Beta Team,Member
Isha M. Reddy,155513310,1st Year,20264311,Gamma Team,Leader
Kabir G. Reddy,155513311,1st Year,20264312,Delta Team,Member
Michelle W. Robinson,155513312,1st Year,20264313,Alpha Team,Analyst
James L. Ramirez,155513313,1st Year,20264314,Beta Team,Developer
Amanda P. Martinez,155513314,1st Year,20264315,Gamma Team,Designer
Charles N. Patel,155513315,1st Year,20264316,Delta Team,Coordinator
Betty F. Perez,155513316,1st Year,20264317,Alpha Team,Secretary
Melissa B. Thompson,155513317,1st Year,20264318,Beta Team,Treasurer
Donna L. Davis,155513318,1st Year,20264319,Gamma Team,Vice-Leader
Ronald Z. Reddy,155513319,1st Year,20264320,Delta Team,Member
Meera L. Miller,155513320,1st Year,20264321,Alpha Team,Leader
Kabir D. Jones,155513321,1st Year,20264322,Beta Team,Member
Kenneth I. Ramirez,155513322,1st Year,20264323,Gamma Team,Analyst
Melissa J. Johnson,155513323,1st Year,20264324,Delta Team,Developer
Michelle X. Lee,155513324,1st Year,20264325,Alpha Team,Designer
Lisa P. Jones,155513325,1st Year,20264326,Beta Team,Coordinator
Ronald P. Iyer,155513326,1st Year,20264327,Gamma Team,Secretary
David K. Moore,155513327,1st Year,20264328,Delta Team,Treasurer
Sai Q. Reddy,155513328,1st Year,20264329,Alpha Team,Vice-Leader
Michelle S. Ramirez,155513329,1st Year,20264330,Beta Team,Member
Thomas S. Reddy,155513330,1st Year,20264331,Gamma Team,Leader
Dorothy N. Johnson,155513331,1st Year,20264332,Delta Team,Member
Kimberly T. Martin,155513332,1st Year,20264333,Alpha Team,Analyst
Barbara O. Davis,155513333,1st Year,20264334,Beta Team,Developer
Ananya Q. Garcia,155513334,1st Year,20264335,Gamma Team,Designer
Vihaan B. Mehta,155513335,1st Year,20264336,Delta Team,Coordinator
Paul Z. Miller,155513336,1st Year,20264337,Alpha Team,Secretary
Zara N. Gonzalez,155513337,1st Year,20264338,Beta Team,Treasurer
Riya K. Moore,155513338,1st Year,20264339,Gamma Team,Vice-Leader
Barbara V. Hernandez,155513339,1st Year,20264340,Delta Team,Member
Ronald V. Jones,155513340,1st Year,20264341,Alpha Team,Leader
Sandra V. Davis,155513341,1st Year,20264342,Beta Team,Member
Zara A. Moore,155513342,1st Year,20264343,Gamma Team,Analyst
James R. Jackson,155513343,1st Year,20264344,Delta Team,Developer
Betty E. Clark,155513344,1st Year,20264345,Alpha Team,Designer
Robert Q. Williams,155513345,1st Year,20264346,Beta Team,Coordinator
Zara T. Smith,155513346,1st Year,20264347,Gamma Team,Secretary
Deborah H. Davis,155513347,1st Year,20264348,Delta Team,Treasurer
Karen C. Sanchez,155513348,1st Year,20264349,Alpha Team,Vice-Leader
Betty H. Moore,155513349,1st Year,20264350,Beta Team,Member
Ashley I. Iyer,155513350,1st Year,20264351,Gamma Team,Leader
Margaret R. Martinez,155513351,1st Year,20264352,Delta Team,Member
Dorothy J. Nair,155513352,1st Year,20264353,Alpha Team,Analyst
Donald B. Davis,155513353,1st Year,20264354,Beta Team,Developer
Ashley A. Lewis,155513354,1st Year,20264355,Gamma Team,Designer
David X. Jackson,155513355,1st Year,20264356,Delta Team,Coordinator
Michael Z. Nair,155513356,1st Year,20264357,Alpha Team,Secretary
James A. Davis,155513357,1st Year,20264358,Beta Team,Treasurer
Jennifer X. Wilson,155513358,1st Year,20264359,Gamma Team,Vice-Leader
Brian R. White,155513359,1st Year,20264360,Delta Team,Member
Ananya B. Joshi,155513360,1st Year,20264361,Alpha Team,Leader
Vihaan W. Martinez,155513361,1st Year,20264362,Beta Team,Member
William N. Mehta,155513362,1st Year,20264363,Gamma Team,Analyst
Betty F. Harris,155513363,1st Year,20264364,Delta Team,Developer
Thomas W. Perez,155513364,1st Year,20264365,Alpha Team,Designer
Meera Y. Rodriguez,155513365,1st Year,20264366,Beta Team,Coordinator
Emily U. Jackson,155513366,1st Year,20264367,Gamma Team,Secretary
Lisa Y. Thompson,155513367,1st Year,20264368,Delta Team,Treasurer
Carol O. Iyer,155513368,1st Year,20264369,Alpha Team,Vice-Leader
Andrew G. Sharma,155513369,1st Year,20264370,Beta Team,Member
Jessica E. Garcia,155513370,1st Year,20264371,Gamma Team,Leader
Donna A. Sen,155513371,1st Year,20264372,Delta Team,Member
Ananya T. Kapoor,155513372,1st Year,20264373,Alpha Team,Analyst
Matthew D. Williams,155513373,1st Year,20264374,Beta Team,Developer
Margaret Y. Clark,155513374,1st Year,20264375,Gamma Team,Designer
Margaret V. Martin,155513375,1st Year,20264376,Delta Team,Coordinator
Jennifer L. Moore,155513376,1st Year,20264377,Alpha Team,Secretary
Deborah T. Taylor,155513377,1st Year,20264378,Beta Team,Treasurer
Michael X. Clark,155513378,1st Year,20264379,Gamma Team,Vice-Leader
Andrew U. Lewis,155513379,1st Year,20264380,Delta Team,Member
Mark M. Jones,155513380,1st Year,20264381,Alpha Team,Leader
Robert A. Perez,155513381,1st Year,20264382,Beta Team,Member
Susan J. Miller,155513382,1st Year,20264383,Gamma Team,Analyst
Aarav C. Sanchez,155513383,1st Year,20264384,Delta Team,Developer
Dev V. Hernandez,155513384,1st Year,20264385,Alpha Team,Designer
Mary G. Jones,155513385,1st Year,20264386,Beta Team,Coordinator
Betty P. Gonzalez,155513386,1st Year,20264387,Gamma Team,Secretary
Kevin I. Iyer,155513387,1st Year,20264388,Delta Team,Treasurer
Kimberly H. Smith,155513388,1st Year,20264389,Alpha Team,Vice-Leader
Isha P. Mehta,155513389,1st Year,20264390,Beta Team,Member
Melissa V. Kapoor,155513390,1st Year,20264391,Gamma Team,Leader
Mary G. Robinson,155513391,1st Year,20264392,Delta Team,Member
Sarah E. Thomas,155513392,1st Year,20264393,Alpha Team,Analyst
Christopher C. Reddy,155513393,1st Year,20264394,Beta Team,Developer
Andrew A. Gonzalez,155513394,1st Year,20264395,Gamma Team,Designer
Sarah S. Ramirez,155513395,1st Year,20264396,Delta Team,Coordinator
Kimberly T. Garcia,155513396,1st Year,20264397,Alpha Team,Secretary
Jessica Z. Brown,155513397,1st Year,20264398,Beta Team,Treasurer
Riya E. Joshi,155513398,1st Year,20264399,Gamma Team,Vice-Leader
Susan A. Rao,155513399,1st Year,20264400,Delta Team,Member
Dorothy Y. Davis,155513400,1st Year,20264401,Alpha Team,Leader
Kabir K. Garcia,155513401,1st Year,20264402,Beta Team,Member
Elizabeth C. Moore,155513402,1st Year,20264403,Gamma Team,Analyst
Isha E. Miller,155513403,1st Year,20264404,Delta Team,Developer
Sai R. Davis,155513404,1st Year,20264405,Alpha Team,Designer
Joshua J. Mehta,155513405,1st Year,20264406,Beta Team,Coordinator
Michael K. Garcia,155513406,1st Year,20264407,Gamma Team,Secretary
Andrew S. Garcia,155513407,1st Year,20264408,Delta Team,Treasurer
Isha I. Mehta,155513408,1st Year,20264409,Alpha Team,Vice-Leader
David H. Iyer,155513409,1st Year,20264410,Beta Team,Member
Andrew D. Smith,155513410,1st Year,20264411,Gamma Team,Leader
Betty T. Gonzalez,155513411,1st Year,20264412,Delta Team,Member
John C. Joshi,155513412,1st Year,20264413,Alpha Team,Analyst
Karen L. Hernandez,155513413,1st Year,20264414,Beta Team,Developer
Sai Q. Thompson,155513414,1st Year,20264415,Gamma Team,Designer
James A. Brown,155513415,1st Year,20264416,Delta Team,Coordinator
Elizabeth K. Clark,155513416,1st Year,20264417,Alpha Team,Secretary
Sandra H. Thomas,155513417,1st Year,20264418,Beta Team,Treasurer
Patricia Z. Jones,155513418,1st Year,20264419,Gamma Team,Vice-Leader
Deborah Q. Nair,155513419,1st Year,20264420,Delta Team,Member
Karen E. Sanchez,155513420,1st Year,20264421,Alpha Team,Leader
Ashley T. Martin,155513421,1st Year,20264422,Beta Team,Member
Carol M. Perez,155513422,1st Year,20264423,Gamma Team,Analyst
Sarah Z. Nair,155513423,1st Year,20264424,Delta Team,Developer
Donna G. Rao,155513424,1st Year,20264425,Alpha Team,Designer
Jennifer G. Anderson,155513425,1st Year,20264426,Beta Team,Coordinator
Nancy S. Sharma,155513426,1st Year,20264427,Gamma Team,Secretary
Joseph D. Rao,155513427,1st Year,20264428,Delta Team,Treasurer
Joseph F. Lopez,155513428,1st Year,20264429,Alpha Team,Vice-Leader
John H. Joshi,155513429,1st Year,20264430,Beta Team,Member
Joseph T. Nair,155513430,1st Year,20264431,Gamma Team,Leader
William G. Ramirez,155513431,1st Year,20264432,Delta Team,Member
Matthew C. Anderson,155513432,1st Year,20264433,Alpha Team,Analyst
Donald W. Clark,155513433,1st Year,20264434,Beta Team,Developer
Patricia Y. Harris,155513434,1st Year,20264435,Gamma Team,Designer
Lisa W. Robinson,155513435,1st Year,20264436,Delta Team,Coordinator
Brian Q. Martin,155513436,1st Year,20264437,Alpha Team,Secretary
Betty R. Sharma,155513437,1st Year,20264438,Beta Team,Treasurer
Christopher M. Ramirez,155513438,1st Year,20264439,Gamma Team,Vice-Leader
Isha O. Jackson,155513439,1st Year,20264440,Delta Team,Member
Paul W. Nair,155513440,1st Year,20264441,Alpha Team,Leader
Linda W. Taylor,155513441,1st Year,20264442,Beta Team,Member
Carol M. Sanchez,155513442,1st Year,20264443,Gamma Team,Analyst
Ashley C. Brown,155513443,1st Year,20264444,Delta Team,Developer
Robert C. Joshi,155513444,1st Year,20264445,Alpha Team,Designer
Zara D. Thomas,155513445,1st Year,20264446,Beta Team,Coordinator
Joseph I. Davis,155513446,1st Year,20264447,Gamma Team,Secretary
James O. Iyer,155513447,1st Year,20264448,Delta Team,Treasurer
Donald W. Lee,155513448,1st Year,20264449,Alpha Team,Vice-Leader
Isha X. Sen,155513449,1st Year,20264450,Beta Team,Member
Linda N. Reddy,155513450,1st Year,20264451,Gamma Team,Leader
Paul M. Sanchez,155513451,1st Year,20264452,Delta Team,Member
Linda N. Robinson,155513452,1st Year,20264453,Alpha Team,Analyst
Christopher E. Ramirez,155513453,1st Year,20264454,Beta Team,Developer
Daniel A. Clark,155513454,1st Year,20264455,Gamma Team,Designer
Meera D. Johnson,155513455,1st Year,20264456,Delta Team,Coordinator
Amanda W. Rodriguez,155513456,1st Year,20264457,Alpha Team,Secretary
Brian L. Lee,155513457,1st Year,20264458,Beta Team,Treasurer
Donna G. Thomas,155513458,1st Year,20264459,Gamma Team,Vice-Leader
Timothy C. Sharma,155513459,1st Year,20264460,Delta Team,Member
Amanda D. Reddy,155513460,1st Year,20264461,Alpha Team,Leader
Thomas R. Kapoor,155513461,1st Year,20264462,Beta Team,Member
Jessica O. Jackson,155513462,1st Year,20264463,Gamma Team,Analyst
Michelle S. Kapoor,155513463,1st Year,20264464,Delta Team,Developer
Isha S. Joshi,155513464,1st Year,20264465,Alpha Team,Designer
Lisa T. Thomas,155513465,1st Year,20264466,Beta Team,Coordinator
Christopher P. Mehta,155513466,1st Year,20264467,Gamma Team,Secretary
Barbara Q. Sen,155513467,1st Year,20264468,Delta Team,Treasurer
Melissa J. Patel,155513468,1st Year,20264469,Alpha Team,Vice-Leader
Aarav V. Martinez,155513469,1st Year,20264470,Beta Team,Member
Lisa Q. Joshi,155513470,1st Year,20264471,Gamma Team,Leader
Isha A. Thompson,155513471,1st Year,20264472,Delta Team,Member
David B. Nair,155513472,1st Year,20264473,Alpha Team,Analyst
Patricia J. Iyer,155513473,1st Year,20264474,Beta Team,Developer
Charles T. Martin,155513474,1st Year,20264475,Gamma Team,Designer
Steven R. Robinson,155513475,1st Year,20264476,Delta Team,Coordinator
Daniel B. Lopez,155513476,1st Year,20264477,Alpha Team,Secretary
Nancy Q. Garcia,155513477,1st Year,20264478,Beta Team,Treasurer
Riya K. Sen,155513478,1st Year,20264479,Gamma Team,Vice-Leader
Nancy R. Williams,155513479,1st Year,20264480,Delta Team,Member
Jennifer J. Brown,155513480,1st Year,20264481,Alpha Team,Leader
Elizabeth A. Moore,155513481,1st Year,20264482,Beta Team,Member
Ashley G. Martin,155513482,1st Year,20264483,Gamma Team,Analyst
Christopher A. Davis,155513483,1st Year,20264484,Delta Team,Developer
Ronald I. Clark,155513484,1st Year,20264485,Alpha Team,Designer
Kevin T. Reddy,155513485,1st Year,20264486,Beta Team,Coordinator
Betty B. Patel,155513486,1st Year,20264487,Gamma Team,Secretary
Paul X. Johnson,155513487,1st Year,20264488,Delta Team,Treasurer
Ronald D. Miller,155513488,1st Year,20264489,Alpha Team,Vice-Leader
Mary X. Lopez,155513489,1st Year,20264490,Beta Team,Member
Daniel R. Perez,155513490,1st Year,20264491,Gamma Team,Leader
Jennifer I. Taylor,155513491,1st Year,20264492,Delta Team,Member
Carol A. Clark,155513492,1st Year,20264493,Alpha Team,Analyst
James D. Lewis,155513493,1st Year,20264494,Beta Team,Developer
James I. White,155513494,1st Year,20264495,Gamma Team,Designer
Elizabeth V. Smith,155513495,1st Year,20264496,Delta Team,Coordinator
Christopher P. Martin,155513496,1st Year,20264497,Alpha Team,Secretary
Charles L. Rao,155513497,1st Year,20264498,Beta Team,Treasurer
Vihaan D. Patel,155513498,1st Year,20264499,Gamma Team,Vice-Leader
Dorothy O. Lewis,155513499,1st Year,20264500,Delta Team,Member
Ananya T. Johnson,155513500,2nd Year,20264501,Alpha Team,Leader
Aarav T. Hernandez,155513501,2nd Year,20264502,Beta Team,Member
Jessica D. Martin,155513502,2nd Year,20264503,Gamma Team,Analyst
Amanda U. Brown,155513503,2nd Year,20264504,Delta Team,Developer
Dorothy N. Harris,155513504,2nd Year,20264505,Alpha Team,Designer
Daniel J. Jackson,155513505,2nd Year,20264506,Beta Team,Coordinator
Barbara L. Rao,155513506,2nd Year,20264507,Gamma Team,Secretary
Ashley U. Thomas,155513507,2nd Year,20264508,Delta Team,Treasurer
Brian Z. Miller,155513508,2nd Year,20264509,Alpha Team,Vice-Leader
Christopher M. Thompson,155513509,2nd Year,20264510,Beta Team,Member
Elizabeth G. Jones,155513510,2nd Year,20264511,Gamma Team,Leader
Kimberly W. Lee,155513511,2nd Year,20264512,Delta Team,Member
Christopher Y. Hernandez,155513512,2nd Year,20264513,Alpha Team,Analyst
Anthony E. Patel,155513513,2nd Year,20264514,Beta Team,Developer
Mark N. Williams,155513514,2nd Year,20264515,Gamma Team,Designer
Steven Y. Davis,155513515,2nd Year,20264516,Delta Team,Coordinator
Carol C. Nair,155513516,2nd Year,20264517,Alpha Team,Secretary
Matthew O. Wilson,155513517,2nd Year,20264518,Beta Team,Treasurer
Meera I. Smith,155513518,2nd Year,20264519,Gamma Team,Vice-Leader
Brian Y. Patel,155513519,2nd Year,20264520,Delta Team,Member
Betty E. Martinez,155513520,2nd Year,20264521,Alpha Team,Leader
Mary T. Gonzalez,155513521,2nd Year,20264522,Beta Team,Member
Ashley X. Lopez,155513522,2nd Year,20264523,Gamma Team,Analyst
Matthew A. Nair,155513523,2nd Year,20264524,Delta Team,Developer
Riya D. Martinez,155513524,2nd Year,20264525,Alpha Team,Designer
Deborah V. Moore,155513525,2nd Year,20264526,Beta Team,Coordinator
Anthony D. Miller,155513526,2nd Year,20264527,Gamma Team,Secretary
Vihaan I. Rao,155513527,2nd Year,20264528,Delta Team,Treasurer
Isha T. Sharma,155513528,2nd Year,20264529,Alpha Team,Vice-Leader
William Z. Thomas,155513529,2nd Year,20264530,Beta Team,Member
Elizabeth F. Lee,155513530,2nd Year,20264531,Gamma Team,Leader
Jennifer D. Thomas,155513531,2nd Year,20264532,Delta Team,Member
Betty J. Rao,155513532,2nd Year,20264533,Alpha Team,Analyst
Matthew O. Mehta,155513533,2nd Year,20264534,Beta Team,Developer
Ronald N. Harris,155513534,2nd Year,20264535,Gamma Team,Designer
Carol A. Iyer,155513535,2nd Year,20264536,Delta Team,Coordinator
Emily B. Sharma,155513536,2nd Year,20264537,Alpha Team,Secretary
Zara M. Reddy,155513537,2nd Year,20264538,Beta Team,Treasurer
Susan N. Lee,155513538,2nd Year,20264539,Gamma Team,Vice-Leader
Michelle W. Jackson,155513539,2nd Year,20264540,Delta Team,Member
Riya O. Patel,155513540,2nd Year,20264541,Alpha Team,Leader
Donna L. Thompson,155513541,2nd Year,20264542,Beta Team,Member
Matthew C. Martin,155513542,2nd Year,20264543,Gamma Team,Analyst
Robert Q. Johnson,155513543,2nd Year,20264544,Delta Team,Developer
Kevin V. Iyer,155513544,2nd Year,20264545,Alpha Team,Designer
Timothy L. Hernandez,155513545,2nd Year,20264546,Beta Team,Coordinator
Ananya F. Clark,155513546,2nd Year,20264547,Gamma Team,Secretary
Kenneth M. Sharma,155513547,2nd Year,20264548,Delta Team,Treasurer
David R. Reddy,155513548,2nd Year,20264549,Alpha Team,Vice-Leader
Charles M. Gonzalez,155513549,2nd Year,20264550,Beta Team,Member
Matthew L. Anderson,155513550,2nd Year,20264551,Gamma Team,Leader
Kenneth T. Moore,155513551,2nd Year,20264552,Delta Team,Member
Joshua J. Garcia,155513552,2nd Year,20264553,Alpha Team,Analyst
Ronald R. Miller,155513553,2nd Year,20264554,Beta Team,Developer
Daniel K. Garcia,155513554,2nd Year,20264555,Gamma Team,Designer
William L. Thomas,155513555,2nd Year,20264556,Delta Team,Coordinator
Michael X. Garcia,155513556,2nd Year,20264557,Alpha Team,Secretary
Brian N. Thompson,155513557,2nd Year,20264558,Beta Team,Treasurer
Jessica T. Lopez,155513558,2nd Year,20264559,Gamma Team,Vice-Leader
Amanda C. Sen,155513559,2nd Year,20264560,Delta Team,Member
Andrew B. Gonzalez,155513560,2nd Year,20264561,Alpha Team,Leader
Mary P. Smith,155513561,2nd Year,20264562,Beta Team,Member
Mark Q. Anderson,155513562,2nd Year,20264563,Gamma Team,Analyst
Amanda Q. Martinez,155513563,2nd Year,20264564,Delta Team,Developer
Thomas E. Nair,155513564,2nd Year,20264565,Alpha Team,Designer
Paul U. Nair,155513565,2nd Year,20264566,Beta Team,Coordinator
Kimberly N. Perez,155513566,2nd Year,20264567,Gamma Team,Secretary
Jennifer A. Lewis,155513567,2nd Year,20264568,Delta Team,Treasurer
Matthew X. Rao,155513568,2nd Year,20264569,Alpha Team,Vice-Leader
Margaret X. Lee,155513569,2nd Year,20264570,Beta Team,Member
Meera X. Patel,155513570,2nd Year,20264571,Gamma Team,Leader
Daniel D. Wilson,155513571,2nd Year,20264572,Delta Team,Member
Timothy E. Harris,155513572,2nd Year,20264573,Alpha Team,Analyst
Timothy M. Joshi,155513573,2nd Year,20264574,Beta Team,Developer
Zara Q. Moore,155513574,2nd Year,20264575,Gamma Team,Designer
Sarah J. Reddy,155513575,2nd Year,20264576,Delta Team,Coordinator
Jessica P. Nair,155513576,2nd Year,20264577,Alpha Team,Secretary
Matthew B. Anderson,155513577,2nd Year,20264578,Beta Team,Treasurer
Michael J. Thompson,155513578,2nd Year,20264579,Gamma Team,Vice-Leader
Christopher Y. Perez,155513579,2nd Year,20264580,Delta Team,Member
John S. Hernandez,155513580,2nd Year,20264581,Alpha Team,Leader
Andrew Z. Jackson,155513581,2nd Year,20264582,Beta Team,Member
Aarav Y. Reddy,155513582,2nd Year,20264583,Gamma Team,Analyst
Donald J. Joshi,155513583,2nd Year,20264584,Delta Team,Developer
Vihaan K. Nair,155513584,2nd Year,20264585,Alpha Team,Designer
Donna Q. Iyer,155513585,2nd Year,20264586,Beta Team,Coordinator
Linda N. Joshi,155513586,2nd Year,20264587,Gamma Team,Secretary
Ronald H. Lee,155513587,2nd Year,20264588,Delta Team,Treasurer
Riya M. Hernandez,155513588,2nd Year,20264589,Alpha Team,Vice-Leader
David X. Anderson,155513589,2nd Year,20264590,Beta Team,Member
Carol U. Hernandez,155513590,2nd Year,20264591,Gamma Team,Leader
Brian U. Davis,155513591,2nd Year,20264592,Delta Team,Member
Jessica S. Kapoor,155513592,2nd Year,20264593,Alpha Team,Analyst
Daniel X. Gonzalez,155513593,2nd Year,20264594,Beta Team,Developer
Ronald S. Jones,155513594,2nd Year,20264595,Gamma Team,Designer
Carol G. Moore,155513595,2nd Year,20264596,Delta Team,Coordinator
Kevin P. Robinson,155513596,2nd Year,20264597,Alpha Team,Secretary
Joseph G. Sen,155513597,2nd Year,20264598,Beta Team,Treasurer
Isha B. Martinez,155513598,2nd Year,20264599,Gamma Team,Vice-Leader
Aarav K. Smith,155513599,2nd Year,20264600,Delta Team,Member
Mary P. Iyer,155513600,2nd Year,20264601,Alpha Team,Leader
Susan X. Lopez,155513601,2nd Year,20264602,Beta Team,Member
Deborah B. Johnson,155513602,2nd Year,20264603,Gamma Team,Analyst
Michelle F. Clark,155513603,2nd Year,20264604,Delta Team,Developer
Robert S. Miller,155513604,2nd Year,20264605,Alpha Team,Designer
David T. Jackson,155513605,2nd Year,20264606,Beta Team,Coordinator
Deborah N. Davis,155513606,2nd Year,20264607,Gamma Team,Secretary
Kimberly Z. Mehta,155513607,2nd Year,20264608,Delta Team,Treasurer
Ronald G. Jones,155513608,2nd Year,20264609,Alpha Team,Vice-Leader
James F. Sharma,155513609,2nd Year,20264610,Beta Team,Member
Robert O. Anderson,155513610,2nd Year,20264611,Gamma Team,Leader
William E. Sen,155513611,2nd Year,20264612,Delta Team,Member
Dorothy I. Iyer,155513612,2nd Year,20264613,Alpha Team,Analyst
Robert Z. Joshi,155513613,2nd Year,20264614,Beta Team,Developer
David A. Patel,155513614,2nd Year,20264615,Gamma Team,Designer
Donna G. Williams,155513615,2nd Year,20264616,Delta Team,Coordinator
Carol Z. Rao,155513616,2nd Year,20264617,Alpha Team,Secretary
Donald T. Hernandez,155513617,2nd Year,20264618,Beta Team,Treasurer
James K. Martinez,155513618,2nd Year,20264619,Gamma Team,Vice-Leader
Kenneth P. Johnson,155513619,2nd Year,20264620,Delta Team,Member
Jessica E. Davis,155513620,2nd Year,20264621,Alpha Team,Leader
Mary X. Lewis,155513621,2nd Year,20264622,Beta Team,Member
Kabir G. White,155513622,2nd Year,20264623,Gamma Team,Analyst
Joseph L. Kapoor,155513623,2nd Year,20264624,Delta Team,Developer
William P. Sharma,155513624,2nd Year,20264625,Alpha Team,Designer
Ashley G. Jackson,155513625,2nd Year,20264626,Beta Team,Coordinator
Dorothy O. Patel,155513626,2nd Year,20264627,Gamma Team,Secretary
Steven L. Jones,155513627,2nd Year,20264628,Delta Team,Treasurer
Mary U. Smith,155513628,2nd Year,20264629,Alpha Team,Vice-Leader
Barbara W. Patel,155513629,2nd Year,20264630,Beta Team,Member
David V. Davis,155513630,2nd Year,20264631,Gamma Team,Leader
Matthew T. Jackson,155513631,2nd Year,20264632,Delta Team,Member
Ananya A. Ramirez,155513632,2nd Year,20264633,Alpha Team,Analyst
Meera V. Iyer,155513633,2nd Year,20264634,Beta Team,Developer
Emily P. Lopez,155513634,2nd Year,20264635,Gamma Team,Designer
Kimberly C. Jackson,155513635,2nd Year,20264636,Delta Team,Coordinator
Jennifer I. Reddy,155513636,2nd Year,20264637,Alpha Team,Secretary
Mark M. White,155513637,2nd Year,20264638,Beta Team,Treasurer
Brian N. Martin,155513638,2nd Year,20264639,Gamma Team,Vice-Leader
Joseph Z. Gonzalez,155513639,2nd Year,20264640,Delta Team,Member
Steven J. Hernandez,155513640,2nd Year,20264641,Alpha Team,Leader
Jessica W. Ramirez,155513641,2nd Year,20264642,Beta Team,Member
Joseph V. Kapoor,155513642,2nd Year,20264643,Gamma Team,Analyst
Emily B. Iyer,155513643,2nd Year,20264644,Delta Team,Developer
Ananya F. Rao,155513644,2nd Year,20264645,Alpha Team,Designer
Jennifer B. Brown,155513645,2nd Year,20264646,Beta Team,Coordinator
Sandra Y. Smith,155513646,2nd Year,20264647,Gamma Team,Secretary
Joseph P. Miller,155513647,2nd Year,20264648,Delta Team,Treasurer
Barbara S. Sharma,155513648,2nd Year,20264649,Alpha Team,Vice-Leader
Christopher Y. Lewis,155513649,2nd Year,20264650,Beta Team,Member
Michael V. Miller,155513650,2nd Year,20264651,Gamma Team,Leader
Timothy C. Moore,155513651,2nd Year,20264652,Delta Team,Member
Elizabeth L. Martin,155513652,2nd Year,20264653,Alpha Team,Analyst
Andrew T. Iyer,155513653,2nd Year,20264654,Beta Team,Developer
Thomas Y. Williams,155513654,2nd Year,20264655,Gamma Team,Designer
Michael S. Ramirez,155513655,2nd Year,20264656,Delta Team,Coordinator
Elizabeth Q. White,155513656,2nd Year,20264657,Alpha Team,Secretary
Andrew Y. Clark,155513657,2nd Year,20264658,Beta Team,Treasurer
Christopher M. Lee,155513658,2nd Year,20264659,Gamma Team,Vice-Leader
Melissa B. Perez,155513659,2nd Year,20264660,Delta Team,Member
Kevin O. Martinez,155513660,2nd Year,20264661,Alpha Team,Leader
Daniel M. Reddy,155513661,2nd Year,20264662,Beta Team,Member
Deborah X. Sanchez,155513662,2nd Year,20264663,Gamma Team,Analyst
Timothy Z. Lopez,155513663,2nd Year,20264664,Delta Team,Developer
Donna T. Martin,155513664,2nd Year,20264665,Alpha Team,Designer
Nancy N. Lee,155513665,2nd Year,20264666,Beta Team,Coordinator
Donald K. Sen,155513666,2nd Year,20264667,Gamma Team,Secretary
Karen Q. Williams,155513667,2nd Year,20264668,Delta Team,Treasurer
Jennifer G. Sharma,155513668,2nd Year,20264669,Alpha Team,Vice-Leader
Deborah Q. Miller,155513669,2nd Year,20264670,Beta Team,Member
Susan E. Lee,155513670,2nd Year,20264671,Gamma Team,Leader
Mark D. Nair,155513671,2nd Year,20264672,Delta Team,Member
Linda N. Clark,155513672,2nd Year,20264673,Alpha Team,Analyst
Sai U. Lewis,155513673,2nd Year,20264674,Beta Team,Developer
William Q. Wilson,155513674,2nd Year,20264675,Gamma Team,Designer
Donald Z. Thomas,155513675,2nd Year,20264676,Delta Team,Coordinator
Richard D. Perez,155513676,2nd Year,20264677,Alpha Team,Secretary
Christopher N. Thompson,155513677,2nd Year,20264678,Beta Team,Treasurer
Dorothy N. Sanchez,155513678,2nd Year,20264679,Gamma Team,Vice-Leader
Ananya W. Gonzalez,155513679,2nd Year,20264680,Delta Team,Member
Anthony E. Sen,155513680,2nd Year,20264681,Alpha Team,Leader
Kenneth V. Lewis,155513681,2nd Year,20264682,Beta Team,Member
Donna P. Harris,155513682,2nd Year,20264683,Gamma Team,Analyst
Paul Z. Moore,155513683,2nd Year,20264684,Delta Team,Developer
Deborah H. Martin,155513684,2nd Year,20264685,Alpha Team,Designer
Ashley N. Ramirez,155513685,2nd Year,20264686,Beta Team,Coordinator
Vihaan K. Harris,155513686,2nd Year,20264687,Gamma Team,Secretary
Jennifer D. Clark,155513687,2nd Year,20264688,Delta Team,Treasurer
David F. Nair,155513688,2nd Year,20264689,Alpha Team,Vice-Leader
David N. Davis,155513689,2nd Year,20264690,Beta Team,Member
Dorothy W. Gonzalez,155513690,2nd Year,20264691,Gamma Team,Leader
Melissa T. Ramirez,155513691,2nd Year,20264692,Delta Team,Member
Richard I. Gonzalez,155513692,2nd Year,20264693,Alpha Team,Analyst
Barbara E. Garcia,155513693,2nd Year,20264694,Beta Team,Developer
Joshua V. Williams,155513694,2nd Year,20264695,Gamma Team,Designer
Jessica Q. Kapoor,155513695,2nd Year,20264696,Delta Team,Coordinator
Linda Y. Brown,155513696,2nd Year,20264697,Alpha Team,Secretary
Anthony X. Johnson,155513697,2nd Year,20264698,Beta Team,Treasurer
Susan M. Mehta,155513698,2nd Year,20264699,Gamma Team,Vice-Leader
Melissa Y. Patel,155513699,2nd Year,20264700,Delta Team,Member
Emily T. Robinson,155513700,2nd Year,20264701,Alpha Team,Leader
Elizabeth T. Harris,155513701,2nd Year,20264702,Beta Team,Member
Timothy Z. Sanchez,155513702,2nd Year,20264703,Gamma Team,Analyst
Deborah U. Thomas,155513703,2nd Year,20264704,Delta Team,Developer
Betty B. Hernandez,155513704,2nd Year,20264705,Alpha Team,Designer
Betty N. Hernandez,155513705,2nd Year,20264706,Beta Team,Coordinator
Robert E. Sanchez,155513706,2nd Year,20264707,Gamma Team,Secretary
Joshua A. Anderson,155513707,2nd Year,20264708,Delta Team,Treasurer
Sandra H. Brown,155513708,2nd Year,20264709,Alpha Team,Vice-Leader
Mary X. White,155513709,2nd Year,20264710,Beta Team,Member
Donna D. Perez,155513710,2nd Year,20264711,Gamma Team,Leader
Donna O. Iyer,155513711,2nd Year,20264712,Delta Team,Member
Amanda J. Harris,155513712,2nd Year,20264713,Alpha Team,Analyst
Thomas N. Hernandez,155513713,2nd Year,20264714,Beta Team,Developer
Emily L. Thompson,155513714,2nd Year,20264715,Gamma Team,Designer
Brian L. Jones,155513715,2nd Year,20264716,Delta Team,Coordinator
Steven T. Anderson,155513716,2nd Year,20264717,Alpha Team,Secretary
Donald J. White,155513717,2nd Year,20264718,Beta Team,Treasurer
Donald H. Rao,155513718,2nd Year,20264719,Gamma Team,Vice-Leader
Mark H. Moore,155513719,2nd Year,20264720,Delta Team,Member
Dorothy G. Wilson,155513720,2nd Year,20264721,Alpha Team,Leader
Joseph V. Wilson,155513721,2nd Year,20264722,Beta Team,Member
Jessica P. Lopez,155513722,2nd Year,20264723,Gamma Team,Analyst
Riya V. Jackson,155513723,2nd Year,20264724,Delta Team,Developer
Joshua T. Anderson,155513724,2nd Year,20264725,Alpha Team,Designer
Donald R. Hernandez,155513725,2nd Year,20264726,Beta Team,Coordinator
Paul N. Harris,155513726,2nd Year,20264727,Gamma Team,Secretary
David H. Lopez,155513727,2nd Year,20264728,Delta Team,Treasurer
Donald Z. Sen,155513728,2nd Year,20264729,Alpha Team,Vice-Leader
Joshua B. Sharma,155513729,2nd Year,20264730,Beta Team,Member
Susan Y. Lee,155513730,2nd Year,20264731,Gamma Team,Leader
Dorothy V. Ramirez,155513731,2nd Year,20264732,Delta Team,Member
Christopher D. Perez,155513732,2nd Year,20264733,Alpha Team,Analyst
Carol Y. Gonzalez,155513733,2nd Year,20264734,Beta Team,Developer
Andrew D. Thompson,155513734,2nd Year,20264735,Gamma Team,Designer
Emily Z. Nair,155513735,2nd Year,20264736,Delta Team,Coordinator
Jennifer B. Garcia,155513736,2nd Year,20264737,Alpha Team,Secretary
Emily N. Brown,155513737,2nd Year,20264738,Beta Team,Treasurer
Karen G. Harris,155513738,2nd Year,20264739,Gamma Team,Vice-Leader
Nancy K. Rodriguez,155513739,2nd Year,20264740,Delta Team,Member
Daniel Y. Thompson,155513740,2nd Year,20264741,Alpha Team,Leader
Ananya Y. Gonzalez,155513741,2nd Year,20264742,Beta Team,Member
Susan M. Johnson,155513742,2nd Year,20264743,Gamma Team,Analyst
Susan O. Brown,155513743,2nd Year,20264744,Delta Team,Developer
Sai J. Iyer,155513744,2nd Year,20264745,Alpha Team,Designer
Margaret W. Jackson,155513745,2nd Year,20264746,Beta Team,Coordinator
Patricia C. Lee,155513746,2nd Year,20264747,Gamma Team,Secretary
Dev L. Thompson,155513747,2nd Year,20264748,Delta Team,Treasurer
James F. Smith,155513748,2nd Year,20264749,Alpha Team,Vice-Leader
Sandra U. Mehta,155513749,2nd Year,20264750,Beta Team,Member
Michelle E. Thompson,155513750,2nd Year,20264751,Gamma Team,Leader
Kimberly C. Iyer,155513751,2nd Year,20264752,Delta Team,Member
Donald L. Jones,155513752,2nd Year,20264753,Alpha Team,Analyst
Meera B. Kapoor,155513753,2nd Year,20264754,Beta Team,Developer
Brian X. Jackson,155513754,2nd Year,20264755,Gamma Team,Designer
Isha S. Rao,155513755,2nd Year,20264756,Delta Team,Coordinator
Donna Y. Rao,155513756,2nd Year,20264757,Alpha Team,Secretary
Donald M. Iyer,155513757,2nd Year,20264758,Beta Team,Treasurer
Carol W. Garcia,155513758,2nd Year,20264759,Gamma Team,Vice-Leader
Barbara R. Smith,155513759,2nd Year,20264760,Delta Team,Member
Ashley O. Garcia,155513760,2nd Year,20264761,Alpha Team,Leader
Linda S. Garcia,155513761,2nd Year,20264762,Beta Team,Member
Linda B. Jackson,155513762,2nd Year,20264763,Gamma Team,Analyst
Aarav D. Davis,155513763,2nd Year,20264764,Delta Team,Developer
Jessica U. Lewis,155513764,2nd Year,20264765,Alpha Team,Designer
Joshua N. Lewis,155513765,2nd Year,20264766,Beta Team,Coordinator
Anthony L. Taylor,155513766,2nd Year,20264767,Gamma Team,Secretary
Christopher B. Hernandez,155513767,2nd Year,20264768,Delta Team,Treasurer
Ashley U. Rodriguez,155513768,2nd Year,20264769,Alpha Team,Vice-Leader
Robert D. Moore,155513769,2nd Year,20264770,Beta Team,Member
William C. Gonzalez,155513770,2nd Year,20264771,Gamma Team,Leader
Kabir P. Sharma,155513771,2nd Year,20264772,Delta Team,Member
Daniel V. Rodriguez,155513772,2nd Year,20264773,Alpha Team,Analyst
Joseph A. Anderson,155513773,2nd Year,20264774,Beta Team,Developer
Emily V. Gonzalez,155513774,2nd Year,20264775,Gamma Team,Designer
Dorothy Q. Perez,155513775,2nd Year,20264776,Delta Team,Coordinator
Kabir U. Ramirez,155513776,2nd Year,20264777,Alpha Team,Secretary
Betty T. Lee,155513777,2nd Year,20264778,Beta Team,Treasurer
Daniel F. Anderson,155513778,2nd Year,20264779,Gamma Team,Vice-Leader
Joseph R. Patel,155513779,2nd Year,20264780,Delta Team,Member
Joseph Y. Martin,155513780,2nd Year,20264781,Alpha Team,Leader
Ronald C. Sanchez,155513781,2nd Year,20264782,Beta Team,Member
Jennifer F. Davis,155513782,2nd Year,20264783,Gamma Team,Analyst
Karen X. Clark,155513783,2nd Year,20264784,Delta Team,Developer
William C. Anderson,155513784,2nd Year,20264785,Alpha Team,Designer
Steven Y. Rao,155513785,2nd Year,20264786,Beta Team,Coordinator
Brian H. Anderson,155513786,2nd Year,20264787,Gamma Team,Secretary
Donna X. Moore,155513787,2nd Year,20264788,Delta Team,Treasurer
Andrew J. Thomas,155513788,2nd Year,20264789,Alpha Team,Vice-Leader
Dorothy Q. Martinez,155513789,2nd Year,20264790,Beta Team,Member
Michelle N. Sanchez,155513790,2nd Year,20264791,Gamma Team,Leader
Charles H. Williams,155513791,2nd Year,20264792,Delta Team,Member
William W. Brown,155513792,2nd Year,20264793,Alpha Team,Analyst
John D. Garcia,155513793,2nd Year,20264794,Beta Team,Developer
Robert L. Rodriguez,155513794,2nd Year,20264795,Gamma Team,Designer
Karen W. Ramirez,155513795,2nd Year,20264796,Delta Team,Coordinator
Matthew Z. Rao,155513796,2nd Year,20264797,Alpha Team,Secretary
Karen Q. Ramirez,155513797,2nd Year,20264798,Beta Team,Treasurer
Riya F. Robinson,155513798,2nd Year,20264799,Gamma Team,Vice-Leader
Jessica Y. Williams,155513799,2nd Year,20264800,Delta Team,Member
Emily J. Rodriguez,155513800,2nd Year,20264801,Alpha Team,Leader
Dorothy Y. Nair,155513801,2nd Year,20264802,Beta Team,Member
Riya Q. Sanchez,155513802,2nd Year,20264803,Gamma Team,Analyst
Charles O. Miller,155513803,2nd Year,20264804,Delta Team,Developer
Dorothy J. Sanchez,155513804,2nd Year,20264805,Alpha Team,Designer
Michael G. Lee,155513805,2nd Year,20264806,Beta Team,Coordinator
Richard L. Rodriguez,155513806,2nd Year,20264807,Gamma Team,Secretary
Deborah V. Lewis,155513807,2nd Year,20264808,Delta Team,Treasurer
Emily X. Nair,155513808,2nd Year,20264809,Alpha Team,Vice-Leader
Ananya H. Joshi,155513809,2nd Year,20264810,Beta Team,Member
Paul O. Sanchez,155513810,2nd Year,20264811,Gamma Team,Leader
Betty A. Taylor,155513811,2nd Year,20264812,Delta Team,Member
Jennifer Y. Taylor,155513812,2nd Year,20264813,Alpha Team,Analyst
John C. Jones,155513813,2nd Year,20264814,Beta Team,Developer
Elizabeth R. Thompson,155513814,2nd Year,20264815,Gamma Team,Designer
Emily D. Perez,155513815,2nd Year,20264816,Delta Team,Coordinator
Kevin E. Joshi,155513816,2nd Year,20264817,Alpha Team,Secretary
Brian W. Sharma,155513817,2nd Year,20264818,Beta Team,Treasurer
Jessica P. Sanchez,155513818,2nd Year,20264819,Gamma Team,Vice-Leader
Daniel G. Gonzalez,155513819,2nd Year,20264820,Delta Team,Member
Dorothy S. Moore,155513820,2nd Year,20264821,Alpha Team,Leader
Margaret A. White,155513821,2nd Year,20264822,Beta Team,Member
Sarah O. Patel,155513822,2nd Year,20264823,Gamma Team,Analyst
William U. Martinez,155513823,2nd Year,20264824,Delta Team,Developer
Steven X. Kapoor,155513824,2nd Year,20264825,Alpha Team,Designer
Melissa S. Davis,155513825,2nd Year,20264826,Beta Team,Coordinator
James Y. Harris,155513826,2nd Year,20264827,Gamma Team,Secretary
Riya Z. Ramirez,155513827,2nd Year,20264828,Delta Team,Treasurer
Susan E. Ramirez,155513828,2nd Year,20264829,Alpha Team,Vice-Leader
Susan S. Davis,155513829,2nd Year,20264830,Beta Team,Member
David W. Williams,155513830,2nd Year,20264831,Gamma Team,Leader
Joshua L. Jackson,155513831,2nd Year,20264832,Delta Team,Member
Patricia I. Mehta,155513832,2nd Year,20264833,Alpha Team,Analyst
Charles Z. Davis,155513833,2nd Year,20264834,Beta Team,Developer
Ananya P. Rao,155513834,2nd Year,20264835,Gamma Team,Designer
Nancy C. Robinson,155513835,2nd Year,20264836,Delta Team,Coordinator
Carol B. Lee,155513836,2nd Year,20264837,Alpha Team,Secretary
William B. Sanchez,155513837,2nd Year,20264838,Beta Team,Treasurer
Linda R. Joshi,155513838,2nd Year,20264839,Gamma Team,Vice-Leader
Mark D. Moore,155513839,2nd Year,20264840,Delta Team,Member
Jessica U. Sharma,155513840,2nd Year,20264841,Alpha Team,Leader
Amanda D. Nair,155513841,2nd Year,20264842,Beta Team,Member
Meera K. Garcia,155513842,2nd Year,20264843,Gamma Team,Analyst
Christopher A. Harris,155513843,2nd Year,20264844,Delta Team,Developer
Joseph R. Ramirez,155513844,2nd Year,20264845,Alpha Team,Designer
Robert D. Miller,155513845,2nd Year,20264846,Beta Team,Coordinator
Matthew S. Patel,155513846,2nd Year,20264847,Gamma Team,Secretary
Joseph O. Thomas,155513847,2nd Year,20264848,Delta Team,Treasurer
Joseph B. Kapoor,155513848,2nd Year,20264849,Alpha Team,Vice-Leader
Ananya W. Rao,155513849,2nd Year,20264850,Beta Team,Member
Jennifer V. Perez,155513850,2nd Year,20264851,Gamma Team,Leader
Deborah T. Kapoor,155513851,2nd Year,20264852,Delta Team,Member
Michael U. Perez,155513852,2nd Year,20264853,Alpha Team,Analyst
Susan A. Wilson,155513853,2nd Year,20264854,Beta Team,Developer
Mark A. Miller,155513854,2nd Year,20264855,Gamma Team,Designer
Robert G. Martinez,155513855,2nd Year,20264856,Delta Team,Coordinator
Betty W. Smith,155513856,2nd Year,20264857,Alpha Team,Secretary
Mark D. Clark,155513857,2nd Year,20264858,Beta Team,Treasurer
Michael U. Taylor,155513858,2nd Year,20264859,Gamma Team,Vice-Leader
Ananya X. Gonzalez,155513859,2nd Year,20264860,Delta Team,Member
Mary A. Rodriguez,155513860,2nd Year,20264861,Alpha Team,Leader
Richard S. Kapoor,155513861,2nd Year,20264862,Beta Team,Member
Thomas U. Martin,155513862,2nd Year,20264863,Gamma Team,Analyst
Steven J. Kapoor,155513863,2nd Year,20264864,Delta Team,Developer
Isha V. Anderson,155513864,2nd Year,20264865,Alpha Team,Designer
Karen O. Rao,155513865,2nd Year,20264866,Beta Team,Coordinator
Donald T. Mehta,155513866,2nd Year,20264867,Gamma Team,Secretary
Aarav A. White,155513867,2nd Year,20264868,Delta Team,Treasurer
Anthony Z. Martin,155513868,2nd Year,20264869,Alpha Team,Vice-Leader
Charles H. Sen,155513869,2nd Year,20264870,Beta Team,Member
Jessica A. Garcia,155513870,2nd Year,20264871,Gamma Team,Leader
Kabir G. Thomas,155513871,2nd Year,20264872,Delta Team,Member
Betty G. Gonzalez,155513872,2nd Year,20264873,Alpha Team,Analyst
Charles I. Jackson,155513873,2nd Year,20264874,Beta Team,Developer
Linda A. Williams,155513874,2nd Year,20264875,Gamma Team,Designer
Timothy P. Miller,155513875,2nd Year,20264876,Delta Team,Coordinator
Steven U. Kapoor,155513876,2nd Year,20264877,Alpha Team,Secretary
Zara T. Lopez,155513877,2nd Year,20264878,Beta Team,Treasurer
Betty R. Taylor,155513878,2nd Year,20264879,Gamma Team,Vice-Leader
Aarav J. Lopez,155513879,2nd Year,20264880,Delta Team,Member
Robert V. Robinson,155513880,2nd Year,20264881,Alpha Team,Leader
Andrew U. Reddy,155513881,2nd Year,20264882,Beta Team,Member
Christopher G. Anderson,155513882,2nd Year,20264883,Gamma Team,Analyst
Matthew M. Martin,155513883,2nd Year,20264884,Delta Team,Developer
Daniel Q. Robinson,155513884,2nd Year,20264885,Alpha Team,Designer
Joseph M. Smith,155513885,2nd Year,20264886,Beta Team,Coordinator
Mark H. Patel,155513886,2nd Year,20264887,Gamma Team,Secretary
Riya E. Iyer,155513887,2nd Year,20264888,Delta Team,Treasurer
Zara L. Perez,155513888,2nd Year,20264889,Alpha Team,Vice-Leader
Matthew O. Jackson,155513889,2nd Year,20264890,Beta Team,Member
Brian M. Perez,155513890,2nd Year,20264891,Gamma Team,Leader
Melissa X. Joshi,155513891,2nd Year,20264892,Delta Team,Member
Emily H. Wilson,155513892,2nd Year,20264893,Alpha Team,Analyst
Elizabeth P. Lopez,155513893,2nd Year,20264894,Beta Team,Developer
Lisa H. Martinez,155513894,2nd Year,20264895,Gamma Team,Designer
Joshua A. Moore,155513895,2nd Year,20264896,Delta Team,Coordinator
Amanda I. Ramirez,155513896,2nd Year,20264897,Alpha Team,Secretary
Brian Z. Sanchez,155513897,2nd Year,20264898,Beta Team,Treasurer
Daniel W. Lee,155513898,2nd Year,20264899,Gamma Team,Vice-Leader
Jennifer L. Sanchez,155513899,2nd Year,20264900,Delta Team,Member
Sai F. Iyer,155513900,2nd Year,20264901,Alpha Team,Leader
James L. Thompson,155513901,2nd Year,20264902,Beta Team,Member
Ronald V. Wilson,155513902,2nd Year,20264903,Gamma Team,Analyst
Nancy E. Anderson,155513903,2nd Year,20264904,Delta Team,Developer
Kimberly U. Sen,155513904,2nd Year,20264905,Alpha Team,Designer
Mary E. Iyer,155513905,2nd Year,20264906,Beta Team,Coordinator
Andrew A. Rodriguez,155513906,2nd Year,20264907,Gamma Team,Secretary
Robert J. Harris,155513907,2nd Year,20264908,Delta Team,Treasurer
Paul H. Davis,155513908,2nd Year,20264909,Alpha Team,Vice-Leader
Amanda B. Ramirez,155513909,2nd Year,20264910,Beta Team,Member
Andrew N. Miller,155513910,2nd Year,20264911,Gamma Team,Leader
Riya W. Lee,155513911,2nd Year,20264912,Delta Team,Member
Jessica W. Reddy,155513912,2nd Year,20264913,Alpha Team,Analyst
Donald F. Taylor,155513913,2nd Year,20264914,Beta Team,Developer
Donna U. Patel,155513914,2nd Year,20264915,Gamma Team,Designer
William T. Thompson,155513915,2nd Year,20264916,Delta Team,Coordinator
William H. Johnson,155513916,2nd Year,20264917,Alpha Team,Secretary
Amanda T. Smith,155513917,2nd Year,20264918,Beta Team,Treasurer
Susan G. Ramirez,155513918,2nd Year,20264919,Gamma Team,Vice-Leader
Margaret C. Rao,155513919,2nd Year,20264920,Delta Team,Member
David T. Hernandez,155513920,2nd Year,20264921,Alpha Team,Leader
Deborah Z. Jones,155513921,2nd Year,20264922,Beta Team,Member
Michelle A. Lee,155513922,2nd Year,20264923,Gamma Team,Analyst
Joseph S. Lee,155513923,2nd Year,20264924,Delta Team,Developer
Kenneth X. Martinez,155513924,2nd Year,20264925,Alpha Team,Designer
Carol O. Sharma,155513925,2nd Year,20264926,Beta Team,Coordinator
David K. Rodriguez,155513926,2nd Year,20264927,Gamma Team,Secretary
Emily P. Jones,155513927,2nd Year,20264928,Delta Team,Treasurer
Riya L. Perez,155513928,2nd Year,20264929,Alpha Team,Vice-Leader
Jennifer G. Mehta,155513929,2nd Year,20264930,Beta Team,Member
William T. Robinson,155513930,2nd Year,20264931,Gamma Team,Leader
Deborah F. Moore,155513931,2nd Year,20264932,Delta Team,Member
Aarav F. Reddy,155513932,2nd Year,20264933,Alpha Team,Analyst
Aarav K. Thomas,155513933,2nd Year,20264934,Beta Team,Developer
Vihaan G. Gonzalez,155513934,2nd Year,20264935,Gamma Team,Designer
Brian Y. Garcia,155513935,2nd Year,20264936,Delta Team,Coordinator
Donald O. Johnson,155513936,2nd Year,20264937,Alpha Team,Secretary
Linda T. Kapoor,155513937,2nd Year,20264938,Beta Team,Treasurer
Christopher Q. Garcia,155513938,2nd Year,20264939,Gamma Team,Vice-Leader
Paul X. Thompson,155513939,2nd Year,20264940,Delta Team,Member
Jennifer Z. Joshi,155513940,2nd Year,20264941,Alpha Team,Leader
Betty W. Perez,155513941,2nd Year,20264942,Beta Team,Member
William A. Patel,155513942,2nd Year,20264943,Gamma Team,Analyst
James K. Perez,155513943,2nd Year,20264944,Delta Team,Developer
Charles M. Garcia,155513944,2nd Year,20264945,Alpha Team,Designer
Meera Q. Iyer,155513945,2nd Year,20264946,Beta Team,Coordinator
Vihaan L. Martin,155513946,2nd Year,20264947,Gamma Team,Secretary
Sarah Y. Mehta,155513947,2nd Year,20264948,Delta Team,Treasurer
Margaret H. Taylor,155513948,2nd Year,20264949,Alpha Team,Vice-Leader
Linda T. Jones,155513949,2nd Year,20264950,Beta Team,Member
Anthony G. Hernandez,155513950,2nd Year,20264951,Gamma Team,Leader
William R. Gonzalez,155513951,2nd Year,20264952,Delta Team,Member
Patricia Y. Sanchez,155513952,2nd Year,20264953,Alpha Team,Analyst
Joshua I. Jackson,155513953,2nd Year,20264954,Beta Team,Developer
Thomas M. Moore,155513954,2nd Year,20264955,Gamma Team,Designer
Mary B. Harris,155513955,2nd Year,20264956,Delta Team,Coordinator
David F. Ramirez,155513956,2nd Year,20264957,Alpha Team,Secretary
Betty W. Anderson,155513957,2nd Year,20264958,Beta Team,Treasurer
Amanda K. Rao,155513958,2nd Year,20264959,Gamma Team,Vice-Leader
David Y. Joshi,155513959,2nd Year,20264960,Delta Team,Member
James J. Taylor,155513960,2nd Year,20264961,Alpha Team,Leader
Meera J. Miller,155513961,2nd Year,20264962,Beta Team,Member
Barbara T. Harris,155513962,2nd Year,20264963,Gamma Team,Analyst
Brian G. Martinez,155513963,2nd Year,20264964,Delta Team,Developer
Anthony D. Reddy,155513964,2nd Year,20264965,Alpha Team,Designer
Sai J. Lee,155513965,2nd Year,20264966,Beta Team,Coordinator
Paul D. Rodriguez,155513966,2nd Year,20264967,Gamma Team,Secretary
Anthony Z. Joshi,155513967,2nd Year,20264968,Delta Team,Treasurer
Kimberly E. Johnson,155513968,2nd Year,20264969,Alpha Team,Vice-Leader
Meera N. Sen,155513969,2nd Year,20264970,Beta Team,Member
Dorothy D. Clark,155513970,2nd Year,20264971,Gamma Team,Leader
Ronald M. Sharma,155513971,2nd Year,20264972,Delta Team,Member
Ananya K. Smith,155513972,2nd Year,20264973,Alpha Team,Analyst
Betty Y. Harris,155513973,2nd Year,20264974,Beta Team,Developer
Kevin G. Miller,155513974,2nd Year,20264975,Gamma Team,Designer
Steven K. Gonzalez,155513975,2nd Year,20264976,Delta Team,Coordinator
Mark V. Jones,155513976,2nd Year,20264977,Alpha Team,Secretary
Jennifer D. Davis,155513977,2nd Year,20264978,Beta Team,Treasurer
Zara A. Anderson,155513978,2nd Year,20264979,Gamma Team,Vice-Leader
Carol X. Reddy,155513979,2nd Year,20264980,Delta Team,Member
Joshua G. Reddy,155513980,2nd Year,20264981,Alpha Team,Leader
Timothy D. Mehta,155513981,2nd Year,20264982,Beta Team,Member
Steven P. Davis,155513982,2nd Year,20264983,Gamma Team,Analyst
Zara C. Thomas,155513983,2nd Year,20264984,Delta Team,Developer
Patricia U. Smith,155513984,2nd Year,20264985,Alpha Team,Designer
Isha E. Joshi,155513985,2nd Year,20264986,Beta Team,Coordinator
Thomas G. Sanchez,155513986,2nd Year,20264987,Gamma Team,Secretary
Christopher F. Jones,155513987,2nd Year,20264988,Delta Team,Treasurer
Susan R. White,155513988,2nd Year,20264989,Alpha Team,Vice-Leader
Anthony J. Iyer,155513989,2nd Year,20264990,Beta Team,Member
Emily Q. Thomas,155513990,2nd Year,20264991,Gamma Team,Leader
Christopher U. Harris,155513991,2nd Year,20264992,Delta Team,Member
Patricia Q. Harris,155513992,2nd Year,20264993,Alpha Team,Analyst
Michelle H. Wilson,155513993,2nd Year,20264994,Beta Team,Developer
Deborah I. Robinson,155513994,2nd Year,20264995,Gamma Team,Designer
Christopher C. Thomas,155513995,2nd Year,20264996,Delta Team,Coordinator
Mary V. Harris,155513996,2nd Year,20264997,Alpha Team,Secretary
Linda E. Reddy,155513997,2nd Year,20264998,Beta Team,Treasurer
Charles G. Kapoor,155513998,2nd Year,20264999,Gamma Team,Vice-Leader
Susan U. Thompson,155513999,2nd Year,20265000,Delta Team,Member
Linda X. Thomas,155514000,2nd Year,20265001,Alpha Team,Leader
Linda G. Taylor,155514001,2nd Year,20265002,Beta Team,Member
Christopher K. Nair,155514002,2nd Year,20265003,Gamma Team,Analyst
Barbara L. Hernandez,155514003,2nd Year,20265004,Delta Team,Developer
Michael M. Harris,155514004,2nd Year,20265005,Alpha Team,Designer
Charles M. Moore,155514005,2nd Year,20265006,Beta Team,Coordinator
Jessica G. Lopez,155514006,2nd Year,20265007,Gamma Team,Secretary
Betty F. Johnson,155514007,2nd Year,20265008,Delta Team,Treasurer
Kenneth I. Gonzalez,155514008,2nd Year,20265009,Alpha Team,Vice-Leader
Isha C. Rodriguez,155514009,2nd Year,20265010,Beta Team,Member
Elizabeth Y. Anderson,155514010,2nd Year,20265011,Gamma Team,Leader
Mary R. Taylor,155514011,2nd Year,20265012,Delta Team,Member
Joshua P. Martinez,155514012,2nd Year,20265013,Alpha Team,Analyst
Zara G. Jackson,155514013,2nd Year,20265014,Beta Team,Developer
Carol Y. Sen,155514014,2nd Year,20265015,Gamma Team,Designer
Meera M. Harris,155514015,2nd Year,20265016,Delta Team,Coordinator
Christopher W. Lopez,155514016,2nd Year,20265017,Alpha Team,Secretary
Karen M. Johnson,155514017,2nd Year,20265018,Beta Team,Treasurer
Dorothy C. Jones,155514018,2nd Year,20265019,Gamma Team,Vice-Leader
William X. Thompson,155514019,2nd Year,20265020,Delta Team,Member
Margaret C. Williams,155514020,2nd Year,20265021,Alpha Team,Leader
Ashley Z. Jones,155514021,2nd Year,20265022,Beta Team,Member
John G. Anderson,155514022,2nd Year,20265023,Gamma Team,Analyst
Aarav L. Jones,155514023,2nd Year,20265024,Delta Team,Developer
Dorothy Z. Clark,155514024,2nd Year,20265025,Alpha Team,Designer
Mark L. Thomas,155514025,2nd Year,20265026,Beta Team,Coordinator
Dev N. Moore,155514026,2nd Year,20265027,Gamma Team,Secretary
Charles X. Perez,155514027,2nd Year,20265028,Delta Team,Treasurer
Michelle K. Harris,155514028,2nd Year,20265029,Alpha Team,Vice-Leader
Steven N. Lewis,155514029,2nd Year,20265030,Beta Team,Member
Joseph K. Thompson,155514030,2nd Year,20265031,Gamma Team,Leader
Patricia G. White,155514031,2nd Year,20265032,Delta Team,Member
Linda A. Clark,155514032,2nd Year,20265033,Alpha Team,Analyst
Brian V. Hernandez,155514033,2nd Year,20265034,Beta Team,Developer
Lisa E. Reddy,155514034,2nd Year,20265035,Gamma Team,Designer
Sandra A. Reddy,155514035,2nd Year,20265036,Delta Team,Coordinator
Isha W. Sanchez,155514036,2nd Year,20265037,Alpha Team,Secretary
Jessica K. Wilson,155514037,2nd Year,20265038,Beta Team,Treasurer
David S. Perez,155514038,2nd Year,20265039,Gamma Team,Vice-Leader
Kevin L. Sanchez,155514039,2nd Year,20265040,Delta Team,Member
Dorothy U. Smith,155514040,2nd Year,20265041,Alpha Team,Leader
Riya X. Clark,155514041,2nd Year,20265042,Beta Team,Member
Margaret R. Miller,155514042,2nd Year,20265043,Gamma Team,Analyst
Patricia G. Sen,155514043,2nd Year,20265044,Delta Team,Developer
Kimberly M. Thompson,155514044,2nd Year,20265045,Alpha Team,Designer
Isha Q. Reddy,155514045,2nd Year,20265046,Beta Team,Coordinator
Mark E. Wilson,155514046,2nd Year,20265047,Gamma Team,Secretary
Nancy Q. Jones,155514047,2nd Year,20265048,Delta Team,Treasurer
Amanda P. Perez,155514048,2nd Year,20265049,Alpha Team,Vice-Leader
Nancy P. Kapoor,155514049,2nd Year,20265050,Beta Team,Member
Michael H. Rodriguez,155514050,2nd Year,20265051,Gamma Team,Leader
Christopher Z. Moore,155514051,2nd Year,20265052,Delta Team,Member
Richard O. Wilson,155514052,2nd Year,20265053,Alpha Team,Analyst
Michelle C. Sanchez,155514053,2nd Year,20265054,Beta Team,Developer
Jessica U. Wilson,155514054,2nd Year,20265055,Gamma Team,Designer
William X. Davis,155514055,2nd Year,20265056,Delta Team,Coordinator
Deborah Q. Davis,155514056,2nd Year,20265057,Alpha Team,Secretary
Sai F. Moore,155514057,2nd Year,20265058,Beta Team,Treasurer
Paul S. Davis,155514058,2nd Year,20265059,Gamma Team,Vice-Leader
Barbara T. Martin,155514059,2nd Year,20265060,Delta Team,Member
Emily R. Kapoor,155514060,2nd Year,20265061,Alpha Team,Leader
Linda I. Martinez,155514061,2nd Year,20265062,Beta Team,Member
Ananya N. Sharma,155514062,2nd Year,20265063,Gamma Team,Analyst
Barbara G. Rao,155514063,2nd Year,20265064,Delta Team,Developer
Richard C. Hernandez,155514064,2nd Year,20265065,Alpha Team,Designer
Richard X. Patel,155514065,2nd Year,20265066,Beta Team,Coordinator
Kabir L. Patel,155514066,2nd Year,20265067,Gamma Team,Secretary
Richard I. Lee,155514067,2nd Year,20265068,Delta Team,Treasurer
Donna C. Harris,155514068,2nd Year,20265069,Alpha Team,Vice-Leader
Robert J. Martin,155514069,2nd Year,20265070,Beta Team,Member
Michael S. Moore,155514070,2nd Year,20265071,Gamma Team,Leader
Margaret U. Smith,155514071,2nd Year,20265072,Delta Team,Member
Lisa D. White,155514072,2nd Year,20265073,Alpha Team,Analyst
Linda J. Ramirez,155514073,2nd Year,20265074,Beta Team,Developer
Riya C. Moore,155514074,2nd Year,20265075,Gamma Team,Designer
Riya Z. Lopez,155514075,2nd Year,20265076,Delta Team,Coordinator
Joshua V. Iyer,155514076,2nd Year,20265077,Alpha Team,Secretary
Kimberly A. Rao,155514077,2nd Year,20265078,Beta Team,Treasurer
Vihaan Z. Rao,155514078,2nd Year,20265079,Gamma Team,Vice-Leader
Barbara Z. Lee,155514079,2nd Year,20265080,Delta Team,Member
Richard U. Brown,155514080,2nd Year,20265081,Alpha Team,Leader
Aarav X. Gonzalez,155514081,2nd Year,20265082,Beta Team,Member
Dorothy S. Johnson,155514082,2nd Year,20265083,Gamma Team,Analyst
Betty J. Anderson,155514083,2nd Year,20265084,Delta Team,Developer
Donna S. Thompson,155514084,2nd Year,20265085,Alpha Team,Designer
Elizabeth L. Williams,155514085,2nd Year,20265086,Beta Team,Coordinator
John I. Taylor,155514086,2nd Year,20265087,Gamma Team,Secretary
Betty U. Davis,155514087,2nd Year,20265088,Delta Team,Treasurer
Brian W. White,155514088,2nd Year,20265089,Alpha Team,Vice-Leader
Matthew M. Nair,155514089,2nd Year,20265090,Beta Team,Member
Christopher C. Nair,155514090,2nd Year,20265091,Gamma Team,Leader
Vihaan Z. Lewis,155514091,2nd Year,20265092,Delta Team,Member
Meera J. Thompson,155514092,2nd Year,20265093,Alpha Team,Analyst
Brian M. Martinez,155514093,2nd Year,20265094,Beta Team,Developer
Deborah H. Moore,155514094,2nd Year,20265095,Gamma Team,Designer
Meera Q. Rodriguez,155514095,2nd Year,20265096,Delta Team,Coordinator
Sandra V. Jones,155514096,2nd Year,20265097,Alpha Team,Secretary
Thomas C. Taylor,155514097,2nd Year,20265098,Beta Team,Treasurer
Aarav T. Kapoor,155514098,2nd Year,20265099,Gamma Team,Vice-Leader
Susan W. Clark,155514099,2nd Year,20265100,Delta Team,Member
Ashley L. Brown,155514100,2nd Year,20265101,Alpha Team,Leader
Riya U. Harris,155514101,2nd Year,20265102,Beta Team,Member
Ashley N. Williams,155514102,2nd Year,20265103,Gamma Team,Analyst
Kimberly Y. Kapoor,155514103,2nd Year,20265104,Delta Team,Developer
Thomas Q. Sen,155514104,2nd Year,20265105,Alpha Team,Designer
Paul N. Gonzalez,155514105,2nd Year,20265106,Beta Team,Coordinator
Brian Q. Taylor,155514106,2nd Year,20265107,Gamma Team,Secretary
Mark Q. Jones,155514107,2nd Year,20265108,Delta Team,Treasurer
Joshua P. Sanchez,155514108,2nd Year,20265109,Alpha Team,Vice-Leader
Kenneth M. Joshi,155514109,2nd Year,20265110,Beta Team,Member
Michael X. Lewis,155514110,2nd Year,20265111,Gamma Team,Leader
Susan F. Lopez,155514111,2nd Year,20265112,Delta Team,Member
Aarav S. Wilson,155514112,2nd Year,20265113,Alpha Team,Analyst
Susan V. Joshi,155514113,2nd Year,20265114,Beta Team,Developer
Deborah Q. Kapoor,155514114,2nd Year,20265115,Gamma Team,Designer
Betty P. Wilson,155514115,2nd Year,20265116,Delta Team,Coordinator
Paul U. Joshi,155514116,2nd Year,20265117,Alpha Team,Secretary
Michael Q. Rao,155514117,2nd Year,20265118,Beta Team,Treasurer
Thomas K. Jackson,155514118,2nd Year,20265119,Gamma Team,Vice-Leader
Brian T. Kapoor,155514119,2nd Year,20265120,Delta Team,Member
Brian R. Jones,155514120,2nd Year,20265121,Alpha Team,Leader
Isha W. Johnson,155514121,2nd Year,20265122,Beta Team,Member
Michael U. Wilson,155514122,2nd Year,20265123,Gamma Team,Analyst
Thomas Z. Martin,155514123,2nd Year,20265124,Delta Team,Developer
Emily I. Moore,155514124,2nd Year,20265125,Alpha Team,Designer
Patricia P. Clark,155514125,2nd Year,20265126,Beta Team,Coordinator
Kimberly M. Brown,155514126,2nd Year,20265127,Gamma Team,Secretary
Kenneth X. Martin,155514127,2nd Year,20265128,Delta Team,Treasurer
Margaret Q. Brown,155514128,2nd Year,20265129,Alpha Team,Vice-Leader
Sai M. Davis,155514129,2nd Year,20265130,Beta Team,Member
Brian Y. Wilson,155514130,2nd Year,20265131,Gamma Team,Leader
Christopher L. Patel,155514131,2nd Year,20265132,Delta Team,Member
Ashley S. Jones,155514132,2nd Year,20265133,Alpha Team,Analyst
Daniel H. Reddy,155514133,2nd Year,20265134,Beta Team,Developer
Deborah J. Lewis,155514134,2nd Year,20265135,Gamma Team,Designer
Steven F. Hernandez,155514135,2nd Year,20265136,Delta Team,Coordinator
Lisa R. Thomas,155514136,2nd Year,20265137,Alpha Team,Secretary
Joseph C. Wilson,155514137,2nd Year,20265138,Beta Team,Treasurer
Patricia H. White,155514138,2nd Year,20265139,Gamma Team,Vice-Leader
Ronald R. Hernandez,155514139,2nd Year,20265140,Delta Team,Member
Ronald J. Jones,155514140,2nd Year,20265141,Alpha Team,Leader
Paul O. Taylor,155514141,2nd Year,20265142,Beta Team,Member
Carol X. Harris,155514142,2nd Year,20265143,Gamma Team,Analyst
Joshua Q. Rao,155514143,2nd Year,20265144,Delta Team,Developer
Thomas I. Garcia,155514144,2nd Year,20265145,Alpha Team,Designer
Robert U. Patel,155514145,2nd Year,20265146,Beta Team,Coordinator
Aarav X. Jackson,155514146,2nd Year,20265147,Gamma Team,Secretary
Mary I. Robinson,155514147,2nd Year,20265148,Delta Team,Treasurer
Jessica V. Brown,155514148,2nd Year,20265149,Alpha Team,Vice-Leader
John P. Lopez,155514149,2nd Year,20265150,Beta Team,Member
Nancy H. Johnson,155514150,2nd Year,20265151,Gamma Team,Leader
Sandra O. Davis,155514151,2nd Year,20265152,Delta Team,Member
Matthew C. Brown,155514152,2nd Year,20265153,Alpha Team,Analyst
Sai N. Reddy,155514153,2nd Year,20265154,Beta Team,Developer
Vihaan Z. Garcia,155514154,2nd Year,20265155,Gamma Team,Designer
Jessica Z. Nair,155514155,2nd Year,20265156,Delta Team,Coordinator
Melissa I. Smith,155514156,2nd Year,20265157,Alpha Team,Secretary
Joseph A. Sen,155514157,2nd Year,20265158,Beta Team,Treasurer
Carol L. Williams,155514158,2nd Year,20265159,Gamma Team,Vice-Leader
Karen H. Nair,155514159,2nd Year,20265160,Delta Team,Member
Steven U. Johnson,155514160,2nd Year,20265161,Alpha Team,Leader
Dev U. Rao,155514161,2nd Year,20265162,Beta Team,Member
Ananya P. Garcia,155514162,2nd Year,20265163,Gamma Team,Analyst
Sandra G. Anderson,155514163,2nd Year,20265164,Delta Team,Developer
Deborah J. Iyer,155514164,2nd Year,20265165,Alpha Team,Designer
Mark A. Gonzalez,155514165,2nd Year,20265166,Beta Team,Coordinator
Patricia W. White,155514166,2nd Year,20265167,Gamma Team,Secretary
Vihaan I. Kapoor,155514167,2nd Year,20265168,Delta Team,Treasurer
Richard R. Gonzalez,155514168,2nd Year,20265169,Alpha Team,Vice-Leader
Robert Y. Moore,155514169,2nd Year,20265170,Beta Team,Member
Andrew V. Harris,155514170,2nd Year,20265171,Gamma Team,Leader
Deborah I. Gonzalez,155514171,2nd Year,20265172,Delta Team,Member
Ananya R. Sen,155514172,2nd Year,20265173,Alpha Team,Analyst
Ronald O. Martin,155514173,2nd Year,20265174,Beta Team,Developer
Daniel Z. Iyer,155514174,2nd Year,20265175,Gamma Team,Designer
Joseph H. Anderson,155514175,2nd Year,20265176,Delta Team,Coordinator
Melissa N. Johnson,155514176,2nd Year,20265177,Alpha Team,Secretary
James B. Martin,155514177,2nd Year,20265178,Beta Team,Treasurer
Kabir O. Iyer,155514178,2nd Year,20265179,Gamma Team,Vice-Leader
Ashley R. Lewis,155514179,2nd Year,20265180,Delta Team,Member
Charles Y. Garcia,155514180,2nd Year,20265181,Alpha Team,Leader
Michelle P. Hernandez,155514181,2nd Year,20265182,Beta Team,Member
Michelle D. Clark,155514182,2nd Year,20265183,Gamma Team,Analyst
James O. Rao,155514183,2nd Year,20265184,Delta Team,Developer
Sai S. Mehta,155514184,2nd Year,20265185,Alpha Team,Designer
Aarav D. Clark,155514185,2nd Year,20265186,Beta Team,Coordinator
Carol P. Miller,155514186,2nd Year,20265187,Gamma Team,Secretary
Sandra V. Thompson,155514187,2nd Year,20265188,Delta Team,Treasurer
Andrew B. Iyer,155514188,2nd Year,20265189,Alpha Team,Vice-Leader
Barbara M. White,155514189,2nd Year,20265190,Beta Team,Member
Robert S. Johnson,155514190,2nd Year,20265191,Gamma Team,Leader
Margaret M. Reddy,155514191,2nd Year,20265192,Delta Team,Member
Meera O. Robinson,155514192,2nd Year,20265193,Alpha Team,Analyst
Susan R. Miller,155514193,2nd Year,20265194,Beta Team,Developer
Emily A. Brown,155514194,2nd Year,20265195,Gamma Team,Designer
Timothy O. Nair,155514195,2nd Year,20265196,Delta Team,Coordinator
Vihaan J. Smith,155514196,2nd Year,20265197,Alpha Team,Secretary
Melissa J. Rao,155514197,2nd Year,20265198,Beta Team,Treasurer
Matthew P. Garcia,155514198,2nd Year,20265199,Gamma Team,Vice-Leader
Sandra Q. Smith,155514199,2nd Year,20265200,Delta Team,Member
Lisa N. Thompson,155514200,2nd Year,20265201,Alpha Team,Leader
Deborah G. Perez,155514201,2nd Year,20265202,Beta Team,Member
Thomas Y. Iyer,155514202,2nd Year,20265203,Gamma Team,Analyst
Elizabeth R. Ramirez,155514203,2nd Year,20265204,Delta Team,Developer
Sai H. Miller,155514204,2nd Year,20265205,Alpha Team,Designer
Matthew R. Taylor,155514205,2nd Year,20265206,Beta Team,Coordinator
Kevin F. Thompson,155514206,2nd Year,20265207,Gamma Team,Secretary
Anthony O. Miller,155514207,2nd Year,20265208,Delta Team,Treasurer
Ashley U. Reddy,155514208,2nd Year,20265209,Alpha Team,Vice-Leader
Donald R. Sharma,155514209,2nd Year,20265210,Beta Team,Member
Jessica G. Taylor,155514210,2nd Year,20265211,Gamma Team,Leader
Ronald E. Garcia,155514211,2nd Year,20265212,Delta Team,Member
Barbara Y. Sen,155514212,2nd Year,20265213,Alpha Team,Analyst
Andrew S. Johnson,155514213,2nd Year,20265214,Beta Team,Developer
Susan I. Lopez,155514214,2nd Year,20265215,Gamma Team,Designer
Kabir S. Mehta,155514215,2nd Year,20265216,Delta Team,Coordinator
Ashley U. Lee,155514216,2nd Year,20265217,Alpha Team,Secretary
Christopher X. Rodriguez,155514217,2nd Year,20265218,Beta Team,Treasurer
Kenneth N. Perez,155514218,2nd Year,20265219,Gamma Team,Vice-Leader
Donna B. White,155514219,2nd Year,20265220,Delta Team,Member
Jennifer F. Thompson,155514220,2nd Year,20265221,Alpha Team,Leader
Christopher L. Rao,155514221,2nd Year,20265222,Beta Team,Member
Emily V. Johnson,155514222,2nd Year,20265223,Gamma Team,Analyst
Timothy H. Miller,155514223,2nd Year,20265224,Delta Team,Developer
Elizabeth G. Harris,155514224,2nd Year,20265225,Alpha Team,Designer
Michael S. Rao,155514225,2nd Year,20265226,Beta Team,Coordinator
Paul T. Robinson,155514226,2nd Year,20265227,Gamma Team,Secretary
Robert F. Thomas,155514227,2nd Year,20265228,Delta Team,Treasurer
Ashley C. Davis,155514228,2nd Year,20265229,Alpha Team,Vice-Leader
Matthew R. Sharma,155514229,2nd Year,20265230,Beta Team,Member
Nancy V. Moore,155514230,2nd Year,20265231,Gamma Team,Leader
Patricia E. Clark,155514231,2nd Year,20265232,Delta Team,Member
Mark J. Mehta,155514232,2nd Year,20265233,Alpha Team,Analyst
Steven M. Nair,155514233,2nd Year,20265234,Beta Team,Developer
Elizabeth J. Lewis,155514234,2nd Year,20265235,Gamma Team,Designer
Anthony A. Thomas,155514235,2nd Year,20265236,Delta Team,Coordinator
Mary F. Wilson,155514236,2nd Year,20265237,Alpha Team,Secretary
Matthew E. Miller,155514237,2nd Year,20265238,Beta Team,Treasurer
David L. Jones,155514238,2nd Year,20265239,Gamma Team,Vice-Leader
Joseph G. Jackson,155514239,2nd Year,20265240,Delta Team,Member
Riya N. Williams,155514240,2nd Year,20265241,Alpha Team,Leader
Susan W. Jackson,155514241,2nd Year,20265242,Beta Team,Member
Zara K. Lee,155514242,2nd Year,20265243,Gamma Team,Analyst
Mary D. Patel,155514243,2nd Year,20265244,Delta Team,Developer
Elizabeth M. Rao,155514244,2nd Year,20265245,Alpha Team,Designer
Kimberly Y. Miller,155514245,2nd Year,20265246,Beta Team,Coordinator
Robert K. Wilson,155514246,2nd Year,20265247,Gamma Team,Secretary
James U. Wilson,155514247,2nd Year,20265248,Delta Team,Treasurer
Ronald K. Martin,155514248,2nd Year,20265249,Alpha Team,Vice-Leader
Jennifer Q. Gonzalez,155514249,2nd Year,20265250,Beta Team,Member
Christopher L. Clark,155514250,2nd Year,20265251,Gamma Team,Leader
Donna B. Joshi,155514251,2nd Year,20265252,Delta Team,Member
Elizabeth H. Rodriguez,155514252,2nd Year,20265253,Alpha Team,Analyst
Joshua A. Rao,155514253,2nd Year,20265254,Beta Team,Developer
Kimberly O. Perez,155514254,2nd Year,20265255,Gamma Team,Designer
Mark G. Moore,155514255,2nd Year,20265256,Delta Team,Coordinator
Zara I. Mehta,155514256,2nd Year,20265257,Alpha Team,Secretary
Linda C. White,155514257,2nd Year,20265258,Beta Team,Treasurer
Mary M. Wilson,155514258,2nd Year,20265259,Gamma Team,Vice-Leader
Charles I. Jones,155514259,2nd Year,20265260,Delta Team,Member
Anthony T. Joshi,155514260,2nd Year,20265261,Alpha Team,Leader
Paul R. Ramirez,155514261,2nd Year,20265262,Beta Team,Member
Melissa A. Mehta,155514262,2nd Year,20265263,Gamma Team,Analyst
Anthony P. Patel,155514263,2nd Year,20265264,Delta Team,Developer
Charles R. Nair,155514264,2nd Year,20265265,Alpha Team,Designer
Daniel I. Rao,155514265,2nd Year,20265266,Beta Team,Coordinator
Patricia D. Anderson,155514266,2nd Year,20265267,Gamma Team,Secretary
Betty V. Davis,155514267,2nd Year,20265268,Delta Team,Treasurer
Matthew Z. Moore,155514268,2nd Year,20265269,Alpha Team,Vice-Leader
Joshua A. Jackson,155514269,2nd Year,20265270,Beta Team,Member
Andrew H. Rao,155514270,2nd Year,20265271,Gamma Team,Leader
Deborah R. Moore,155514271,2nd Year,20265272,Delta Team,Member
William L. Iyer,155514272,2nd Year,20265273,Alpha Team,Analyst
Elizabeth E. Williams,155514273,2nd Year,20265274,Beta Team,Developer
James I. Brown,155514274,2nd Year,20265275,Gamma Team,Designer
Joseph G. Anderson,155514275,2nd Year,20265276,Delta Team,Coordinator
Kenneth W. Smith,155514276,2nd Year,20265277,Alpha Team,Secretary
Kevin A. Lopez,155514277,2nd Year,20265278,Beta Team,Treasurer
Melissa R. White,155514278,2nd Year,20265279,Gamma Team,Vice-Leader
Anthony E. Clark,155514279,2nd Year,20265280,Delta Team,Member
Jessica N. Garcia,155514280,2nd Year,20265281,Alpha Team,Leader
Lisa O. Garcia,155514281,2nd Year,20265282,Beta Team,Member
Kevin O. Iyer,155514282,2nd Year,20265283,Gamma Team,Analyst
Isha Z. Perez,155514283,2nd Year,20265284,Delta Team,Developer
Betty C. Hernandez,155514284,2nd Year,20265285,Alpha Team,Designer
Michael I. Rao,155514285,2nd Year,20265286,Beta Team,Coordinator
Vihaan N. Sharma,155514286,2nd Year,20265287,Gamma Team,Secretary
Sai A. Moore,155514287,2nd Year,20265288,Delta Team,Treasurer
Margaret B. White,155514288,2nd Year,20265289,Alpha Team,Vice-Leader
John I. Brown,155514289,2nd Year,20265290,Beta Team,Member
Michael I. Nair,155514290,2nd Year,20265291,Gamma Team,Leader
Amanda K. Jones,155514291,2nd Year,20265292,Delta Team,Member
Dorothy L. Nair,155514292,2nd Year,20265293,Alpha Team,Analyst
Barbara U. Lopez,155514293,2nd Year,20265294,Beta Team,Developer
David S. Davis,155514294,2nd Year,20265295,Gamma Team,Designer
Richard H. Wilson,155514295,2nd Year,20265296,Delta Team,Coordinator
Thomas O. Reddy,155514296,2nd Year,20265297,Alpha Team,Secretary
Dorothy B. Sanchez,155514297,2nd Year,20265298,Beta Team,Treasurer
Emily T. Wilson,155514298,2nd Year,20265299,Gamma Team,Vice-Leader
Betty A. Sharma,155514299,2nd Year,20265300,Delta Team,Member
Matthew L. Robinson,155514300,2nd Year,20265301,Alpha Team,Leader
Kevin Q. Patel,155514301,2nd Year,20265302,Beta Team,Member
Elizabeth X. Brown,155514302,2nd Year,20265303,Gamma Team,Analyst
Mark D. Reddy,155514303,2nd Year,20265304,Delta Team,Developer
Linda O. Gonzalez,155514304,2nd Year,20265305,Alpha Team,Designer
Jessica G. Wilson,155514305,2nd Year,20265306,Beta Team,Coordinator
Anthony S. Nair,155514306,2nd Year,20265307,Gamma Team,Secretary
Linda M. Gonzalez,155514307,2nd Year,20265308,Delta Team,Treasurer
Jennifer L. Anderson,155514308,2nd Year,20265309,Alpha Team,Vice-Leader
Brian J. Reddy,155514309,2nd Year,20265310,Beta Team,Member
Jessica R. Wilson,155514310,2nd Year,20265311,Gamma Team,Leader
Betty H. Miller,155514311,2nd Year,20265312,Delta Team,Member
Susan K. Kapoor,155514312,2nd Year,20265313,Alpha Team,Analyst
Sarah D. Rodriguez,155514313,2nd Year,20265314,Beta Team,Developer
Dev Z. Wilson,155514314,2nd Year,20265315,Gamma Team,Designer
David M. Sharma,155514315,2nd Year,20265316,Delta Team,Coordinator
Sandra C. Rodriguez,155514316,2nd Year,20265317,Alpha Team,Secretary
Matthew Z. Martinez,155514317,2nd Year,20265318,Beta Team,Treasurer
Robert G. Patel,155514318,2nd Year,20265319,Gamma Team,Vice-Leader
Emily U. Perez,155514319,2nd Year,20265320,Delta Team,Member
William H. Martinez,155514320,2nd Year,20265321,Alpha Team,Leader
Michelle L. Perez,155514321,2nd Year,20265322,Beta Team,Member
Dorothy X. Taylor,155514322,2nd Year,20265323,Gamma Team,Analyst
Deborah P. Thompson,155514323,2nd Year,20265324,Delta Team,Developer
Jessica O. Williams,155514324,2nd Year,20265325,Alpha Team,Designer
Barbara G. Lopez,155514325,2nd Year,20265326,Beta Team,Coordinator
Patricia F. Gonzalez,155514326,2nd Year,20265327,Gamma Team,Secretary
Patricia J. Patel,155514327,2nd Year,20265328,Delta Team,Treasurer
Aarav L. Perez,155514328,2nd Year,20265329,Alpha Team,Vice-Leader
Betty L. Reddy,155514329,2nd Year,20265330,Beta Team,Member
Susan U. White,155514330,2nd Year,20265331,Gamma Team,Leader
Jennifer E. Rao,155514331,2nd Year,20265332,Delta Team,Member
Ronald H. Miller,155514332,2nd Year,20265333,Alpha Team,Analyst
Donald K. Rao,155514333,2nd Year,20265334,Beta Team,Developer
Vihaan R. Rao,155514334,2nd Year,20265335,Gamma Team,Designer
Riya Z. Johnson,155514335,2nd Year,20265336,Delta Team,Coordinator
Margaret K. Rao,155514336,2nd Year,20265337,Alpha Team,Secretary
Ronald E. Lopez,155514337,2nd Year,20265338,Beta Team,Treasurer
Kevin R. Jackson,155514338,2nd Year,20265339,Gamma Team,Vice-Leader
Mark R. Hernandez,155514339,2nd Year,20265340,Delta Team,Member
Sandra U. Martinez,155514340,2nd Year,20265341,Alpha Team,Leader
Richard G. Jackson,155514341,2nd Year,20265342,Beta Team,Member
Elizabeth C. Sharma,155514342,2nd Year,20265343,Gamma Team,Analyst
Donna U. Thomas,155514343,2nd Year,20265344,Delta Team,Developer
Sai J. Thomas,155514344,2nd Year,20265345,Alpha Team,Designer
Steven T. Williams,155514345,2nd Year,20265346,Beta Team,Coordinator
Kenneth M. Johnson,155514346,2nd Year,20265347,Gamma Team,Secretary
Michael W. Martinez,155514347,2nd Year,20265348,Delta Team,Treasurer
Carol N. Garcia,155514348,2nd Year,20265349,Alpha Team,Vice-Leader
Riya H. Iyer,155514349,2nd Year,20265350,Beta Team,Member
Mark Q. Lopez,155514350,2nd Year,20265351,Gamma Team,Leader
Dev W. Joshi,155514351,2nd Year,20265352,Delta Team,Member
Melissa S. Sen,155514352,2nd Year,20265353,Alpha Team,Analyst
Vihaan H. Harris,155514353,2nd Year,20265354,Beta Team,Developer
Steven D. Garcia,155514354,2nd Year,20265355,Gamma Team,Designer
Margaret X. White,155514355,2nd Year,20265356,Delta Team,Coordinator
Jessica F. Robinson,155514356,2nd Year,20265357,Alpha Team,Secretary
Lisa M. Patel,155514357,2nd Year,20265358,Beta Team,Treasurer
Linda M. Johnson,155514358,2nd Year,20265359,Gamma Team,Vice-Leader
Mary M. Lewis,155514359,2nd Year,20265360,Delta Team,Member
Richard J. Lopez,155514360,2nd Year,20265361,Alpha Team,Leader
Melissa V. Patel,155514361,2nd Year,20265362,Beta Team,Member
Paul Z. White,155514362,2nd Year,20265363,Gamma Team,Analyst
Donna P. Iyer,155514363,2nd Year,20265364,Delta Team,Developer
William J. Williams,155514364,2nd Year,20265365,Alpha Team,Designer
Susan L. Iyer,155514365,2nd Year,20265366,Beta Team,Coordinator
Linda N. Jackson,155514366,2nd Year,20265367,Gamma Team,Secretary
Betty V. Martin,155514367,2nd Year,20265368,Delta Team,Treasurer
Barbara S. Taylor,155514368,2nd Year,20265369,Alpha Team,Vice-Leader
Sarah M. Sharma,155514369,2nd Year,20265370,Beta Team,Member
Sai G. Lopez,155514370,2nd Year,20265371,Gamma Team,Leader
Steven J. Ramirez,155514371,2nd Year,20265372,Delta Team,Member
William Z. Sharma,155514372,2nd Year,20265373,Alpha Team,Analyst
Charles W. Taylor,155514373,2nd Year,20265374,Beta Team,Developer
Michelle R. Lopez,155514374,2nd Year,20265375,Gamma Team,Designer
Ronald S. Williams,155514375,2nd Year,20265376,Delta Team,Coordinator
Ronald O. Thompson,155514376,2nd Year,20265377,Alpha Team,Secretary
Michael O. Sanchez,155514377,2nd Year,20265378,Beta Team,Treasurer
Ananya V. Kapoor,155514378,2nd Year,20265379,Gamma Team,Vice-Leader
Joseph W. Martin,155514379,2nd Year,20265380,Delta Team,Member
Michael Y. Sharma,155514380,2nd Year,20265381,Alpha Team,Leader
Donna W. White,155514381,2nd Year,20265382,Beta Team,Member
Susan K. Martinez,155514382,2nd Year,20265383,Gamma Team,Analyst
Elizabeth X. Sen,155514383,2nd Year,20265384,Delta Team,Developer
Carol N. Sanchez,155514384,2nd Year,20265385,Alpha Team,Designer
Karen A. Clark,155514385,2nd Year,20265386,Beta Team,Coordinator
Robert K. Rodriguez,155514386,2nd Year,20265387,Gamma Team,Secretary
Mary C. Robinson,155514387,2nd Year,20265388,Delta Team,Treasurer
Donna S. Patel,155514388,2nd Year,20265389,Alpha Team,Vice-Leader
Robert Y. Sanchez,155514389,2nd Year,20265390,Beta Team,Member
Brian E. White,155514390,2nd Year,20265391,Gamma Team,Leader
Thomas F. Thompson,155514391,2nd Year,20265392,Delta Team,Member
Ronald G. Rodriguez,155514392,2nd Year,20265393,Alpha Team,Analyst
Dev V. Reddy,155514393,2nd Year,20265394,Beta Team,Developer
Michelle E. Sharma,155514394,2nd Year,20265395,Gamma Team,Designer
Ashley Z. White,155514395,2nd Year,20265396,Delta Team,Coordinator
Sarah E. Patel,155514396,2nd Year,20265397,Alpha Team,Secretary
Christopher X. Sharma,155514397,2nd Year,20265398,Beta Team,Treasurer
Charles G. Davis,155514398,2nd Year,20265399,Gamma Team,Vice-Leader
Linda C. Robinson,155514399,2nd Year,20265400,Delta Team,Member
Sai S. White,155514400,2nd Year,20265401,Alpha Team,Leader
Melissa D. Clark,155514401,2nd Year,20265402,Beta Team,Member
Mary Z. White,155514402,2nd Year,20265403,Gamma Team,Analyst
Emily R. Rodriguez,155514403,2nd Year,20265404,Delta Team,Developer
Steven W. Lee,155514404,2nd Year,20265405,Alpha Team,Designer
Joseph H. Thomas,155514405,2nd Year,20265406,Beta Team,Coordinator
Donna F. Ramirez,155514406,2nd Year,20265407,Gamma Team,Secretary
Karen E. Garcia,155514407,2nd Year,20265408,Delta Team,Treasurer
John O. Taylor,155514408,2nd Year,20265409,Alpha Team,Vice-Leader
Susan I. Sharma,155514409,2nd Year,20265410,Beta Team,Member
Jennifer C. Miller,155514410,2nd Year,20265411,Gamma Team,Leader
Aarav T. Ramirez,155514411,2nd Year,20265412,Delta Team,Member
Kenneth Q. Patel,155514412,2nd Year,20265413,Alpha Team,Analyst
Vihaan J. Nair,155514413,2nd Year,20265414,Beta Team,Developer
Dorothy U. Iyer,155514414,2nd Year,20265415,Gamma Team,Designer
Dev M. White,155514415,2nd Year,20265416,Delta Team,Coordinator
Brian T. Sanchez,155514416,2nd Year,20265417,Alpha Team,Secretary
Dev U. Rodriguez,155514417,2nd Year,20265418,Beta Team,Treasurer
Mary H. Clark,155514418,2nd Year,20265419,Gamma Team,Vice-Leader
Sai P. Moore,155514419,2nd Year,20265420,Delta Team,Member
Aarav S. Thomas,155514420,2nd Year,20265421,Alpha Team,Leader
Brian Z. Anderson,155514421,2nd Year,20265422,Beta Team,Member
Daniel P. Garcia,155514422,2nd Year,20265423,Gamma Team,Analyst
Michael T. Perez,155514423,2nd Year,20265424,Delta Team,Developer
Riya L. Harris,155514424,2nd Year,20265425,Alpha Team,Designer
Riya E. Reddy,155514425,2nd Year,20265426,Beta Team,Coordinator
Isha B. Kapoor,155514426,2nd Year,20265427,Gamma Team,Secretary
Carol J. Jackson,155514427,2nd Year,20265428,Delta Team,Treasurer
Vihaan D. Rodriguez,155514428,2nd Year,20265429,Alpha Team,Vice-Leader
Steven H. Jones,155514429,2nd Year,20265430,Beta Team,Member
Lisa S. Perez,155514430,2nd Year,20265431,Gamma Team,Leader
Mark K. Robinson,155514431,2nd Year,20265432,Delta Team,Member
Jessica Y. Miller,155514432,2nd Year,20265433,Alpha Team,Analyst
Dev Q. Joshi,155514433,2nd Year,20265434,Beta Team,Developer
Sandra W. Martinez,155514434,2nd Year,20265435,Gamma Team,Designer
Betty S. Sanchez,155514435,2nd Year,20265436,Delta Team,Coordinator
Anthony D. Mehta,155514436,2nd Year,20265437,Alpha Team,Secretary
Melissa W. Martin,155514437,2nd Year,20265438,Beta Team,Treasurer
Lisa X. Clark,155514438,2nd Year,20265439,Gamma Team,Vice-Leader
Aarav Z. Thomas,155514439,2nd Year,20265440,Delta Team,Member
Steven Z. Williams,155514440,2nd Year,20265441,Alpha Team,Leader
Vihaan C. Reddy,155514441,2nd Year,20265442,Beta Team,Member
Dev B. Lewis,155514442,2nd Year,20265443,Gamma Team,Analyst
Elizabeth Y. Thompson,155514443,2nd Year,20265444,Delta Team,Developer
John R. Lopez,155514444,2nd Year,20265445,Alpha Team,Designer
Jessica S. Garcia,155514445,2nd Year,20265446,Beta Team,Coordinator
Nancy R. Sanchez,155514446,2nd Year,20265447,Gamma Team,Secretary
Carol T. Sharma,155514447,2nd Year,20265448,Delta Team,Treasurer
David K. Rao,155514448,2nd Year,20265449,Alpha Team,Vice-Leader
Betty V. Lopez,155514449,2nd Year,20265450,Beta Team,Member
Jennifer C. Martin,155514450,2nd Year,20265451,Gamma Team,Leader
Kabir I. Moore,155514451,2nd Year,20265452,Delta Team,Member
Dorothy M. Lee,155514452,2nd Year,20265453,Alpha Team,Analyst
Richard D. Lewis,155514453,2nd Year,20265454,Beta Team,Developer
Kenneth S. Mehta,155514454,2nd Year,20265455,Gamma Team,Designer
Kevin U. Johnson,155514455,2nd Year,20265456,Delta Team,Coordinator
Steven W. Martin,155514456,2nd Year,20265457,Alpha Team,Secretary
Karen Y. Wilson,155514457,2nd Year,20265458,Beta Team,Treasurer
Barbara N. Reddy,155514458,2nd Year,20265459,Gamma Team,Vice-Leader
Aarav V. Jackson,155514459,2nd Year,20265460,Delta Team,Member
Meera Y. Miller,155514460,2nd Year,20265461,Alpha Team,Leader
John W. Jackson,155514461,2nd Year,20265462,Beta Team,Member
Vihaan Y. Johnson,155514462,2nd Year,20265463,Gamma Team,Analyst
Mary Z. Rodriguez,155514463,2nd Year,20265464,Delta Team,Developer
Susan J. Iyer,155514464,2nd Year,20265465,Alpha Team,Designer
William L. Rao,155514465,2nd Year,20265466,Beta Team,Coordinator
Isha C. Reddy,155514466,2nd Year,20265467,Gamma Team,Secretary
Christopher V. Sharma,155514467,2nd Year,20265468,Delta Team,Treasurer
Thomas Q. White,155514468,2nd Year,20265469,Alpha Team,Vice-Leader
Donald Q. Iyer,155514469,2nd Year,20265470,Beta Team,Member
Anthony R. Kapoor,155514470,2nd Year,20265471,Gamma Team,Leader
Vihaan N. Johnson,155514471,2nd Year,20265472,Delta Team,Member
Robert A. Anderson,155514472,2nd Year,20265473,Alpha Team,Analyst
Aarav L. Lee,155514473,2nd Year,20265474,Beta Team,Developer
William E. Wilson,155514474,2nd Year,20265475,Gamma Team,Designer
Dorothy P. Thompson,155514475,2nd Year,20265476,Delta Team,Coordinator
Elizabeth Z. Hernandez,155514476,2nd Year,20265477,Alpha Team,Secretary
Anthony G. Rodriguez,155514477,2nd Year,20265478,Beta Team,Treasurer
Jessica A. Harris,155514478,2nd Year,20265479,Gamma Team,Vice-Leader
Donald C. Nair,155514479,2nd Year,20265480,Delta Team,Member
James B. Rao,155514480,2nd Year,20265481,Alpha Team,Leader
Elizabeth Y. White,155514481,2nd Year,20265482,Beta Team,Member
Susan V. Miller,155514482,2nd Year,20265483,Gamma Team,Analyst
Joshua P. Ramirez,155514483,2nd Year,20265484,Delta Team,Developer
Zara X. Lopez,155514484,2nd Year,20265485,Alpha Team,Designer
Patricia T. Moore,155514485,2nd Year,20265486,Beta Team,Coordinator
Deborah P. Smith,155514486,2nd Year,20265487,Gamma Team,Secretary
David N. Williams,155514487,2nd Year,20265488,Delta Team,Treasurer
Donna X. Lopez,155514488,2nd Year,20265489,Alpha Team,Vice-Leader
Andrew J. Joshi,155514489,2nd Year,20265490,Beta Team,Member
John X. Mehta,155514490,2nd Year,20265491,Gamma Team,Leader
Robert M. Martinez,155514491,2nd Year,20265492,Delta Team,Member
Joseph F. Sen,155514492,2nd Year,20265493,Alpha Team,Analyst
Kabir B. Patel,155514493,2nd Year,20265494,Beta Team,Developer
Joseph C. Clark,155514494,2nd Year,20265495,Gamma Team,Designer
Nancy S. Davis,155514495,2nd Year,20265496,Delta Team,Coordinator
Susan T. Clark,155514496,2nd Year,20265497,Alpha Team,Secretary
Jennifer N. Brown,155514497,2nd Year,20265498,Beta Team,Treasurer
Riya Y. Harris,155514498,2nd Year,20265499,Gamma Team,Vice-Leader
Dev Q. Clark,155514499,2nd Year,20265500,Delta Team,Member
Margaret R. Clark,155514500,2nd Year,20265501,Alpha Team,Leader
Carol G. Joshi,155514501,2nd Year,20265502,Beta Team,Member
Robert Q. Harris,155514502,2nd Year,20265503,Gamma Team,Analyst
Daniel Q. Gonzalez,155514503,2nd Year,20265504,Delta Team,Developer
Matthew W. Lee,155514504,2nd Year,20265505,Alpha Team,Designer
Mary H. Joshi,155514505,2nd Year,20265506,Beta Team,Coordinator
Christopher N. Patel,155514506,2nd Year,20265507,Gamma Team,Secretary
Betty D. White,155514507,2nd Year,20265508,Delta Team,Treasurer
Paul F. Lopez,155514508,2nd Year,20265509,Alpha Team,Vice-Leader
Sandra X. Miller,155514509,2nd Year,20265510,Beta Team,Member
Emily R. Davis,155514510,2nd Year,20265511,Gamma Team,Leader
Kimberly Q. Clark,155514511,2nd Year,20265512,Delta Team,Member
Amanda W. White,155514512,2nd Year,20265513,Alpha Team,Analyst
Carol Q. Ramirez,155514513,2nd Year,20265514,Beta Team,Developer
Thomas I. Brown,155514514,2nd Year,20265515,Gamma Team,Designer
Amanda F. Miller,155514515,2nd Year,20265516,Delta Team,Coordinator
Margaret J. Sanchez,155514516,2nd Year,20265517,Alpha Team,Secretary
Aarav J. Nair,155514517,2nd Year,20265518,Beta Team,Treasurer
Kabir L. Sharma,155514518,2nd Year,20265519,Gamma Team,Vice-Leader
Vihaan S. Johnson,155514519,2nd Year,20265520,Delta Team,Member
Barbara K. Johnson,155514520,2nd Year,20265521,Alpha Team,Leader
Ashley G. Robinson,155514521,2nd Year,20265522,Beta Team,Member
Zara K. Davis,155514522,2nd Year,20265523,Gamma Team,Analyst
Matthew D. Brown,155514523,2nd Year,20265524,Delta Team,Developer
Christopher X. Martinez,155514524,2nd Year,20265525,Alpha Team,Designer
Kenneth U. Anderson,155514525,2nd Year,20265526,Beta Team,Coordinator
Dorothy U. Patel,155514526,2nd Year,20265527,Gamma Team,Secretary
Steven I. Clark,155514527,2nd Year,20265528,Delta Team,Treasurer
Steven W. Rao,155514528,2nd Year,20265529,Alpha Team,Vice-Leader
Isha W. Wilson,155514529,2nd Year,20265530,Beta Team,Member
Sai E. Miller,155514530,2nd Year,20265531,Gamma Team,Leader
Amanda K. Perez,155514531,2nd Year,20265532,Delta Team,Member
Mary O. Martin,155514532,2nd Year,20265533,Alpha Team,Analyst
Daniel G. Harris,155514533,2nd Year,20265534,Beta Team,Developer
Steven S. Mehta,155514534,2nd Year,20265535,Gamma Team,Designer
Riya T. Taylor,155514535,2nd Year,20265536,Delta Team,Coordinator
Daniel P. Rao,155514536,2nd Year,20265537,Alpha Team,Secretary
Kabir W. Hernandez,155514537,2nd Year,20265538,Beta Team,Treasurer
Andrew A. Nair,155514538,2nd Year,20265539,Gamma Team,Vice-Leader
Christopher L. Taylor,155514539,2nd Year,20265540,Delta Team,Member
Isha X. Williams,155514540,2nd Year,20265541,Alpha Team,Leader
Brian D. Kapoor,155514541,2nd Year,20265542,Beta Team,Member
Emily U. Rao,155514542,2nd Year,20265543,Gamma Team,Analyst
Sarah P. Iyer,155514543,2nd Year,20265544,Delta Team,Developer
Thomas E. White,155514544,2nd Year,20265545,Alpha Team,Designer
Timothy L. Ramirez,155514545,2nd Year,20265546,Beta Team,Coordinator
Kimberly D. Clark,155514546,2nd Year,20265547,Gamma Team,Secretary
Elizabeth Z. Lee,155514547,2nd Year,20265548,Delta Team,Treasurer
Timothy L. Harris,155514548,2nd Year,20265549,Alpha Team,Vice-Leader
Kevin O. Wilson,155514549,2nd Year,20265550,Beta Team,Member
Karen X. Nair,155514550,2nd Year,20265551,Gamma Team,Leader
Nancy A. Ramirez,155514551,2nd Year,20265552,Delta Team,Member
Matthew A. White,155514552,2nd Year,20265553,Alpha Team,Analyst
Zara Z. Mehta,155514553,2nd Year,20265554,Beta Team,Developer
Timothy F. Perez,155514554,2nd Year,20265555,Gamma Team,Designer
Betty L. Harris,155514555,2nd Year,20265556,Delta Team,Coordinator
Richard R. Hernandez,155514556,2nd Year,20265557,Alpha Team,Secretary
Richard K. Hernandez,155514557,2nd Year,20265558,Beta Team,Treasurer
Paul H. Lee,155514558,2nd Year,20265559,Gamma Team,Vice-Leader
Isha D. Wilson,155514559,2nd Year,20265560,Delta Team,Member
David J. Davis,155514560,2nd Year,20265561,Alpha Team,Leader
Timothy V. Sen,155514561,2nd Year,20265562,Beta Team,Member
Elizabeth N. Patel,155514562,2nd Year,20265563,Gamma Team,Analyst
Michael X. Gonzalez,155514563,2nd Year,20265564,Delta Team,Developer
Ananya J. Anderson,155514564,2nd Year,20265565,Alpha Team,Designer
Mark P. Rodriguez,155514565,2nd Year,20265566,Beta Team,Coordinator
Patricia J. Sanchez,155514566,2nd Year,20265567,Gamma Team,Secretary
Kabir E. Rodriguez,155514567,2nd Year,20265568,Delta Team,Treasurer
Riya T. Martin,155514568,2nd Year,20265569,Alpha Team,Vice-Leader
Joshua K. Anderson,155514569,2nd Year,20265570,Beta Team,Member
Jessica E. Reddy,155514570,2nd Year,20265571,Gamma Team,Leader
Ronald E. Davis,155514571,2nd Year,20265572,Delta Team,Member
David F. Harris,155514572,2nd Year,20265573,Alpha Team,Analyst
Jessica Y. Clark,155514573,2nd Year,20265574,Beta Team,Developer
Carol G. Jackson,155514574,2nd Year,20265575,Gamma Team,Designer
Donna J. Miller,155514575,2nd Year,20265576,Delta Team,Coordinator
Richard J. Iyer,155514576,2nd Year,20265577,Alpha Team,Secretary
Riya C. Martin,155514577,2nd Year,20265578,Beta Team,Treasurer
Deborah P. Anderson,155514578,2nd Year,20265579,Gamma Team,Vice-Leader
Matthew D. Joshi,155514579,2nd Year,20265580,Delta Team,Member
Dev M. Martin,155514580,2nd Year,20265581,Alpha Team,Leader
Sai L. Thomas,155514581,2nd Year,20265582,Beta Team,Member
Deborah A. Perez,155514582,2nd Year,20265583,Gamma Team,Analyst
Brian I. Ramirez,155514583,2nd Year,20265584,Delta Team,Developer
Ananya C. Rao,155514584,2nd Year,20265585,Alpha Team,Designer
Sandra V. White,155514585,2nd Year,20265586,Beta Team,Coordinator
Isha H. Thompson,155514586,2nd Year,20265587,Gamma Team,Secretary
Deborah O. Rao,155514587,2nd Year,20265588,Delta Team,Treasurer
Mary T. Rao,155514588,2nd Year,20265589,Alpha Team,Vice-Leader
Michael H. Harris,155514589,2nd Year,20265590,Beta Team,Member
Timothy C. Jackson,155514590,2nd Year,20265591,Gamma Team,Leader
Jessica N. Iyer,155514591,2nd Year,20265592,Delta Team,Member
Thomas N. Sen,155514592,2nd Year,20265593,Alpha Team,Analyst
Patricia Q. Johnson,155514593,2nd Year,20265594,Beta Team,Developer
Mark G. Joshi,155514594,2nd Year,20265595,Gamma Team,Designer
Timothy U. Iyer,155514595,2nd Year,20265596,Delta Team,Coordinator
Dev D. Sen,155514596,2nd Year,20265597,Alpha Team,Secretary
James F. Nair,155514597,2nd Year,20265598,Beta Team,Treasurer
Robert I. Joshi,155514598,2nd Year,20265599,Gamma Team,Vice-Leader
Ashley T. Taylor,155514599,2nd Year,20265600,Delta Team,Member
Nancy B. Miller,155514600,2nd Year,20265601,Alpha Team,Leader
Karen K. Moore,155514601,2nd Year,20265602,Beta Team,Member
Dorothy S. Hernandez,155514602,2nd Year,20265603,Gamma Team,Analyst
Susan A. Miller,155514603,2nd Year,20265604,Delta Team,Developer
Betty B. Rao,155514604,2nd Year,20265605,Alpha Team,Designer
Dev M. Harris,155514605,2nd Year,20265606,Beta Team,Coordinator
Ronald D. Brown,155514606,2nd Year,20265607,Gamma Team,Secretary
Mark T. Lopez,155514607,2nd Year,20265608,Delta Team,Treasurer
Andrew M. Rao,155514608,2nd Year,20265609,Alpha Team,Vice-Leader
Mary X. Moore,155514609,2nd Year,20265610,Beta Team,Member
Melissa H. Martinez,155514610,2nd Year,20265611,Gamma Team,Leader
John P. Clark,155514611,2nd Year,20265612,Delta Team,Member
Kevin K. Jones,155514612,2nd Year,20265613,Alpha Team,Analyst
Dev G. Lopez,155514613,2nd Year,20265614,Beta Team,Developer
Ashley B. Jones,155514614,2nd Year,20265615,Gamma Team,Designer
Paul U. Lewis,155514615,2nd Year,20265616,Delta Team,Coordinator
Riya K. Garcia,155514616,2nd Year,20265617,Alpha Team,Secretary
Anthony F. Hernandez,155514617,2nd Year,20265618,Beta Team,Treasurer
Dorothy P. Patel,155514618,2nd Year,20265619,Gamma Team,Vice-Leader
Matthew X. Johnson,155514619,2nd Year,20265620,Delta Team,Member
Thomas H. Harris,155514620,2nd Year,20265621,Alpha Team,Leader
Ananya T. Rao,155514621,2nd Year,20265622,Beta Team,Member
Deborah X. Reddy,155514622,2nd Year,20265623,Gamma Team,Analyst
Carol O. Williams,155514623,2nd Year,20265624,Delta Team,Developer
Kimberly T. Hernandez,155514624,2nd Year,20265625,Alpha Team,Designer
Timothy Y. Joshi,155514625,2nd Year,20265626,Beta Team,Coordinator
Joseph P. Wilson,155514626,2nd Year,20265627,Gamma Team,Secretary
Michael D. Ramirez,155514627,2nd Year,20265628,Delta Team,Treasurer
Riya S. Rodriguez,155514628,2nd Year,20265629,Alpha Team,Vice-Leader
Donald I. Wilson,155514629,2nd Year,20265630,Beta Team,Member
Dorothy N. Rao,155514630,2nd Year,20265631,Gamma Team,Leader
Vihaan Y. Williams,155514631,2nd Year,20265632,Delta Team,Member
James F. Brown,155514632,2nd Year,20265633,Alpha Team,Analyst
Paul N. Perez,155514633,2nd Year,20265634,Beta Team,Developer
John G. Harris,155514634,2nd Year,20265635,Gamma Team,Designer
Mary V. Lewis,155514635,2nd Year,20265636,Delta Team,Coordinator
Michael R. Thomas,155514636,2nd Year,20265637,Alpha Team,Secretary
Barbara Z. Nair,155514637,2nd Year,20265638,Beta Team,Treasurer
Paul H. Martinez,155514638,2nd Year,20265639,Gamma Team,Vice-Leader
Carol Q. Clark,155514639,2nd Year,20265640,Delta Team,Member
Amanda P. Sharma,155514640,2nd Year,20265641,Alpha Team,Leader
Riya R. Lopez,155514641,2nd Year,20265642,Beta Team,Member
Ananya D. Smith,155514642,2nd Year,20265643,Gamma Team,Analyst
Paul W. Sharma,155514643,2nd Year,20265644,Delta Team,Developer
Donna Y. Sanchez,155514644,2nd Year,20265645,Alpha Team,Designer
Michael B. Thomas,155514645,2nd Year,20265646,Beta Team,Coordinator
Michael M. Reddy,155514646,2nd Year,20265647,Gamma Team,Secretary
Aarav U. Clark,155514647,2nd Year,20265648,Delta Team,Treasurer
Andrew V. Davis,155514648,2nd Year,20265649,Alpha Team,Vice-Leader
Zara A. Rao,155514649,2nd Year,20265650,Beta Team,Member
Sandra H. Jones,155514650,2nd Year,20265651,Gamma Team,Leader
Karen V. Rao,155514651,2nd Year,20265652,Delta Team,Member
Brian E. Jackson,155514652,2nd Year,20265653,Alpha Team,Analyst
Riya K. Rodriguez,155514653,2nd Year,20265654,Beta Team,Developer
William Y. Lewis,155514654,2nd Year,20265655,Gamma Team,Designer
Zara U. Iyer,155514655,2nd Year,20265656,Delta Team,Coordinator
Kabir O. Reddy,155514656,2nd Year,20265657,Alpha Team,Secretary
Deborah S. Miller,155514657,2nd Year,20265658,Beta Team,Treasurer
Patricia T. Thomas,155514658,2nd Year,20265659,Gamma Team,Vice-Leader
Andrew G. Moore,155514659,2nd Year,20265660,Delta Team,Member
Jessica P. Moore,155514660,2nd Year,20265661,Alpha Team,Leader
Jennifer A. Garcia,155514661,2nd Year,20265662,Beta Team,Member
Richard H. Rodriguez,155514662,2nd Year,20265663,Gamma Team,Analyst
Susan V. Thomas,155514663,2nd Year,20265664,Delta Team,Developer
Michelle T. Sen,155514664,2nd Year,20265665,Alpha Team,Designer
Deborah G. Lewis,155514665,2nd Year,20265666,Beta Team,Coordinator
Dorothy O. Clark,155514666,2nd Year,20265667,Gamma Team,Secretary
Joshua H. White,155514667,2nd Year,20265668,Delta Team,Treasurer
Michelle Z. Williams,155514668,2nd Year,20265669,Alpha Team,Vice-Leader
Linda Q. Harris,155514669,2nd Year,20265670,Beta Team,Member
Ananya U. Rodriguez,155514670,2nd Year,20265671,Gamma Team,Leader
Kenneth S. White,155514671,2nd Year,20265672,Delta Team,Member
Charles T. Hernandez,155514672,2nd Year,20265673,Alpha Team,Analyst
Sai G. Harris,155514673,2nd Year,20265674,Beta Team,Developer
Ronald T. Perez,155514674,2nd Year,20265675,Gamma Team,Designer
Lisa U. Thompson,155514675,2nd Year,20265676,Delta Team,Coordinator
David L. Reddy,155514676,2nd Year,20265677,Alpha Team,Secretary
Joseph K. Sanchez,155514677,2nd Year,20265678,Beta Team,Treasurer
Mark J. Ramirez,155514678,2nd Year,20265679,Gamma Team,Vice-Leader
Sandra Q. Williams,155514679,2nd Year,20265680,Delta Team,Member
Sai J. Lopez,155514680,2nd Year,20265681,Alpha Team,Leader
David W. Taylor,155514681,2nd Year,20265682,Beta Team,Member
Brian Y. Perez,155514682,2nd Year,20265683,Gamma Team,Analyst
Carol D. Lee,155514683,2nd Year,20265684,Delta Team,Developer
Dorothy J. Taylor,155514684,2nd Year,20265685,Alpha Team,Designer
Ronald D. Garcia,155514685,2nd Year,20265686,Beta Team,Coordinator
Robert B. Hernandez,155514686,2nd Year,20265687,Gamma Team,Secretary
Meera N. Williams,155514687,2nd Year,20265688,Delta Team,Treasurer
William Z. Garcia,155514688,2nd Year,20265689,Alpha Team,Vice-Leader
Anthony B. White,155514689,2nd Year,20265690,Beta Team,Member
Melissa O. Lee,155514690,2nd Year,20265691,Gamma Team,Leader
Daniel X. Thompson,155514691,2nd Year,20265692,Delta Team,Member
Nancy V. Miller,155514692,2nd Year,20265693,Alpha Team,Analyst
Anthony O. Clark,155514693,2nd Year,20265694,Beta Team,Developer
Carol P. Martin,155514694,2nd Year,20265695,Gamma Team,Designer
Steven R. Hernandez,155514695,2nd Year,20265696,Delta Team,Coordinator
Jennifer I. Lopez,155514696,2nd Year,20265697,Alpha Team,Secretary
Elizabeth D. Garcia,155514697,2nd Year,20265698,Beta Team,Treasurer
William Q. Rodriguez,155514698,2nd Year,20265699,Gamma Team,Vice-Leader
Sandra B. Iyer,155514699,2nd Year,20265700,Delta Team,Member
Kimberly N. Gonzalez,155514700,2nd Year,20265701,Alpha Team,Leader
Anthony Z. Garcia,155514701,2nd Year,20265702,Beta Team,Member
James Z. Harris,155514702,2nd Year,20265703,Gamma Team,Analyst
Kenneth M. Miller,155514703,2nd Year,20265704,Delta Team,Developer
John A. Williams,155514704,2nd Year,20265705,Alpha Team,Designer
Timothy B. Davis,155514705,2nd Year,20265706,Beta Team,Coordinator
Ronald P. Williams,155514706,2nd Year,20265707,Gamma Team,Secretary
Michelle R. Williams,155514707,2nd Year,20265708,Delta Team,Treasurer
Andrew Y. Davis,155514708,2nd Year,20265709,Alpha Team,Vice-Leader
Betty J. Smith,155514709,2nd Year,20265710,Beta Team,Member
Meera Q. Johnson,155514710,2nd Year,20265711,Gamma Team,Leader
Kenneth J. Martinez,155514711,2nd Year,20265712,Delta Team,Member
Kabir L. Brown,155514712,2nd Year,20265713,Alpha Team,Analyst
Sai Z. Anderson,155514713,2nd Year,20265714,Beta Team,Developer
Christopher P. Lewis,155514714,2nd Year,20265715,Gamma Team,Designer
Paul A. Brown,155514715,2nd Year,20265716,Delta Team,Coordinator
Anthony T. Lopez,155514716,2nd Year,20265717,Alpha Team,Secretary
Linda N. Lopez,155514717,2nd Year,20265718,Beta Team,Treasurer
Anthony G. Joshi,155514718,2nd Year,20265719,Gamma Team,Vice-Leader
Matthew Y. Anderson,155514719,2nd Year,20265720,Delta Team,Member
Riya W. Lewis,155514720,2nd Year,20265721,Alpha Team,Leader
Michelle U. Anderson,155514721,2nd Year,20265722,Beta Team,Member
Barbara D. Jones,155514722,2nd Year,20265723,Gamma Team,Analyst
Brian N. Wilson,155514723,2nd Year,20265724,Delta Team,Developer
Jennifer U. Mehta,155514724,2nd Year,20265725,Alpha Team,Designer
David B. Davis,155514725,2nd Year,20265726,Beta Team,Coordinator
Charles N. Moore,155514726,2nd Year,20265727,Gamma Team,Secretary
Kenneth T. Lee,155514727,2nd Year,20265728,Delta Team,Treasurer
Thomas M. Patel,155514728,2nd Year,20265729,Alpha Team,Vice-Leader
Amanda F. Harris,155514729,2nd Year,20265730,Beta Team,Member
Elizabeth H. Taylor,155514730,2nd Year,20265731,Gamma Team,Leader
Sandra W. Clark,155514731,2nd Year,20265732,Delta Team,Member
William X. Garcia,155514732,2nd Year,20265733,Alpha Team,Analyst
James Z. Gonzalez,155514733,2nd Year,20265734,Beta Team,Developer
Anthony D. Perez,155514734,2nd Year,20265735,Gamma Team,Designer
Carol M. Jones,155514735,2nd Year,20265736,Delta Team,Coordinator
Donald Y. Johnson,155514736,2nd Year,20265737,Alpha Team,Secretary
Deborah J. Mehta,155514737,2nd Year,20265738,Beta Team,Treasurer
Steven G. Hernandez,155514738,2nd Year,20265739,Gamma Team,Vice-Leader
Robert I. Reddy,155514739,2nd Year,20265740,Delta Team,Member
Kenneth T. Jackson,155514740,2nd Year,20265741,Alpha Team,Leader
Susan G. Garcia,155514741,2nd Year,20265742,Beta Team,Member
Jessica T. Hernandez,155514742,2nd Year,20265743,Gamma Team,Analyst
Mark E. Ramirez,155514743,2nd Year,20265744,Delta Team,Developer
Margaret N. Ramirez,155514744,2nd Year,20265745,Alpha Team,Designer
John N. Lewis,155514745,2nd Year,20265746,Beta Team,Coordinator
Zara J. Davis,155514746,2nd Year,20265747,Gamma Team,Secretary
Joseph O. Mehta,155514747,2nd Year,20265748,Delta Team,Treasurer
Riya Z. Garcia,155514748,2nd Year,20265749,Alpha Team,Vice-Leader
Sandra K. Lopez,155514749,2nd Year,20265750,Beta Team,Member
Amanda M. Harris,155514750,2nd Year,20265751,Gamma Team,Leader
Lisa C. Clark,155514751,2nd Year,20265752,Delta Team,Member
Brian N. Williams,155514752,2nd Year,20265753,Alpha Team,Analyst
Nancy P. Garcia,155514753,2nd Year,20265754,Beta Team,Developer
Betty L. Garcia,155514754,2nd Year,20265755,Gamma Team,Designer
Joshua H. Brown,155514755,2nd Year,20265756,Delta Team,Coordinator
Emily E. Jackson,155514756,2nd Year,20265757,Alpha Team,Secretary
Nancy O. Joshi,155514757,2nd Year,20265758,Beta Team,Treasurer
Michael A. Sharma,155514758,2nd Year,20265759,Gamma Team,Vice-Leader
Vihaan Z. Iyer,155514759,2nd Year,20265760,Delta Team,Member
Daniel R. Rao,155514760,2nd Year,20265761,Alpha Team,Leader
Nancy G. Thompson,155514761,2nd Year,20265762,Beta Team,Member
Charles M. Clark,155514762,2nd Year,20265763,Gamma Team,Analyst
Elizabeth A. Jackson,155514763,2nd Year,20265764,Delta Team,Developer
Elizabeth Y. Taylor,155514764,2nd Year,20265765,Alpha Team,Designer
Donna D. Robinson,155514765,2nd Year,20265766,Beta Team,Coordinator
Linda I. Rao,155514766,2nd Year,20265767,Gamma Team,Secretary
David K. Hernandez,155514767,2nd Year,20265768,Delta Team,Treasurer
Vihaan W. Hernandez,155514768,2nd Year,20265769,Alpha Team,Vice-Leader
Jessica S. Martin,155514769,2nd Year,20265770,Beta Team,Member
Jennifer V. White,155514770,2nd Year,20265771,Gamma Team,Leader
Donna S. Ramirez,155514771,2nd Year,20265772,Delta Team,Member
Donna N. Mehta,155514772,2nd Year,20265773,Alpha Team,Analyst
Donald M. Sen,155514773,2nd Year,20265774,Beta Team,Developer
Jennifer G. Miller,155514774,2nd Year,20265775,Gamma Team,Designer
Timothy W. Thompson,155514775,2nd Year,20265776,Delta Team,Coordinator
Donna U. Martinez,155514776,2nd Year,20265777,Alpha Team,Secretary
James G. Iyer,155514777,2nd Year,20265778,Beta Team,Treasurer
Aarav Q. Williams,155514778,2nd Year,20265779,Gamma Team,Vice-Leader
Emily E. Moore,155514779,2nd Year,20265780,Delta Team,Member
Brian R. Sanchez,155514780,2nd Year,20265781,Alpha Team,Leader
Kimberly N. Anderson,155514781,2nd Year,20265782,Beta Team,Member
Ashley I. Martin,155514782,2nd Year,20265783,Gamma Team,Analyst
Christopher N. Thomas,155514783,2nd Year,20265784,Delta Team,Developer
Deborah L. Jones,155514784,2nd Year,20265785,Alpha Team,Designer
Carol K. Joshi,155514785,2nd Year,20265786,Beta Team,Coordinator
Kevin Z. Thompson,155514786,2nd Year,20265787,Gamma Team,Secretary
Joseph Z. Clark,155514787,2nd Year,20265788,Delta Team,Treasurer
Kevin C. Reddy,155514788,2nd Year,20265789,Alpha Team,Vice-Leader
Karen D. Lopez,155514789,2nd Year,20265790,Beta Team,Member
Emily B. Johnson,155514790,2nd Year,20265791,Gamma Team,Leader
Mary O. White,155514791,2nd Year,20265792,Delta Team,Member
Emily S. Iyer,155514792,2nd Year,20265793,Alpha Team,Analyst
Ashley H. Davis,155514793,2nd Year,20265794,Beta Team,Developer
Steven G. Patel,155514794,2nd Year,20265795,Gamma Team,Designer
Amanda P. Anderson,155514795,2nd Year,20265796,Delta Team,Coordinator
Barbara Q. Kapoor,155514796,2nd Year,20265797,Alpha Team,Secretary
Dorothy Q. Hernandez,155514797,2nd Year,20265798,Beta Team,Treasurer
Michael J. Garcia,155514798,2nd Year,20265799,Gamma Team,Vice-Leader
Joseph J. Lewis,155514799,2nd Year,20265800,Delta Team,Member
Nancy W. Sharma,155514800,2nd Year,20265801,Alpha Team,Leader
Carol O. Jackson,155514801,2nd Year,20265802,Beta Team,Member
Ronald R. Harris,155514802,2nd Year,20265803,Gamma Team,Analyst
Jennifer X. Robinson,155514803,2nd Year,20265804,Delta Team,Developer
Elizabeth O. Rao,155514804,2nd Year,20265805,Alpha Team,Designer
Paul Q. Smith,155514805,2nd Year,20265806,Beta Team,Coordinator
Emily K. Brown,155514806,2nd Year,20265807,Gamma Team,Secretary
Sai F. Ramirez,155514807,2nd Year,20265808,Delta Team,Treasurer
Dev Z. Thomas,155514808,2nd Year,20265809,Alpha Team,Vice-Leader
Brian E. Lewis,155514809,2nd Year,20265810,Beta Team,Member
Anthony V. Rao,155514810,2nd Year,20265811,Gamma Team,Leader
James W. Thompson,155514811,2nd Year,20265812,Delta Team,Member
Joseph E. Sanchez,155514812,2nd Year,20265813,Alpha Team,Analyst
Daniel I. Lopez,155514813,2nd Year,20265814,Beta Team,Developer
Patricia P. Jones,155514814,2nd Year,20265815,Gamma Team,Designer
Joseph T. Clark,155514815,2nd Year,20265816,Delta Team,Coordinator
Thomas N. Kapoor,155514816,2nd Year,20265817,Alpha Team,Secretary
Dorothy M. Miller,155514817,2nd Year,20265818,Beta Team,Treasurer
Amanda K. Brown,155514818,2nd Year,20265819,Gamma Team,Vice-Leader
Ashley R. Davis,155514819,2nd Year,20265820,Delta Team,Member
Dorothy F. White,155514820,2nd Year,20265821,Alpha Team,Leader
Sandra Q. Wilson,155514821,2nd Year,20265822,Beta Team,Member
William Y. Joshi,155514822,2nd Year,20265823,Gamma Team,Analyst
Vihaan Y. Thompson,155514823,2nd Year,20265824,Delta Team,Developer
Brian M. Miller,155514824,2nd Year,20265825,Alpha Team,Designer
Meera F. Garcia,155514825,2nd Year,20265826,Beta Team,Coordinator
Kenneth J. Garcia,155514826,2nd Year,20265827,Gamma Team,Secretary
Robert B. Brown,155514827,2nd Year,20265828,Delta Team,Treasurer
Melissa L. Lopez,155514828,2nd Year,20265829,Alpha Team,Vice-Leader
William G. Wilson,155514829,2nd Year,20265830,Beta Team,Member
Emily E. Lewis,155514830,2nd Year,20265831,Gamma Team,Leader
Zara Y. Reddy,155514831,2nd Year,20265832,Delta Team,Member
Dorothy O. Sharma,155514832,2nd Year,20265833,Alpha Team,Analyst
Barbara W. Martinez,155514833,2nd Year,20265834,Beta Team,Developer
Kabir V. Lewis,155514834,2nd Year,20265835,Gamma Team,Designer
Ananya Q. Rodriguez,155514835,2nd Year,20265836,Delta Team,Coordinator
Jennifer R. Joshi,155514836,2nd Year,20265837,Alpha Team,Secretary
Lisa U. Davis,155514837,2nd Year,20265838,Beta Team,Treasurer
Riya D. Brown,155514838,2nd Year,20265839,Gamma Team,Vice-Leader
Sai K. Rodriguez,155514839,2nd Year,20265840,Delta Team,Member
Donna V. Lewis,155514840,2nd Year,20265841,Alpha Team,Leader
Riya O. White,155514841,2nd Year,20265842,Beta Team,Member
Matthew E. Sanchez,155514842,2nd Year,20265843,Gamma Team,Analyst
Richard J. Patel,155514843,2nd Year,20265844,Delta Team,Developer
Jennifer Y. Brown,155514844,2nd Year,20265845,Alpha Team,Designer
Patricia X. Ramirez,155514845,2nd Year,20265846,Beta Team,Coordinator
Zara E. Smith,155514846,2nd Year,20265847,Gamma Team,Secretary
Carol S. Hernandez,155514847,2nd Year,20265848,Delta Team,Treasurer
Melissa C. Hernandez,155514848,2nd Year,20265849,Alpha Team,Vice-Leader
Sarah T. Anderson,155514849,2nd Year,20265850,Beta Team,Member
Vihaan W. Johnson,155514850,2nd Year,20265851,Gamma Team,Leader
Joseph N. Clark,155514851,2nd Year,20265852,Delta Team,Member
Jessica R. Perez,155514852,2nd Year,20265853,Alpha Team,Analyst
Mark F. Perez,155514853,2nd Year,20265854,Beta Team,Developer
Thomas Z. Sharma,155514854,2nd Year,20265855,Gamma Team,Designer
Ronald P. Rao,155514855,2nd Year,20265856,Delta Team,Coordinator
Sai Q. Davis,155514856,2nd Year,20265857,Alpha Team,Secretary
James E. Joshi,155514857,2nd Year,20265858,Beta Team,Treasurer
Kabir C. Lopez,155514858,2nd Year,20265859,Gamma Team,Vice-Leader
Ronald C. Rao,155514859,2nd Year,20265860,Delta Team,Member
Elizabeth I. Jones,155514860,2nd Year,20265861,Alpha Team,Leader
Lisa G. Patel,155514861,2nd Year,20265862,Beta Team,Member
Elizabeth V. Jackson,155514862,2nd Year,20265863,Gamma Team,Analyst
Anthony O. Sharma,155514863,2nd Year,20265864,Delta Team,Developer
Matthew T. Martinez,155514864,2nd Year,20265865,Alpha Team,Designer
Robert N. Wilson,155514865,2nd Year,20265866,Beta Team,Coordinator
Mary X. Garcia,155514866,2nd Year,20265867,Gamma Team,Secretary
Brian W. Thompson,155514867,2nd Year,20265868,Delta Team,Treasurer
Riya V. Anderson,155514868,2nd Year,20265869,Alpha Team,Vice-Leader
Ananya O. Rodriguez,155514869,2nd Year,20265870,Beta Team,Member
Robert B. Martin,155514870,2nd Year,20265871,Gamma Team,Leader
Ashley L. Sanchez,155514871,2nd Year,20265872,Delta Team,Member
Joseph N. Joshi,155514872,2nd Year,20265873,Alpha Team,Analyst
Sarah X. Martin,155514873,2nd Year,20265874,Beta Team,Developer
Matthew D. White,155514874,2nd Year,20265875,Gamma Team,Designer
Lisa L. Thomas,155514875,2nd Year,20265876,Delta Team,Coordinator
Linda H. Hernandez,155514876,2nd Year,20265877,Alpha Team,Secretary
Nancy D. Thompson,155514877,2nd Year,20265878,Beta Team,Treasurer
Kenneth N. Davis,155514878,2nd Year,20265879,Gamma Team,Vice-Leader
David O. Davis,155514879,2nd Year,20265880,Delta Team,Member
Zara P. Iyer,155514880,2nd Year,20265881,Alpha Team,Leader
Kevin M. Sanchez,155514881,2nd Year,20265882,Beta Team,Member
Dorothy F. Iyer,155514882,2nd Year,20265883,Gamma Team,Analyst
Sai V. Wilson,155514883,2nd Year,20265884,Delta Team,Developer
Michael N. Thomas,155514884,2nd Year,20265885,Alpha Team,Designer
Daniel I. Thompson,155514885,2nd Year,20265886,Beta Team,Coordinator
Michael S. Williams,155514886,2nd Year,20265887,Gamma Team,Secretary
William J. Jones,155514887,2nd Year,20265888,Delta Team,Treasurer
Margaret M. Thompson,155514888,2nd Year,20265889,Alpha Team,Vice-Leader
Elizabeth P. Joshi,155514889,2nd Year,20265890,Beta Team,Member
Richard C. Jones,155514890,2nd Year,20265891,Gamma Team,Leader
Meera Z. Rao,155514891,2nd Year,20265892,Delta Team,Member
Joshua I. Sanchez,155514892,2nd Year,20265893,Alpha Team,Analyst
Timothy H. Reddy,155514893,2nd Year,20265894,Beta Team,Developer
Amanda Y. Martinez,155514894,2nd Year,20265895,Gamma Team,Designer
Isha J. Wilson,155514895,2nd Year,20265896,Delta Team,Coordinator
Kevin V. Joshi,155514896,2nd Year,20265897,Alpha Team,Secretary
Richard A. Iyer,155514897,2nd Year,20265898,Beta Team,Treasurer
Barbara Y. Jones,155514898,2nd Year,20265899,Gamma Team,Vice-Leader
Susan L. Rao,155514899,2nd Year,20265900,Delta Team,Member
Steven V. White,155514900,2nd Year,20265901,Alpha Team,Leader
John A. Martin,155514901,2nd Year,20265902,Beta Team,Member
Carol Y. Johnson,155514902,2nd Year,20265903,Gamma Team,Analyst
Charles A. White,155514903,2nd Year,20265904,Delta Team,Developer
Melissa J. Rodriguez,155514904,2nd Year,20265905,Alpha Team,Designer
Charles V. Martin,155514905,2nd Year,20265906,Beta Team,Coordinator
Michael S. Sharma,155514906,2nd Year,20265907,Gamma Team,Secretary
John L. Iyer,155514907,2nd Year,20265908,Delta Team,Treasurer
Joseph T. Sanchez,155514908,2nd Year,20265909,Alpha Team,Vice-Leader
Emily O. Garcia,155514909,2nd Year,20265910,Beta Team,Member
Margaret X. Lewis,155514910,2nd Year,20265911,Gamma Team,Leader
Aarav S. Sen,155514911,2nd Year,20265912,Delta Team,Member
Andrew O. White,155514912,2nd Year,20265913,Alpha Team,Analyst
Paul Q. Iyer,155514913,2nd Year,20265914,Beta Team,Developer
Deborah H. Lewis,155514914,2nd Year,20265915,Gamma Team,Designer
Betty I. Miller,155514915,2nd Year,20265916,Delta Team,Coordinator
Barbara E. Lopez,155514916,2nd Year,20265917,Alpha Team,Secretary
Sandra F. Martin,155514917,2nd Year,20265918,Beta Team,Treasurer
Linda H. Jones,155514918,2nd Year,20265919,Gamma Team,Vice-Leader
Nancy B. Brown,155514919,2nd Year,20265920,Delta Team,Member
Linda Z. Joshi,155514920,2nd Year,20265921,Alpha Team,Leader
Mark Q. Smith,155514921,2nd Year,20265922,Beta Team,Member
Lisa P. Joshi,155514922,2nd Year,20265923,Gamma Team,Analyst
Paul Y. Perez,155514923,2nd Year,20265924,Delta Team,Developer
Charles N. Wilson,155514924,2nd Year,20265925,Alpha Team,Designer
Barbara A. Hernandez,155514925,2nd Year,20265926,Beta Team,Coordinator
Kevin K. Rao,155514926,2nd Year,20265927,Gamma Team,Secretary
Joseph S. Harris,155514927,2nd Year,20265928,Delta Team,Treasurer
Linda S. Iyer,155514928,2nd Year,20265929,Alpha Team,Vice-Leader
Dev C. Reddy,155514929,2nd Year,20265930,Beta Team,Member
Anthony U. Davis,155514930,2nd Year,20265931,Gamma Team,Leader
Dev D. Harris,155514931,2nd Year,20265932,Delta Team,Member
Lisa E. Garcia,155514932,2nd Year,20265933,Alpha Team,Analyst
Jennifer K. Clark,155514933,2nd Year,20265934,Beta Team,Developer
Ronald U. Rodriguez,155514934,2nd Year,20265935,Gamma Team,Designer
Paul W. Patel,155514935,2nd Year,20265936,Delta Team,Coordinator
Charles Y. Rao,155514936,2nd Year,20265937,Alpha Team,Secretary
Melissa X. Sen,155514937,2nd Year,20265938,Beta Team,Treasurer
Jennifer G. Joshi,155514938,2nd Year,20265939,Gamma Team,Vice-Leader
Matthew C. Ramirez,155514939,2nd Year,20265940,Delta Team,Member
Sarah Z. Martinez,155514940,2nd Year,20265941,Alpha Team,Leader
Ashley P. Martinez,155514941,2nd Year,20265942,Beta Team,Member
Christopher U. Lee,155514942,2nd Year,20265943,Gamma Team,Analyst
Michael O. Moore,155514943,2nd Year,20265944,Delta Team,Developer
John Y. Ramirez,155514944,2nd Year,20265945,Alpha Team,Designer
Ashley P. Patel,155514945,2nd Year,20265946,Beta Team,Coordinator
Daniel A. Mehta,155514946,2nd Year,20265947,Gamma Team,Secretary
Robert G. Williams,155514947,2nd Year,20265948,Delta Team,Treasurer
William A. Miller,155514948,2nd Year,20265949,Alpha Team,Vice-Leader
Mary R. Hernandez,155514949,2nd Year,20265950,Beta Team,Member
Elizabeth X. Perez,155514950,2nd Year,20265951,Gamma Team,Leader
Barbara W. Mehta,155514951,2nd Year,20265952,Delta Team,Member
Anthony R. Smith,155514952,2nd Year,20265953,Alpha Team,Analyst
Paul L. Williams,155514953,2nd Year,20265954,Beta Team,Developer
Paul I. Lopez,155514954,2nd Year,20265955,Gamma Team,Designer
David T. Sanchez,155514955,2nd Year,20265956,Delta Team,Coordinator
Kimberly Z. Sen,155514956,2nd Year,20265957,Alpha Team,Secretary
Timothy Z. Lee,155514957,2nd Year,20265958,Beta Team,Treasurer
Ronald M. Sanchez,155514958,2nd Year,20265959,Gamma Team,Vice-Leader
Zara X. Brown,155514959,2nd Year,20265960,Delta Team,Member
Lisa V. Moore,155514960,2nd Year,20265961,Alpha Team,Leader
Mark Q. Thompson,155514961,2nd Year,20265962,Beta Team,Member
Emily R. Clark,155514962,2nd Year,20265963,Gamma Team,Analyst
Thomas B. Perez,155514963,2nd Year,20265964,Delta Team,Developer
Thomas P. Reddy,155514964,2nd Year,20265965,Alpha Team,Designer
Kenneth Y. Nair,155514965,2nd Year,20265966,Beta Team,Coordinator
Emily Y. Patel,155514966,2nd Year,20265967,Gamma Team,Secretary
Andrew V. Johnson,155514967,2nd Year,20265968,Delta Team,Treasurer
Michael F. Rodriguez,155514968,2nd Year,20265969,Alpha Team,Vice-Leader
Kevin Y. Wilson,155514969,2nd Year,20265970,Beta Team,Member
Emily Z. Thompson,155514970,2nd Year,20265971,Gamma Team,Leader
Vihaan Y. Iyer,155514971,2nd Year,20265972,Delta Team,Member
Ronald X. Sharma,155514972,2nd Year,20265973,Alpha Team,Analyst
Elizabeth P. Thompson,155514973,2nd Year,20265974,Beta Team,Developer
Dev U. Lopez,155514974,2nd Year,20265975,Gamma Team,Designer
Margaret Y. Harris,155514975,2nd Year,20265976,Delta Team,Coordinator
James O. Gonzalez,155514976,2nd Year,20265977,Alpha Team,Secretary
Kimberly L. Sanchez,155514977,2nd Year,20265978,Beta Team,Treasurer
Mary K. Lewis,155514978,2nd Year,20265979,Gamma Team,Vice-Leader
Zara K. Taylor,155514979,2nd Year,20265980,Delta Team,Member
Lisa G. Clark,155514980,2nd Year,20265981,Alpha Team,Leader
William D. Johnson,155514981,2nd Year,20265982,Beta Team,Member
Zara V. Moore,155514982,2nd Year,20265983,Gamma Team,Analyst
Mark I. Lopez,155514983,2nd Year,20265984,Delta Team,Developer
Anthony W. Sharma,155514984,2nd Year,20265985,Alpha Team,Designer
Elizabeth F. Patel,155514985,2nd Year,20265986,Beta Team,Coordinator
Kevin C. Sanchez,155514986,2nd Year,20265987,Gamma Team,Secretary
Karen B. Clark,155514987,2nd Year,20265988,Delta Team,Treasurer
Susan L. Sanchez,155514988,2nd Year,20265989,Alpha Team,Vice-Leader
David E. Wilson,155514989,2nd Year,20265990,Beta Team,Member
Matthew Z. Clark,155514990,2nd Year,20265991,Gamma Team,Leader
Mary S. Sen,155514991,2nd Year,20265992,Delta Team,Member
Donald O. Patel,155514992,2nd Year,20265993,Alpha Team,Analyst
Kevin J. Jackson,155514993,2nd Year,20265994,Beta Team,Developer
Kabir Z. Martinez,155514994,2nd Year,20265995,Gamma Team,Designer
Ananya C. Jackson,155514995,2nd Year,20265996,Delta Team,Coordinator
John B. Reddy,155514996,2nd Year,20265997,Alpha Team,Secretary
Mary Z. Kapoor,155514997,2nd Year,20265998,Beta Team,Treasurer
Sarah S. Perez,155514998,2nd Year,20265999,Gamma Team,Vice-Leader
Kevin J. Martinez,155514999,2nd Year,20266000,Delta Team,Member
Riya B. Moore,155515000,2nd Year,20266001,Alpha Team,Leader
Barbara R. Taylor,155515001,2nd Year,20266002,Beta Team,Member
Linda F. Joshi,155515002,2nd Year,20266003,Gamma Team,Analyst
Kenneth D. Lee,155515003,2nd Year,20266004,Delta Team,Developer
Zara S. Iyer,155515004,2nd Year,20266005,Alpha Team,Designer
Ronald Q. Gonzalez,155515005,2nd Year,20266006,Beta Team,Coordinator
Ronald F. Jackson,155515006,2nd Year,20266007,Gamma Team,Secretary
Meera Z. Perez,155515007,2nd Year,20266008,Delta Team,Treasurer
Joseph E. Martin,155515008,2nd Year,20266009,Alpha Team,Vice-Leader
Vihaan Y. Jackson,155515009,2nd Year,20266010,Beta Team,Member
Deborah W. Gonzalez,155515010,2nd Year,20266011,Gamma Team,Leader
Deborah C. Mehta,155515011,2nd Year,20266012,Delta Team,Member
Kimberly F. Clark,155515012,2nd Year,20266013,Alpha Team,Analyst
John T. Rodriguez,155515013,2nd Year,20266014,Beta Team,Developer
Sandra V. Nair,155515014,2nd Year,20266015,Gamma Team,Designer
Riya R. Kapoor,155515015,2nd Year,20266016,Delta Team,Coordinator
Riya Y. Rao,155515016,2nd Year,20266017,Alpha Team,Secretary
Richard T. Lopez,155515017,2nd Year,20266018,Beta Team,Treasurer
Dorothy L. Perez,155515018,2nd Year,20266019,Gamma Team,Vice-Leader
Ashley T. Iyer,155515019,2nd Year,20266020,Delta Team,Member
Ashley Q. Hernandez,155515020,2nd Year,20266021,Alpha Team,Leader
Matthew A. Lewis,155515021,2nd Year,20266022,Beta Team,Member
Jennifer P. Gonzalez,155515022,2nd Year,20266023,Gamma Team,Analyst
Michael N. Garcia,155515023,2nd Year,20266024,Delta Team,Developer
Sarah D. Sanchez,155515024,2nd Year,20266025,Alpha Team,Designer
Paul Z. Garcia,155515025,2nd Year,20266026,Beta Team,Coordinator
Kenneth K. Mehta,155515026,2nd Year,20266027,Gamma Team,Secretary
Margaret R. Lee,155515027,2nd Year,20266028,Delta Team,Treasurer
Linda F. Robinson,155515028,2nd Year,20266029,Alpha Team,Vice-Leader
Meera S. Smith,155515029,2nd Year,20266030,Beta Team,Member
William Q. Jackson,155515030,2nd Year,20266031,Gamma Team,Leader
Andrew P. Joshi,155515031,2nd Year,20266032,Delta Team,Member
Kabir D. Lopez,155515032,2nd Year,20266033,Alpha Team,Analyst
Michael K. Ramirez,155515033,2nd Year,20266034,Beta Team,Developer
Joseph D. Clark,155515034,2nd Year,20266035,Gamma Team,Designer
Jennifer Y. Jackson,155515035,2nd Year,20266036,Delta Team,Coordinator
Elizabeth O. Nair,155515036,2nd Year,20266037,Alpha Team,Secretary
Brian M. Jackson,155515037,2nd Year,20266038,Beta Team,Treasurer
Sarah U. Brown,155515038,2nd Year,20266039,Gamma Team,Vice-Leader
William N. Lee,155515039,2nd Year,20266040,Delta Team,Member
Barbara I. Kapoor,155515040,2nd Year,20266041,Alpha Team,Leader
Linda I. Miller,155515041,2nd Year,20266042,Beta Team,Member
Emily E. Joshi,155515042,2nd Year,20266043,Gamma Team,Analyst
Zara H. Thompson,155515043,2nd Year,20266044,Delta Team,Developer
Amanda E. Clark,155515044,2nd Year,20266045,Alpha Team,Designer
Vihaan L. Joshi,155515045,2nd Year,20266046,Beta Team,Coordinator
Ashley D. Smith,155515046,2nd Year,20266047,Gamma Team,Secretary
Donald R. Moore,155515047,2nd Year,20266048,Delta Team,Treasurer
Elizabeth M. Davis,155515048,2nd Year,20266049,Alpha Team,Vice-Leader
Joshua E. Taylor,155515049,2nd Year,20266050,Beta Team,Member
Kevin V. Jackson,155515050,2nd Year,20266051,Gamma Team,Leader
Kenneth U. Harris,155515051,2nd Year,20266052,Delta Team,Member
Kevin V. Lee,155515052,2nd Year,20266053,Alpha Team,Analyst
Melissa R. Reddy,155515053,2nd Year,20266054,Beta Team,Developer
Thomas W. Reddy,155515054,2nd Year,20266055,Gamma Team,Designer
Ananya W. Brown,155515055,2nd Year,20266056,Delta Team,Coordinator
Joshua S. Sanchez,155515056,2nd Year,20266057,Alpha Team,Secretary
Kenneth P. Sen,155515057,2nd Year,20266058,Beta Team,Treasurer
Donald B. Robinson,155515058,2nd Year,20266059,Gamma Team,Vice-Leader
Kenneth Z. Gonzalez,155515059,2nd Year,20266060,Delta Team,Member
John U. Perez,155515060,2nd Year,20266061,Alpha Team,Leader
Joshua L. Miller,155515061,2nd Year,20266062,Beta Team,Member
Christopher M. Robinson,155515062,2nd Year,20266063,Gamma Team,Analyst
Brian X. Martin,155515063,2nd Year,20266064,Delta Team,Developer
William X. Lopez,155515064,2nd Year,20266065,Alpha Team,Designer
Michelle K. Garcia,155515065,2nd Year,20266066,Beta Team,Coordinator
Ananya G. Lee,155515066,2nd Year,20266067,Gamma Team,Secretary
Thomas E. Rodriguez,155515067,2nd Year,20266068,Delta Team,Treasurer
Susan W. Davis,155515068,2nd Year,20266069,Alpha Team,Vice-Leader
Zara Y. Taylor,155515069,2nd Year,20266070,Beta Team,Member
Michael R. Anderson,155515070,2nd Year,20266071,Gamma Team,Leader
Mary K. Rodriguez,155515071,2nd Year,20266072,Delta Team,Member
Zara L. Patel,155515072,2nd Year,20266073,Alpha Team,Analyst
Robert U. Moore,155515073,2nd Year,20266074,Beta Team,Developer
Joshua Q. Robinson,155515074,2nd Year,20266075,Gamma Team,Designer
Timothy H. Thomas,155515075,2nd Year,20266076,Delta Team,Coordinator
Timothy O. Lee,155515076,2nd Year,20266077,Alpha Team,Secretary
Donald F. Martin,155515077,2nd Year,20266078,Beta Team,Treasurer
Zara Y. Thomas,155515078,2nd Year,20266079,Gamma Team,Vice-Leader
Deborah J. Lee,155515079,2nd Year,20266080,Delta Team,Member
Linda D. Lewis,155515080,2nd Year,20266081,Alpha Team,Leader
Sai P. Clark,155515081,2nd Year,20266082,Beta Team,Member
Deborah A. Iyer,155515082,2nd Year,20266083,Gamma Team,Analyst
Steven K. Martin,155515083,2nd Year,20266084,Delta Team,Developer
David G. White,155515084,2nd Year,20266085,Alpha Team,Designer
Joseph X. Thomas,155515085,2nd Year,20266086,Beta Team,Coordinator
Charles W. Sharma,155515086,2nd Year,20266087,Gamma Team,Secretary
Sandra V. Martin,155515087,2nd Year,20266088,Delta Team,Treasurer
Dorothy E. Lewis,155515088,2nd Year,20266089,Alpha Team,Vice-Leader
Carol S. Gonzalez,155515089,2nd Year,20266090,Beta Team,Member
Jennifer R. Jackson,155515090,2nd Year,20266091,Gamma Team,Leader
Matthew U. Thompson,155515091,2nd Year,20266092,Delta Team,Member
Andrew G. Johnson,155515092,2nd Year,20266093,Alpha Team,Analyst
Anthony P. White,155515093,2nd Year,20266094,Beta Team,Developer
Kenneth T. Anderson,155515094,2nd Year,20266095,Gamma Team,Designer
Meera M. Smith,155515095,2nd Year,20266096,Delta Team,Coordinator
Andrew N. Nair,155515096,2nd Year,20266097,Alpha Team,Secretary
Karen G. Joshi,155515097,2nd Year,20266098,Beta Team,Treasurer
Anthony K. Sharma,155515098,2nd Year,20266099,Gamma Team,Vice-Leader
Donald B. Mehta,155515099,2nd Year,20266100,Delta Team,Member
John B. Garcia,155515100,2nd Year,20266101,Alpha Team,Leader
Margaret J. Perez,155515101,2nd Year,20266102,Beta Team,Member
Charles S. Patel,155515102,2nd Year,20266103,Gamma Team,Analyst
Jessica P. Joshi,155515103,2nd Year,20266104,Delta Team,Developer
Isha J. Moore,155515104,2nd Year,20266105,Alpha Team,Designer
Sai P. Robinson,155515105,2nd Year,20266106,Beta Team,Coordinator
Andrew H. Martinez,155515106,2nd Year,20266107,Gamma Team,Secretary
Nancy I. Nair,155515107,2nd Year,20266108,Delta Team,Treasurer
Kenneth H. Reddy,155515108,2nd Year,20266109,Alpha Team,Vice-Leader
Barbara E. Hernandez,155515109,2nd Year,20266110,Beta Team,Member
Donna F. Sanchez,155515110,2nd Year,20266111,Gamma Team,Leader
Dev M. Miller,155515111,2nd Year,20266112,Delta Team,Member
Deborah H. Perez,155515112,2nd Year,20266113,Alpha Team,Analyst
Mary K. Nair,155515113,2nd Year,20266114,Beta Team,Developer
Timothy Z. Ramirez,155515114,2nd Year,20266115,Gamma Team,Designer
Zara D. Reddy,155515115,2nd Year,20266116,Delta Team,Coordinator
William S. Williams,155515116,2nd Year,20266117,Alpha Team,Secretary
Kimberly N. Rao,155515117,2nd Year,20266118,Beta Team,Treasurer
Susan P. Lopez,155515118,2nd Year,20266119,Gamma Team,Vice-Leader
Jennifer L. Thomas,155515119,2nd Year,20266120,Delta Team,Member
Matthew B. Joshi,155515120,2nd Year,20266121,Alpha Team,Leader
Isha W. Miller,155515121,2nd Year,20266122,Beta Team,Member
Brian C. Miller,155515122,2nd Year,20266123,Gamma Team,Analyst
Joshua G. Wilson,155515123,2nd Year,20266124,Delta Team,Developer
Timothy L. Wilson,155515124,2nd Year,20266125,Alpha Team,Designer
Kevin I. Kapoor,155515125,2nd Year,20266126,Beta Team,Coordinator
Brian I. Nair,155515126,2nd Year,20266127,Gamma Team,Secretary
Michelle R. Taylor,155515127,2nd Year,20266128,Delta Team,Treasurer
Matthew J. Williams,155515128,2nd Year,20266129,Alpha Team,Vice-Leader
Thomas C. Rao,155515129,2nd Year,20266130,Beta Team,Member
Zara B. Williams,155515130,2nd Year,20266131,Gamma Team,Leader
David N. Patel,155515131,2nd Year,20266132,Delta Team,Member
Mark R. Lewis,155515132,2nd Year,20266133,Alpha Team,Analyst
Elizabeth C. Robinson,155515133,2nd Year,20266134,Beta Team,Developer
Mark K. Jones,155515134,2nd Year,20266135,Gamma Team,Designer
Deborah V. Thomas,155515135,2nd Year,20266136,Delta Team,Coordinator
David Z. Sharma,155515136,2nd Year,20266137,Alpha Team,Secretary
Emily A. Wilson,155515137,2nd Year,20266138,Beta Team,Treasurer
Meera E. Hernandez,155515138,2nd Year,20266139,Gamma Team,Vice-Leader
Riya E. Miller,155515139,2nd Year,20266140,Delta Team,Member
Donna F. Johnson,155515140,2nd Year,20266141,Alpha Team,Leader
Ronald X. Joshi,155515141,2nd Year,20266142,Beta Team,Member
William X. Robinson,155515142,2nd Year,20266143,Gamma Team,Analyst
Isha O. Moore,155515143,2nd Year,20266144,Delta Team,Developer
William N. Gonzalez,155515144,2nd Year,20266145,Alpha Team,Designer
Sai J. Rao,155515145,2nd Year,20266146,Beta Team,Coordinator
Paul Z. Martinez,155515146,2nd Year,20266147,Gamma Team,Secretary
Sandra Z. Martinez,155515147,2nd Year,20266148,Delta Team,Treasurer
Ashley O. Sen,155515148,2nd Year,20266149,Alpha Team,Vice-Leader
Patricia U. Robinson,155515149,2nd Year,20266150,Beta Team,Member
Charles U. Rodriguez,155515150,2nd Year,20266151,Gamma Team,Leader
Emily T. Nair,155515151,2nd Year,20266152,Delta Team,Member
Kimberly Z. Wilson,155515152,2nd Year,20266153,Alpha Team,Analyst
Donna J. Iyer,155515153,2nd Year,20266154,Beta Team,Developer
Kevin L. Jones,155515154,2nd Year,20266155,Gamma Team,Designer
Linda M. Clark,155515155,2nd Year,20266156,Delta Team,Coordinator
Ashley C. Sen,155515156,2nd Year,20266157,Alpha Team,Secretary
Jessica P. Sharma,155515157,2nd Year,20266158,Beta Team,Treasurer
Sandra V. Lee,155515158,2nd Year,20266159,Gamma Team,Vice-Leader
Anthony S. Sanchez,155515159,2nd Year,20266160,Delta Team,Member
William R. Harris,155515160,2nd Year,20266161,Alpha Team,Leader
Brian K. Lewis,155515161,2nd Year,20266162,Beta Team,Member
Michelle G. Reddy,155515162,2nd Year,20266163,Gamma Team,Analyst
Margaret A. Robinson,155515163,2nd Year,20266164,Delta Team,Developer
Brian K. Davis,155515164,2nd Year,20266165,Alpha Team,Designer
Elizabeth T. Perez,155515165,2nd Year,20266166,Beta Team,Coordinator
Charles J. Thomas,155515166,2nd Year,20266167,Gamma Team,Secretary
Jennifer Y. Sen,155515167,2nd Year,20266168,Delta Team,Treasurer
Susan N. Gonzalez,155515168,2nd Year,20266169,Alpha Team,Vice-Leader
Meera H. Anderson,155515169,2nd Year,20266170,Beta Team,Member
Donna Q. Smith,155515170,2nd Year,20266171,Gamma Team,Leader
Paul G. Martin,155515171,2nd Year,20266172,Delta Team,Member
Joseph U. Smith,155515172,2nd Year,20266173,Alpha Team,Analyst
Riya O. Harris,155515173,2nd Year,20266174,Beta Team,Developer
Sandra X. Sanchez,155515174,2nd Year,20266175,Gamma Team,Designer
Carol V. Harris,155515175,2nd Year,20266176,Delta Team,Coordinator
Donald E. Ramirez,155515176,2nd Year,20266177,Alpha Team,Secretary
Timothy E. Hernandez,155515177,2nd Year,20266178,Beta Team,Treasurer
Kimberly T. Lewis,155515178,2nd Year,20266179,Gamma Team,Vice-Leader
Barbara P. Davis,155515179,2nd Year,20266180,Delta Team,Member
Linda A. Thomas,155515180,2nd Year,20266181,Alpha Team,Leader
Jessica Y. Rao,155515181,2nd Year,20266182,Beta Team,Member
Dorothy N. Moore,155515182,2nd Year,20266183,Gamma Team,Analyst
Joseph P. Williams,155515183,2nd Year,20266184,Delta Team,Developer
David A. Davis,155515184,2nd Year,20266185,Alpha Team,Designer
James Z. Miller,155515185,2nd Year,20266186,Beta Team,Coordinator
Joshua M. Davis,155515186,2nd Year,20266187,Gamma Team,Secretary
Aarav D. Mehta,155515187,2nd Year,20266188,Delta Team,Treasurer
Margaret V. Brown,155515188,2nd Year,20266189,Alpha Team,Vice-Leader
Patricia A. Perez,155515189,2nd Year,20266190,Beta Team,Member
Ronald R. Moore,155515190,2nd Year,20266191,Gamma Team,Leader
Aarav Z. Martinez,155515191,2nd Year,20266192,Delta Team,Member
Donald W. Hernandez,155515192,2nd Year,20266193,Alpha Team,Analyst
Joshua M. Mehta,155515193,2nd Year,20266194,Beta Team,Developer
Ashley X. Gonzalez,155515194,2nd Year,20266195,Gamma Team,Designer
Aarav S. Lopez,155515195,2nd Year,20266196,Delta Team,Coordinator
Kabir I. Rodriguez,155515196,2nd Year,20266197,Alpha Team,Secretary
Andrew M. Iyer,155515197,2nd Year,20266198,Beta Team,Treasurer
Michael C. Jones,155515198,2nd Year,20266199,Gamma Team,Vice-Leader
Lisa K. Mehta,155515199,2nd Year,20266200,Delta Team,Member
Kimberly B. White,155515200,2nd Year,20266201,Alpha Team,Leader
Patricia M. Martin,155515201,2nd Year,20266202,Beta Team,Member
Lisa A. Gonzalez,155515202,2nd Year,20266203,Gamma Team,Analyst
Michael L. Ramirez,155515203,2nd Year,20266204,Delta Team,Developer
Michelle N. Williams,155515204,2nd Year,20266205,Alpha Team,Designer
Matthew K. Reddy,155515205,2nd Year,20266206,Beta Team,Coordinator
Michael F. Lopez,155515206,2nd Year,20266207,Gamma Team,Secretary
Matthew V. Lewis,155515207,2nd Year,20266208,Delta Team,Treasurer
Kevin A. Thompson,155515208,2nd Year,20266209,Alpha Team,Vice-Leader
John Q. Kapoor,155515209,2nd Year,20266210,Beta Team,Member
William E. Mehta,155515210,2nd Year,20266211,Gamma Team,Leader
John X. Wilson,155515211,2nd Year,20266212,Delta Team,Member
Timothy Y. Kapoor,155515212,2nd Year,20266213,Alpha Team,Analyst
Zara Q. Davis,155515213,2nd Year,20266214,Beta Team,Developer
William F. Joshi,155515214,2nd Year,20266215,Gamma Team,Designer
Christopher K. Wilson,155515215,2nd Year,20266216,Delta Team,Coordinator
Charles J. Lee,155515216,2nd Year,20266217,Alpha Team,Secretary
Thomas H. Martin,155515217,2nd Year,20266218,Beta Team,Treasurer
Susan S. Robinson,155515218,2nd Year,20266219,Gamma Team,Vice-Leader
James W. Martin,155515219,2nd Year,20266220,Delta Team,Member
Barbara J. Martinez,155515220,2nd Year,20266221,Alpha Team,Leader
Betty M. Jackson,155515221,2nd Year,20266222,Beta Team,Member
Deborah R. Gonzalez,155515222,2nd Year,20266223,Gamma Team,Analyst
William M. Miller,155515223,2nd Year,20266224,Delta Team,Developer
James V. Patel,155515224,2nd Year,20266225,Alpha Team,Designer
Barbara T. Joshi,155515225,2nd Year,20266226,Beta Team,Coordinator
Aarav V. Taylor,155515226,2nd Year,20266227,Gamma Team,Secretary
Ananya E. Patel,155515227,2nd Year,20266228,Delta Team,Treasurer
Margaret E. Johnson,155515228,2nd Year,20266229,Alpha Team,Vice-Leader
Sandra P. Hernandez,155515229,2nd Year,20266230,Beta Team,Member
Amanda Q. Brown,155515230,2nd Year,20266231,Gamma Team,Leader
Vihaan W. Davis,155515231,2nd Year,20266232,Delta Team,Member
William O. Lopez,155515232,2nd Year,20266233,Alpha Team,Analyst
Ananya E. Clark,155515233,2nd Year,20266234,Beta Team,Developer
Joseph D. Mehta,155515234,2nd Year,20266235,Gamma Team,Designer
Jennifer F. Mehta,155515235,2nd Year,20266236,Delta Team,Coordinator
Matthew Y. Taylor,155515236,2nd Year,20266237,Alpha Team,Secretary
Isha N. Robinson,155515237,2nd Year,20266238,Beta Team,Treasurer
Mary S. Williams,155515238,2nd Year,20266239,Gamma Team,Vice-Leader
Ronald U. Rao,155515239,2nd Year,20266240,Delta Team,Member
Isha J. Lewis,155515240,2nd Year,20266241,Alpha Team,Leader
Joseph L. Ramirez,155515241,2nd Year,20266242,Beta Team,Member
Kevin Y. White,155515242,2nd Year,20266243,Gamma Team,Analyst
Ananya V. Joshi,155515243,2nd Year,20266244,Delta Team,Developer
Andrew D. Jackson,155515244,2nd Year,20266245,Alpha Team,Designer
Donna D. Moore,155515245,2nd Year,20266246,Beta Team,Coordinator
Zara L. Hernandez,155515246,2nd Year,20266247,Gamma Team,Secretary
Carol F. Sharma,155515247,2nd Year,20266248,Delta Team,Treasurer
Donald W. White,155515248,2nd Year,20266249,Alpha Team,Vice-Leader
Mark J. Johnson,155515249,2nd Year,20266250,Beta Team,Member
Betty M. Hernandez,155515250,2nd Year,20266251,Gamma Team,Leader
Amanda F. Hernandez,155515251,2nd Year,20266252,Delta Team,Member
Melissa G. Moore,155515252,2nd Year,20266253,Alpha Team,Analyst
Emily N. Martinez,155515253,2nd Year,20266254,Beta Team,Developer
Anthony X. Jackson,155515254,2nd Year,20266255,Gamma Team,Designer
Sarah M. Clark,155515255,2nd Year,20266256,Delta Team,Coordinator
Michelle U. Thomas,155515256,2nd Year,20266257,Alpha Team,Secretary
Riya I. Joshi,155515257,2nd Year,20266258,Beta Team,Treasurer
Dev P. Sanchez,155515258,2nd Year,20266259,Gamma Team,Vice-Leader
Linda T. Patel,155515259,2nd Year,20266260,Delta Team,Member
Dorothy Y. Brown,155515260,2nd Year,20266261,Alpha Team,Leader
Lisa R. Mehta,155515261,2nd Year,20266262,Beta Team,Member
Margaret M. Ramirez,155515262,2nd Year,20266263,Gamma Team,Analyst
James K. Taylor,155515263,2nd Year,20266264,Delta Team,Developer
Michael F. Lewis,155515264,2nd Year,20266265,Alpha Team,Designer
Mary P. Joshi,155515265,2nd Year,20266266,Beta Team,Coordinator
Dev P. Patel,155515266,2nd Year,20266267,Gamma Team,Secretary
Susan T. Lewis,155515267,2nd Year,20266268,Delta Team,Treasurer
Nancy C. Thompson,155515268,2nd Year,20266269,Alpha Team,Vice-Leader
Karen H. Williams,155515269,2nd Year,20266270,Beta Team,Member
Paul R. Moore,155515270,2nd Year,20266271,Gamma Team,Leader
Isha Z. Clark,155515271,2nd Year,20266272,Delta Team,Member
Thomas J. Sen,155515272,2nd Year,20266273,Alpha Team,Analyst
Charles Q. Harris,155515273,2nd Year,20266274,Beta Team,Developer
David T. Brown,155515274,2nd Year,20266275,Gamma Team,Designer
Mary S. Thompson,155515275,2nd Year,20266276,Delta Team,Coordinator
Brian O. Martin,155515276,2nd Year,20266277,Alpha Team,Secretary
Mark U. Jones,155515277,2nd Year,20266278,Beta Team,Treasurer
Dorothy C. Miller,155515278,2nd Year,20266279,Gamma Team,Vice-Leader
Karen O. Perez,155515279,2nd Year,20266280,Delta Team,Member
Ronald Y. White,155515280,2nd Year,20266281,Alpha Team,Leader
Charles K. Joshi,155515281,2nd Year,20266282,Beta Team,Member
Dev T. Nair,155515282,2nd Year,20266283,Gamma Team,Analyst
Karen A. Martinez,155515283,2nd Year,20266284,Delta Team,Developer
Timothy F. Thomas,155515284,2nd Year,20266285,Alpha Team,Designer
Nancy O. Sanchez,155515285,2nd Year,20266286,Beta Team,Coordinator
Vihaan X. Wilson,155515286,2nd Year,20266287,Gamma Team,Secretary
Sai K. Williams,155515287,2nd Year,20266288,Delta Team,Treasurer
Joseph B. Iyer,155515288,2nd Year,20266289,Alpha Team,Vice-Leader
Lisa O. Nair,155515289,2nd Year,20266290,Beta Team,Member
William B. Davis,155515290,2nd Year,20266291,Gamma Team,Leader
Michelle P. Sanchez,155515291,2nd Year,20266292,Delta Team,Member
Joshua H. Perez,155515292,2nd Year,20266293,Alpha Team,Analyst
Kenneth I. Wilson,155515293,2nd Year,20266294,Beta Team,Developer
Donald A. Lewis,155515294,2nd Year,20266295,Gamma Team,Designer
Matthew H. Kapoor,155515295,2nd Year,20266296,Delta Team,Coordinator
Riya S. Iyer,155515296,2nd Year,20266297,Alpha Team,Secretary
Charles U. Ramirez,155515297,2nd Year,20266298,Beta Team,Treasurer
James D. Iyer,155515298,2nd Year,20266299,Gamma Team,Vice-Leader
Patricia N. Rodriguez,155515299,2nd Year,20266300,Delta Team,Member
Donna D. Ramirez,155515300,2nd Year,20266301,Alpha Team,Leader
Emily Y. Lee,155515301,2nd Year,20266302,Beta Team,Member
John L. Kapoor,155515302,2nd Year,20266303,Gamma Team,Analyst
Elizabeth G. Davis,155515303,2nd Year,20266304,Delta Team,Developer
Timothy C. Davis,155515304,2nd Year,20266305,Alpha Team,Designer
Jessica Y. Jones,155515305,2nd Year,20266306,Beta Team,Coordinator
Zara Q. Rodriguez,155515306,2nd Year,20266307,Gamma Team,Secretary
John Q. Joshi,155515307,2nd Year,20266308,Delta Team,Treasurer
Carol K. Davis,155515308,2nd Year,20266309,Alpha Team,Vice-Leader
Ananya X. Moore,155515309,2nd Year,20266310,Beta Team,Member
Lisa U. Mehta,155515310,2nd Year,20266311,Gamma Team,Leader
Ronald P. Reddy,155515311,2nd Year,20266312,Delta Team,Member
David Z. Wilson,155515312,2nd Year,20266313,Alpha Team,Analyst
Kevin I. Nair,155515313,2nd Year,20266314,Beta Team,Developer
Michelle N. Mehta,155515314,2nd Year,20266315,Gamma Team,Designer
David O. Miller,155515315,2nd Year,20266316,Delta Team,Coordinator
Christopher M. Kapoor,155515316,2nd Year,20266317,Alpha Team,Secretary
Barbara J. Anderson,155515317,2nd Year,20266318,Beta Team,Treasurer
Ashley P. Sanchez,155515318,2nd Year,20266319,Gamma Team,Vice-Leader
Ananya E. Lee,155515319,2nd Year,20266320,Delta Team,Member
Michelle B. Garcia,155515320,2nd Year,20266321,Alpha Team,Leader
Christopher Q. Ramirez,155515321,2nd Year,20266322,Beta Team,Member
Timothy M. Mehta,155515322,2nd Year,20266323,Gamma Team,Analyst
Amanda K. Joshi,155515323,2nd Year,20266324,Delta Team,Developer
Kevin S. Sen,155515324,2nd Year,20266325,Alpha Team,Designer
Thomas R. Sen,155515325,2nd Year,20266326,Beta Team,Coordinator
Riya G. Johnson,155515326,2nd Year,20266327,Gamma Team,Secretary
Emily N. Gonzalez,155515327,2nd Year,20266328,Delta Team,Treasurer
Michelle M. Harris,155515328,2nd Year,20266329,Alpha Team,Vice-Leader
Thomas A. Anderson,155515329,2nd Year,20266330,Beta Team,Member
James K. Sanchez,155515330,2nd Year,20266331,Gamma Team,Leader
Barbara J. Sharma,155515331,2nd Year,20266332,Delta Team,Member
Meera N. Kapoor,155515332,2nd Year,20266333,Alpha Team,Analyst
Carol T. Sen,155515333,2nd Year,20266334,Beta Team,Developer
Betty X. Rodriguez,155515334,2nd Year,20266335,Gamma Team,Designer
Melissa Z. Kapoor,155515335,2nd Year,20266336,Delta Team,Coordinator
Zara Q. Sharma,155515336,2nd Year,20266337,Alpha Team,Secretary
Mary M. Thomas,155515337,2nd Year,20266338,Beta Team,Treasurer
Ananya Z. Sharma,155515338,2nd Year,20266339,Gamma Team,Vice-Leader
Robert E. Gonzalez,155515339,2nd Year,20266340,Delta Team,Member
Betty S. Brown,155515340,2nd Year,20266341,Alpha Team,Leader
Barbara Q. Perez,155515341,2nd Year,20266342,Beta Team,Member
Jessica C. Nair,155515342,2nd Year,20266343,Gamma Team,Analyst
Karen Y. Thomas,155515343,2nd Year,20266344,Delta Team,Developer
Isha Q. Hernandez,155515344,2nd Year,20266345,Alpha Team,Designer
Kimberly I. Lewis,155515345,2nd Year,20266346,Beta Team,Coordinator
Patricia Z. Martinez,155515346,2nd Year,20266347,Gamma Team,Secretary
Joshua N. Rao,155515347,2nd Year,20266348,Delta Team,Treasurer
Riya O. Lewis,155515348,2nd Year,20266349,Alpha Team,Vice-Leader
Charles H. Miller,155515349,2nd Year,20266350,Beta Team,Member
Dev P. Johnson,155515350,2nd Year,20266351,Gamma Team,Leader
Carol Z. Perez,155515351,2nd Year,20266352,Delta Team,Member
Thomas C. Lopez,155515352,2nd Year,20266353,Alpha Team,Analyst
Emily F. Miller,155515353,2nd Year,20266354,Beta Team,Developer
Christopher E. Moore,155515354,2nd Year,20266355,Gamma Team,Designer
Daniel Y. Jackson,155515355,2nd Year,20266356,Delta Team,Coordinator
Aarav G. Hernandez,155515356,2nd Year,20266357,Alpha Team,Secretary
Matthew V. Nair,155515357,2nd Year,20266358,Beta Team,Treasurer
Kevin X. Jones,155515358,2nd Year,20266359,Gamma Team,Vice-Leader
Matthew S. Williams,155515359,2nd Year,20266360,Delta Team,Member
Lisa P. Thomas,155515360,2nd Year,20266361,Alpha Team,Leader
Linda H. Martinez,155515361,2nd Year,20266362,Beta Team,Member
Nancy X. Rodriguez,155515362,2nd Year,20266363,Gamma Team,Analyst
Christopher U. Brown,155515363,2nd Year,20266364,Delta Team,Developer
Sai P. Thomas,155515364,2nd Year,20266365,Alpha Team,Designer
Daniel N. Lewis,155515365,2nd Year,20266366,Beta Team,Coordinator
Sarah A. Mehta,155515366,2nd Year,20266367,Gamma Team,Secretary
Ananya S. Johnson,155515367,2nd Year,20266368,Delta Team,Treasurer
Linda C. Sen,155515368,2nd Year,20266369,Alpha Team,Vice-Leader
Patricia H. Mehta,155515369,2nd Year,20266370,Beta Team,Member
Emily M. Sharma,155515370,2nd Year,20266371,Gamma Team,Leader
Thomas W. Lopez,155515371,2nd Year,20266372,Delta Team,Member
Matthew C. Hernandez,155515372,2nd Year,20266373,Alpha Team,Analyst
Riya E. Mehta,155515373,2nd Year,20266374,Beta Team,Developer
Sandra R. Brown,155515374,2nd Year,20266375,Gamma Team,Designer
Karen T. Harris,155515375,2nd Year,20266376,Delta Team,Coordinator
William B. Reddy,155515376,2nd Year,20266377,Alpha Team,Secretary
Sarah W. Gonzalez,155515377,2nd Year,20266378,Beta Team,Treasurer
Donna Q. Jones,155515378,2nd Year,20266379,Gamma Team,Vice-Leader
William Z. Sen,155515379,2nd Year,20266380,Delta Team,Member
Ronald W. Sen,155515380,2nd Year,20266381,Alpha Team,Leader
Kevin O. Rao,155515381,2nd Year,20266382,Beta Team,Member
Lisa J. Anderson,155515382,2nd Year,20266383,Gamma Team,Analyst
Aarav V. Kapoor,155515383,2nd Year,20266384,Delta Team,Developer
Emily T. Martinez,155515384,2nd Year,20266385,Alpha Team,Designer
Sarah Y. Miller,155515385,2nd Year,20266386,Beta Team,Coordinator
Thomas B. Gonzalez,155515386,2nd Year,20266387,Gamma Team,Secretary
Sarah V. Lewis,155515387,2nd Year,20266388,Delta Team,Treasurer
Meera X. Sanchez,155515388,2nd Year,20266389,Alpha Team,Vice-Leader
Zara P. Taylor,155515389,2nd Year,20266390,Beta Team,Member
Barbara C. Perez,155515390,2nd Year,20266391,Gamma Team,Leader
Mary T. Hernandez,155515391,2nd Year,20266392,Delta Team,Member
Kevin H. Jones,155515392,2nd Year,20266393,Alpha Team,Analyst
Daniel E. Martinez,155515393,2nd Year,20266394,Beta Team,Developer
William X. Wilson,155515394,2nd Year,20266395,Gamma Team,Designer
Brian N. Anderson,155515395,2nd Year,20266396,Delta Team,Coordinator
Karen D. Davis,155515396,2nd Year,20266397,Alpha Team,Secretary
Thomas F. Iyer,155515397,2nd Year,20266398,Beta Team,Treasurer
Vihaan X. Jones,155515398,2nd Year,20266399,Gamma Team,Vice-Leader
Timothy W. Sen,155515399,2nd Year,20266400,Delta Team,Member
Donna E. Brown,155515400,2nd Year,20266401,Alpha Team,Leader
Jennifer V. Thomas,155515401,2nd Year,20266402,Beta Team,Member
Michelle D. Patel,155515402,2nd Year,20266403,Gamma Team,Analyst
Sandra F. Anderson,155515403,2nd Year,20266404,Delta Team,Developer
Donna P. Rodriguez,155515404,2nd Year,20266405,Alpha Team,Designer
Timothy Z. Patel,155515405,2nd Year,20266406,Beta Team,Coordinator
Joshua Q. Sen,155515406,2nd Year,20266407,Gamma Team,Secretary
Michelle C. Robinson,155515407,2nd Year,20266408,Delta Team,Treasurer
Ashley X. Davis,155515408,2nd Year,20266409,Alpha Team,Vice-Leader
Dorothy K. Brown,155515409,2nd Year,20266410,Beta Team,Member
Margaret Z. Lewis,155515410,2nd Year,20266411,Gamma Team,Leader
Kimberly M. Nair,155515411,2nd Year,20266412,Delta Team,Member
James Y. Perez,155515412,2nd Year,20266413,Alpha Team,Analyst
Jessica H. White,155515413,2nd Year,20266414,Beta Team,Developer
Melissa T. Joshi,155515414,2nd Year,20266415,Gamma Team,Designer
Elizabeth Q. Sanchez,155515415,2nd Year,20266416,Delta Team,Coordinator
Ashley L. Lee,155515416,2nd Year,20266417,Alpha Team,Secretary
Daniel W. Rodriguez,155515417,2nd Year,20266418,Beta Team,Treasurer
Kimberly E. Jones,155515418,2nd Year,20266419,Gamma Team,Vice-Leader
Carol S. Miller,155515419,2nd Year,20266420,Delta Team,Member
Daniel R. Johnson,155515420,2nd Year,20266421,Alpha Team,Leader
Andrew G. Wilson,155515421,2nd Year,20266422,Beta Team,Member
Dorothy J. Brown,155515422,2nd Year,20266423,Gamma Team,Analyst
Sandra F. Wilson,155515423,2nd Year,20266424,Delta Team,Developer
Zara L. Sanchez,155515424,2nd Year,20266425,Alpha Team,Designer
Isha D. Clark,155515425,2nd Year,20266426,Beta Team,Coordinator
Karen E. Perez,155515426,2nd Year,20266427,Gamma Team,Secretary
Kenneth U. Robinson,155515427,2nd Year,20266428,Delta Team,Treasurer
Sandra D. Johnson,155515428,2nd Year,20266429,Alpha Team,Vice-Leader
Michael R. Perez,155515429,2nd Year,20266430,Beta Team,Member
Richard J. Martin,155515430,2nd Year,20266431,Gamma Team,Leader
Jennifer Q. Clark,155515431,2nd Year,20266432,Delta Team,Member
Joshua K. Miller,155515432,2nd Year,20266433,Alpha Team,Analyst
Amanda A. Reddy,155515433,2nd Year,20266434,Beta Team,Developer
Joseph S. Garcia,155515434,2nd Year,20266435,Gamma Team,Designer
Nancy W. Iyer,155515435,2nd Year,20266436,Delta Team,Coordinator
Carol K. Robinson,155515436,2nd Year,20266437,Alpha Team,Secretary
Riya G. Ramirez,155515437,2nd Year,20266438,Beta Team,Treasurer
Ashley R. Mehta,155515438,2nd Year,20266439,Gamma Team,Vice-Leader
Sarah U. Williams,155515439,2nd Year,20266440,Delta Team,Member
Margaret S. Nair,155515440,2nd Year,20266441,Alpha Team,Leader
Carol K. Miller,155515441,2nd Year,20266442,Beta Team,Member
Kevin K. Sharma,155515442,2nd Year,20266443,Gamma Team,Analyst
Vihaan L. Reddy,155515443,2nd Year,20266444,Delta Team,Developer
Paul B. Garcia,155515444,2nd Year,20266445,Alpha Team,Designer
Charles C. Ramirez,155515445,2nd Year,20266446,Beta Team,Coordinator
Donald F. White,155515446,2nd Year,20266447,Gamma Team,Secretary
Kabir Z. Robinson,155515447,2nd Year,20266448,Delta Team,Treasurer
Melissa I. Brown,155515448,2nd Year,20266449,Alpha Team,Vice-Leader
Elizabeth N. Johnson,155515449,2nd Year,20266450,Beta Team,Member
Sarah X. Wilson,155515450,2nd Year,20266451,Gamma Team,Leader
Emily K. Miller,155515451,2nd Year,20266452,Delta Team,Member
Meera T. White,155515452,2nd Year,20266453,Alpha Team,Analyst
Joseph G. Moore,155515453,2nd Year,20266454,Beta Team,Developer
William A. Rodriguez,155515454,2nd Year,20266455,Gamma Team,Designer
Kevin L. Sen,155515455,2nd Year,20266456,Delta Team,Coordinator
Paul Y. Hernandez,155515456,2nd Year,20266457,Alpha Team,Secretary
Michelle K. Johnson,155515457,2nd Year,20266458,Beta Team,Treasurer
John I. Reddy,155515458,2nd Year,20266459,Gamma Team,Vice-Leader
Margaret C. Johnson,155515459,2nd Year,20266460,Delta Team,Member
Steven N. Garcia,155515460,2nd Year,20266461,Alpha Team,Leader
Isha I. Lee,155515461,2nd Year,20266462,Beta Team,Member
Joshua Y. Davis,155515462,2nd Year,20266463,Gamma Team,Analyst
Riya O. Gonzalez,155515463,2nd Year,20266464,Delta Team,Developer
Jennifer S. Garcia,155515464,2nd Year,20266465,Alpha Team,Designer
Sandra F. Sharma,155515465,2nd Year,20266466,Beta Team,Coordinator
Dev C. Clark,155515466,2nd Year,20266467,Gamma Team,Secretary
John T. Davis,155515467,2nd Year,20266468,Delta Team,Treasurer
Joseph A. Brown,155515468,2nd Year,20266469,Alpha Team,Vice-Leader
Jessica O. Moore,155515469,2nd Year,20266470,Beta Team,Member
Ronald J. Rodriguez,155515470,2nd Year,20266471,Gamma Team,Leader
Mark S. Reddy,155515471,2nd Year,20266472,Delta Team,Member
Emily T. Brown,155515472,2nd Year,20266473,Alpha Team,Analyst
Kimberly J. Lopez,155515473,2nd Year,20266474,Beta Team,Developer
Sandra B. Perez,155515474,2nd Year,20266475,Gamma Team,Designer
Vihaan Q. Kapoor,155515475,2nd Year,20266476,Delta Team,Coordinator
John J. Rodriguez,155515476,2nd Year,20266477,Alpha Team,Secretary
James K. Jones,155515477,2nd Year,20266478,Beta Team,Treasurer
Joshua F. Taylor,155515478,2nd Year,20266479,Gamma Team,Vice-Leader
Donna W. Sanchez,155515479,2nd Year,20266480,Delta Team,Member
Timothy C. Thomas,155515480,2nd Year,20266481,Alpha Team,Leader
Meera H. Rodriguez,155515481,2nd Year,20266482,Beta Team,Member
Susan Q. Martinez,155515482,2nd Year,20266483,Gamma Team,Analyst
Sarah G. White,155515483,2nd Year,20266484,Delta Team,Developer
Betty M. Joshi,155515484,2nd Year,20266485,Alpha Team,Designer
James C. Iyer,155515485,2nd Year,20266486,Beta Team,Coordinator
Lisa X. Martin,155515486,2nd Year,20266487,Gamma Team,Secretary
Linda Y. Rao,155515487,2nd Year,20266488,Delta Team,Treasurer
James D. Davis,155515488,2nd Year,20266489,Alpha Team,Vice-Leader
Susan A. Lopez,155515489,2nd Year,20266490,Beta Team,Member
Sandra L. Taylor,155515490,2nd Year,20266491,Gamma Team,Leader
Ronald X. Sanchez,155515491,2nd Year,20266492,Delta Team,Member
Donna R. Reddy,155515492,2nd Year,20266493,Alpha Team,Analyst
Jessica J. Rao,155515493,2nd Year,20266494,Beta Team,Developer
Riya F. Lewis,155515494,2nd Year,20266495,Gamma Team,Designer
Ashley B. Patel,155515495,2nd Year,20266496,Delta Team,Coordinator
Steven F. Moore,155515496,2nd Year,20266497,Alpha Team,Secretary
James K. Robinson,155515497,2nd Year,20266498,Beta Team,Treasurer
Dorothy F. Davis,155515498,2nd Year,20266499,Gamma Team,Vice-Leader
John E. Thompson,155515499,2nd Year,20266500,Delta Team,Member
Mark B. Hernandez,155515500,2nd Year,20266501,Alpha Team,Leader
Thomas Z. Jones,155515501,2nd Year,20266502,Beta Team,Member
Elizabeth Q. Kapoor,155515502,2nd Year,20266503,Gamma Team,Analyst
Matthew D. Johnson,155515503,2nd Year,20266504,Delta Team,Developer
Donna O. Sanchez,155515504,2nd Year,20266505,Alpha Team,Designer
Karen K. Nair,155515505,2nd Year,20266506,Beta Team,Coordinator
Aarav B. White,155515506,2nd Year,20266507,Gamma Team,Secretary
Amanda I. Rodriguez,155515507,2nd Year,20266508,Delta Team,Treasurer
Betty T. Williams,155515508,2nd Year,20266509,Alpha Team,Vice-Leader
Paul N. Patel,155515509,2nd Year,20266510,Beta Team,Member
David B. Lewis,155515510,2nd Year,20266511,Gamma Team,Leader
Karen A. Hernandez,155515511,2nd Year,20266512,Delta Team,Member
Margaret Y. Lewis,155515512,2nd Year,20266513,Alpha Team,Analyst
Zara I. Lopez,155515513,2nd Year,20266514,Beta Team,Developer
Dorothy M. Kapoor,155515514,2nd Year,20266515,Gamma Team,Designer
Carol H. Mehta,155515515,2nd Year,20266516,Delta Team,Coordinator
Elizabeth J. Johnson,155515516,2nd Year,20266517,Alpha Team,Secretary
Joseph T. Smith,155515517,2nd Year,20266518,Beta Team,Treasurer
Charles P. Garcia,155515518,2nd Year,20266519,Gamma Team,Vice-Leader
Michelle Y. Miller,155515519,2nd Year,20266520,Delta Team,Member
Amanda O. Reddy,155515520,2nd Year,20266521,Alpha Team,Leader
Vihaan F. Perez,155515521,2nd Year,20266522,Beta Team,Member
Andrew V. Sen,155515522,2nd Year,20266523,Gamma Team,Analyst
Aarav M. Reddy,155515523,2nd Year,20266524,Delta Team,Developer
Patricia O. Sanchez,155515524,2nd Year,20266525,Alpha Team,Designer
Margaret G. Smith,155515525,2nd Year,20266526,Beta Team,Coordinator
Kimberly S. Reddy,155515526,2nd Year,20266527,Gamma Team,Secretary
Betty J. Patel,155515527,2nd Year,20266528,Delta Team,Treasurer
Paul A. Lopez,155515528,2nd Year,20266529,Alpha Team,Vice-Leader
Zara G. Wilson,155515529,2nd Year,20266530,Beta Team,Member
James X. Thompson,155515530,2nd Year,20266531,Gamma Team,Leader
Linda B. Patel,155515531,2nd Year,20266532,Delta Team,Member
Christopher U. Smith,155515532,2nd Year,20266533,Alpha Team,Analyst
Karen P. Sen,155515533,2nd Year,20266534,Beta Team,Developer
Jennifer A. Mehta,155515534,2nd Year,20266535,Gamma Team,Designer
Barbara E. Ramirez,155515535,2nd Year,20266536,Delta Team,Coordinator
Deborah A. Taylor,155515536,2nd Year,20266537,Alpha Team,Secretary
Karen D. Clark,155515537,2nd Year,20266538,Beta Team,Treasurer
Kabir C. Williams,155515538,2nd Year,20266539,Gamma Team,Vice-Leader
Nancy V. Garcia,155515539,2nd Year,20266540,Delta Team,Member
Matthew F. Lopez,155515540,2nd Year,20266541,Alpha Team,Leader
Kenneth K. Nair,155515541,2nd Year,20266542,Beta Team,Member
Robert R. Anderson,155515542,2nd Year,20266543,Gamma Team,Analyst
Anthony Y. Taylor,155515543,2nd Year,20266544,Delta Team,Developer
Margaret E. Robinson,155515544,2nd Year,20266545,Alpha Team,Designer
Charles A. Johnson,155515545,2nd Year,20266546,Beta Team,Coordinator
Joseph W. Miller,155515546,2nd Year,20266547,Gamma Team,Secretary
Aarav Z. White,155515547,2nd Year,20266548,Delta Team,Treasurer
Susan F. Harris,155515548,2nd Year,20266549,Alpha Team,Vice-Leader
Aarav P. Iyer,155515549,2nd Year,20266550,Beta Team,Member
Aarav E. Anderson,155515550,2nd Year,20266551,Gamma Team,Leader
Dev V. Patel,155515551,2nd Year,20266552,Delta Team,Member
Dev A. Miller,155515552,2nd Year,20266553,Alpha Team,Analyst
Margaret C. Jones,155515553,2nd Year,20266554,Beta Team,Developer
Jessica U. Reddy,155515554,2nd Year,20266555,Gamma Team,Designer
Kevin I. Harris,155515555,2nd Year,20266556,Delta Team,Coordinator
Nancy Y. Robinson,155515556,2nd Year,20266557,Alpha Team,Secretary
Kevin O. Lopez,155515557,2nd Year,20266558,Beta Team,Treasurer
Deborah Z. Clark,155515558,2nd Year,20266559,Gamma Team,Vice-Leader
Aarav H. Harris,155515559,2nd Year,20266560,Delta Team,Member
Sandra M. Iyer,155515560,2nd Year,20266561,Alpha Team,Leader
Zara W. Kapoor,155515561,2nd Year,20266562,Beta Team,Member
Joseph Z. Lewis,155515562,2nd Year,20266563,Gamma Team,Analyst
Andrew O. Johnson,155515563,2nd Year,20266564,Delta Team,Developer
Susan V. Kapoor,155515564,2nd Year,20266565,Alpha Team,Designer
Isha F. Garcia,155515565,2nd Year,20266566,Beta Team,Coordinator
Emily J. Iyer,155515566,2nd Year,20266567,Gamma Team,Secretary
Isha Z. Sanchez,155515567,2nd Year,20266568,Delta Team,Treasurer
Paul R. Brown,155515568,2nd Year,20266569,Alpha Team,Vice-Leader
Matthew X. Ramirez,155515569,2nd Year,20266570,Beta Team,Member
Kimberly L. Smith,155515570,2nd Year,20266571,Gamma Team,Leader
Carol H. Hernandez,155515571,2nd Year,20266572,Delta Team,Member
Aarav C. Gonzalez,155515572,2nd Year,20266573,Alpha Team,Analyst
Charles H. Moore,155515573,2nd Year,20266574,Beta Team,Developer
Kevin H. Sanchez,155515574,2nd Year,20266575,Gamma Team,Designer
Barbara G. Reddy,155515575,2nd Year,20266576,Delta Team,Coordinator
Karen B. Jones,155515576,2nd Year,20266577,Alpha Team,Secretary
Zara K. Jones,155515577,2nd Year,20266578,Beta Team,Treasurer
Donald K. Ramirez,155515578,2nd Year,20266579,Gamma Team,Vice-Leader
Meera E. Patel,155515579,2nd Year,20266580,Delta Team,Member
Lisa S. Lee,155515580,2nd Year,20266581,Alpha Team,Leader
Zara T. Perez,155515581,2nd Year,20266582,Beta Team,Member
Michelle Y. Jackson,155515582,2nd Year,20266583,Gamma Team,Analyst
John X. Kapoor,155515583,2nd Year,20266584,Delta Team,Developer
William B. Thomas,155515584,2nd Year,20266585,Alpha Team,Designer
Daniel W. Davis,155515585,2nd Year,20266586,Beta Team,Coordinator
Patricia V. Smith,155515586,2nd Year,20266587,Gamma Team,Secretary
Andrew Y. Brown,155515587,2nd Year,20266588,Delta Team,Treasurer
Aarav C. Johnson,155515588,2nd Year,20266589,Alpha Team,Vice-Leader
Daniel I. Robinson,155515589,2nd Year,20266590,Beta Team,Member
Carol D. Thompson,155515590,2nd Year,20266591,Gamma Team,Leader
Joshua P. Iyer,155515591,2nd Year,20266592,Delta Team,Member
William U. Reddy,155515592,2nd Year,20266593,Alpha Team,Analyst
Kevin S. Kapoor,155515593,2nd Year,20266594,Beta Team,Developer
Sai X. Sen,155515594,2nd Year,20266595,Gamma Team,Designer
Mark W. Moore,155515595,2nd Year,20266596,Delta Team,Coordinator
Richard W. Martin,155515596,2nd Year,20266597,Alpha Team,Secretary
Richard G. Johnson,155515597,2nd Year,20266598,Beta Team,Treasurer
Jennifer M. Perez,155515598,2nd Year,20266599,Gamma Team,Vice-Leader
Thomas G. Lopez,155515599,2nd Year,20266600,Delta Team,Member
Kevin Z. Smith,155515600,2nd Year,20266601,Alpha Team,Leader
John H. Perez,155515601,2nd Year,20266602,Beta Team,Member
Emily E. Hernandez,155515602,2nd Year,20266603,Gamma Team,Analyst
Jennifer R. Brown,155515603,2nd Year,20266604,Delta Team,Developer
Susan F. Clark,155515604,2nd Year,20266605,Alpha Team,Designer
Karen S. Clark,155515605,2nd Year,20266606,Beta Team,Coordinator
Isha U. Wilson,155515606,2nd Year,20266607,Gamma Team,Secretary
Brian S. Smith,155515607,2nd Year,20266608,Delta Team,Treasurer
Paul E. Lee,155515608,2nd Year,20266609,Alpha Team,Vice-Leader
Meera X. Reddy,155515609,2nd Year,20266610,Beta Team,Member
Richard N. Iyer,155515610,2nd Year,20266611,Gamma Team,Leader
Isha L. Jones,155515611,2nd Year,20266612,Delta Team,Member
Meera A. Davis,155515612,2nd Year,20266613,Alpha Team,Analyst
Ronald D. Moore,155515613,2nd Year,20266614,Beta Team,Developer
Amanda B. Patel,155515614,2nd Year,20266615,Gamma Team,Designer
Michael K. Jones,155515615,2nd Year,20266616,Delta Team,Coordinator
Dev D. Patel,155515616,2nd Year,20266617,Alpha Team,Secretary
Kimberly W. White,155515617,2nd Year,20266618,Beta Team,Treasurer
Donald Z. Smith,155515618,2nd Year,20266619,Gamma Team,Vice-Leader
Vihaan Z. Ramirez,155515619,2nd Year,20266620,Delta Team,Member
Jessica B. Miller,155515620,2nd Year,20266621,Alpha Team,Leader
Christopher A. Lopez,155515621,2nd Year,20266622,Beta Team,Member
Sai J. Mehta,155515622,2nd Year,20266623,Gamma Team,Analyst
Meera G. Jones,155515623,2nd Year,20266624,Delta Team,Developer
Meera C. Robinson,155515624,2nd Year,20266625,Alpha Team,Designer
David G. Robinson,155515625,2nd Year,20266626,Beta Team,Coordinator
John F. Hernandez,155515626,2nd Year,20266627,Gamma Team,Secretary
Meera J. Hernandez,155515627,2nd Year,20266628,Delta Team,Treasurer
Andrew Y. Joshi,155515628,2nd Year,20266629,Alpha Team,Vice-Leader
Michelle I. Lewis,155515629,2nd Year,20266630,Beta Team,Member
Dev M. Jackson,155515630,2nd Year,20266631,Gamma Team,Leader
Aarav B. Lewis,155515631,2nd Year,20266632,Delta Team,Member
Melissa Z. Jones,155515632,2nd Year,20266633,Alpha Team,Analyst
Deborah M. Iyer,155515633,2nd Year,20266634,Beta Team,Developer
Michelle D. Taylor,155515634,2nd Year,20266635,Gamma Team,Designer
Kenneth S. Brown,155515635,2nd Year,20266636,Delta Team,Coordinator
Zara B. Moore,155515636,2nd Year,20266637,Alpha Team,Secretary
Kimberly P. Johnson,155515637,2nd Year,20266638,Beta Team,Treasurer
David G. Brown,155515638,2nd Year,20266639,Gamma Team,Vice-Leader
Mary Q. Wilson,155515639,2nd Year,20266640,Delta Team,Member
Daniel A. Perez,155515640,2nd Year,20266641,Alpha Team,Leader
Isha B. Taylor,155515641,2nd Year,20266642,Beta Team,Member
Richard X. Wilson,155515642,2nd Year,20266643,Gamma Team,Analyst
Daniel M. Iyer,155515643,2nd Year,20266644,Delta Team,Developer
Charles Z. Taylor,155515644,2nd Year,20266645,Alpha Team,Designer
Joshua C. Martinez,155515645,2nd Year,20266646,Beta Team,Coordinator
Ananya V. Jones,155515646,2nd Year,20266647,Gamma Team,Secretary
Brian V. Miller,155515647,2nd Year,20266648,Delta Team,Treasurer
Betty A. Martin,155515648,2nd Year,20266649,Alpha Team,Vice-Leader
Karen Y. Clark,155515649,2nd Year,20266650,Beta Team,Member
Melissa F. Moore,155515650,2nd Year,20266651,Gamma Team,Leader
Charles P. Miller,155515651,2nd Year,20266652,Delta Team,Member
Nancy P. Robinson,155515652,2nd Year,20266653,Alpha Team,Analyst
Sai D. Williams,155515653,2nd Year,20266654,Beta Team,Developer
Vihaan F. Garcia,155515654,2nd Year,20266655,Gamma Team,Designer
Sai C. Brown,155515655,2nd Year,20266656,Delta Team,Coordinator
Isha I. Rao,155515656,2nd Year,20266657,Alpha Team,Secretary
Matthew Y. Garcia,155515657,2nd Year,20266658,Beta Team,Treasurer
Dorothy I. Taylor,155515658,2nd Year,20266659,Gamma Team,Vice-Leader
Vihaan G. Harris,155515659,2nd Year,20266660,Delta Team,Member
Michelle T. Kapoor,155515660,2nd Year,20266661,Alpha Team,Leader
Ananya W. Smith,155515661,2nd Year,20266662,Beta Team,Member
Ashley Y. Jones,155515662,2nd Year,20266663,Gamma Team,Analyst
Riya T. Rao,155515663,2nd Year,20266664,Delta Team,Developer
Sai P. Harris,155515664,2nd Year,20266665,Alpha Team,Designer
Mary E. Rodriguez,155515665,2nd Year,20266666,Beta Team,Coordinator
Kabir B. Lee,155515666,2nd Year,20266667,Gamma Team,Secretary
Daniel G. Smith,155515667,2nd Year,20266668,Delta Team,Treasurer
Melissa G. Harris,155515668,2nd Year,20266669,Alpha Team,Vice-Leader
Deborah L. Moore,155515669,2nd Year,20266670,Beta Team,Member
Richard B. Anderson,155515670,2nd Year,20266671,Gamma Team,Leader
Sandra P. Thomas,155515671,2nd Year,20266672,Delta Team,Member
William K. Williams,155515672,2nd Year,20266673,Alpha Team,Analyst
Sandra D. Smith,155515673,2nd Year,20266674,Beta Team,Developer
David D. Martinez,155515674,2nd Year,20266675,Gamma Team,Designer
Isha R. Williams,155515675,2nd Year,20266676,Delta Team,Coordinator
Aarav Y. Sanchez,155515676,2nd Year,20266677,Alpha Team,Secretary
Margaret G. Moore,155515677,2nd Year,20266678,Beta Team,Treasurer
Kabir M. Thomas,155515678,2nd Year,20266679,Gamma Team,Vice-Leader
Michelle Z. Mehta,155515679,2nd Year,20266680,Delta Team,Member
Robert Q. Jones,155515680,2nd Year,20266681,Alpha Team,Leader
Donna B. Iyer,155515681,2nd Year,20266682,Beta Team,Member
Mary H. Smith,155515682,2nd Year,20266683,Gamma Team,Analyst
Melissa H. Rao,155515683,2nd Year,20266684,Delta Team,Developer
Carol I. Sanchez,155515684,2nd Year,20266685,Alpha Team,Designer
Ananya I. Taylor,155515685,2nd Year,20266686,Beta Team,Coordinator
Sai F. Wilson,155515686,2nd Year,20266687,Gamma Team,Secretary
Kenneth P. Nair,155515687,2nd Year,20266688,Delta Team,Treasurer
Dev P. Thompson,155515688,2nd Year,20266689,Alpha Team,Vice-Leader
Joshua K. Smith,155515689,2nd Year,20266690,Beta Team,Member
Mark I. Hernandez,155515690,2nd Year,20266691,Gamma Team,Leader
Isha N. Sen,155515691,2nd Year,20266692,Delta Team,Member
Vihaan I. Williams,155515692,2nd Year,20266693,Alpha Team,Analyst
Sai B. Robinson,155515693,2nd Year,20266694,Beta Team,Developer
Lisa F. Ramirez,155515694,2nd Year,20266695,Gamma Team,Designer
Patricia L. Wilson,155515695,2nd Year,20266696,Delta Team,Coordinator
Charles S. Jackson,155515696,2nd Year,20266697,Alpha Team,Secretary
Elizabeth V. Reddy,155515697,2nd Year,20266698,Beta Team,Treasurer
Anthony G. Thomas,155515698,2nd Year,20266699,Gamma Team,Vice-Leader
Joshua Y. Gonzalez,155515699,2nd Year,20266700,Delta Team,Member
Richard J. Clark,155515700,2nd Year,20266701,Alpha Team,Leader
Dorothy H. Thompson,155515701,2nd Year,20266702,Beta Team,Member
Joseph L. Robinson,155515702,2nd Year,20266703,Gamma Team,Analyst
Betty U. Gonzalez,155515703,2nd Year,20266704,Delta Team,Developer
Jessica F. Smith,155515704,2nd Year,20266705,Alpha Team,Designer
Margaret D. Rao,155515705,2nd Year,20266706,Beta Team,Coordinator
Mary Y. Rodriguez,155515706,2nd Year,20266707,Gamma Team,Secretary
Donald T. Clark,155515707,2nd Year,20266708,Delta Team,Treasurer
Elizabeth T. Lee,155515708,2nd Year,20266709,Alpha Team,Vice-Leader
Betty I. Sanchez,155515709,2nd Year,20266710,Beta Team,Member
Steven H. Robinson,155515710,2nd Year,20266711,Gamma Team,Leader
Linda G. Wilson,155515711,2nd Year,20266712,Delta Team,Member
Richard V. Lewis,155515712,2nd Year,20266713,Alpha Team,Analyst
Ronald S. Thompson,155515713,2nd Year,20266714,Beta Team,Developer
Robert C. Reddy,155515714,2nd Year,20266715,Gamma Team,Designer
James K. Davis,155515715,2nd Year,20266716,Delta Team,Coordinator
Paul X. Lopez,155515716,2nd Year,20266717,Alpha Team,Secretary
Karen L. Kapoor,155515717,2nd Year,20266718,Beta Team,Treasurer
Kenneth D. Sen,155515718,2nd Year,20266719,Gamma Team,Vice-Leader
Betty N. Williams,155515719,2nd Year,20266720,Delta Team,Member
Kimberly R. Jackson,155515720,2nd Year,20266721,Alpha Team,Leader
Aarav M. Garcia,155515721,2nd Year,20266722,Beta Team,Member
Andrew H. Thompson,155515722,2nd Year,20266723,Gamma Team,Analyst
Joshua J. Rodriguez,155515723,2nd Year,20266724,Delta Team,Developer
Riya C. Robinson,155515724,2nd Year,20266725,Alpha Team,Designer
Sarah D. Miller,155515725,2nd Year,20266726,Beta Team,Coordinator
Dorothy J. Gonzalez,155515726,2nd Year,20266727,Gamma Team,Secretary
Margaret G. Williams,155515727,2nd Year,20266728,Delta Team,Treasurer
Carol C. Clark,155515728,2nd Year,20266729,Alpha Team,Vice-Leader
Riya H. Sharma,155515729,2nd Year,20266730,Beta Team,Member
Mark X. Davis,155515730,2nd Year,20266731,Gamma Team,Leader
Vihaan O. Jackson,155515731,2nd Year,20266732,Delta Team,Member
Ashley N. Taylor,155515732,2nd Year,20266733,Alpha Team,Analyst
Donna I. Perez,155515733,2nd Year,20266734,Beta Team,Developer
Timothy L. Gonzalez,155515734,2nd Year,20266735,Gamma Team,Designer
Daniel V. Sanchez,155515735,2nd Year,20266736,Delta Team,Coordinator
Joseph C. Harris,155515736,2nd Year,20266737,Alpha Team,Secretary
Thomas O. White,155515737,2nd Year,20266738,Beta Team,Treasurer
Paul C. Sharma,155515738,2nd Year,20266739,Gamma Team,Vice-Leader
Deborah S. Robinson,155515739,2nd Year,20266740,Delta Team,Member
Ananya H. Lee,155515740,2nd Year,20266741,Alpha Team,Leader
Joseph R. Davis,155515741,2nd Year,20266742,Beta Team,Member
Charles R. Sharma,155515742,2nd Year,20266743,Gamma Team,Analyst
Vihaan U. Garcia,155515743,2nd Year,20266744,Delta Team,Developer
Zara R. Clark,155515744,2nd Year,20266745,Alpha Team,Designer
Patricia U. Nair,155515745,2nd Year,20266746,Beta Team,Coordinator
Meera B. Taylor,155515746,2nd Year,20266747,Gamma Team,Secretary
Margaret F. Brown,155515747,2nd Year,20266748,Delta Team,Treasurer
Mark D. Kapoor,155515748,2nd Year,20266749,Alpha Team,Vice-Leader
Isha L. Martin,155515749,2nd Year,20266750,Beta Team,Member
Lisa W. Sen,155515750,2nd Year,20266751,Gamma Team,Leader
Barbara T. Reddy,155515751,2nd Year,20266752,Delta Team,Member
Andrew X. Perez,155515752,2nd Year,20266753,Alpha Team,Analyst
Paul N. Martin,155515753,2nd Year,20266754,Beta Team,Developer
Carol S. Sharma,155515754,2nd Year,20266755,Gamma Team,Designer
Kimberly M. White,155515755,2nd Year,20266756,Delta Team,Coordinator
Paul I. Ramirez,155515756,2nd Year,20266757,Alpha Team,Secretary
Carol J. Iyer,155515757,2nd Year,20266758,Beta Team,Treasurer
Paul K. Harris,155515758,2nd Year,20266759,Gamma Team,Vice-Leader
Donald T. Thompson,155515759,2nd Year,20266760,Delta Team,Member
Melissa C. Brown,155515760,2nd Year,20266761,Alpha Team,Leader
Andrew A. Perez,155515761,2nd Year,20266762,Beta Team,Member
Joshua J. Iyer,155515762,2nd Year,20266763,Gamma Team,Analyst
Betty E. Davis,155515763,2nd Year,20266764,Delta Team,Developer
Aarav G. Jackson,155515764,2nd Year,20266765,Alpha Team,Designer
Deborah Z. Perez,155515765,2nd Year,20266766,Beta Team,Coordinator
Donna O. Lopez,155515766,2nd Year,20266767,Gamma Team,Secretary
Melissa D. Jackson,155515767,2nd Year,20266768,Delta Team,Treasurer
Sarah P. Jackson,155515768,2nd Year,20266769,Alpha Team,Vice-Leader
Mary A. Reddy,155515769,2nd Year,20266770,Beta Team,Member
Jennifer A. Jones,155515770,2nd Year,20266771,Gamma Team,Leader
Sarah R. Joshi,155515771,2nd Year,20266772,Delta Team,Member
Donald N. Sanchez,155515772,2nd Year,20266773,Alpha Team,Analyst
Donna T. Smith,155515773,2nd Year,20266774,Beta Team,Developer
Jennifer R. Mehta,155515774,2nd Year,20266775,Gamma Team,Designer
Daniel J. Gonzalez,155515775,2nd Year,20266776,Delta Team,Coordinator
William Z. Lee,155515776,2nd Year,20266777,Alpha Team,Secretary
Steven S. Davis,155515777,2nd Year,20266778,Beta Team,Treasurer
Andrew E. Garcia,155515778,2nd Year,20266779,Gamma Team,Vice-Leader
Isha J. Jones,155515779,2nd Year,20266780,Delta Team,Member
William O. Iyer,155515780,2nd Year,20266781,Alpha Team,Leader
Dorothy T. Ramirez,155515781,2nd Year,20266782,Beta Team,Member
Deborah P. Sen,155515782,2nd Year,20266783,Gamma Team,Analyst
Riya A. Rodriguez,155515783,2nd Year,20266784,Delta Team,Developer
Christopher U. Martinez,155515784,2nd Year,20266785,Alpha Team,Designer
Joshua P. Reddy,155515785,2nd Year,20266786,Beta Team,Coordinator
Elizabeth U. Smith,155515786,2nd Year,20266787,Gamma Team,Secretary
Zara C. Garcia,155515787,2nd Year,20266788,Delta Team,Treasurer
John N. Moore,155515788,2nd Year,20266789,Alpha Team,Vice-Leader
Robert G. Ramirez,155515789,2nd Year,20266790,Beta Team,Member
Carol S. Taylor,155515790,2nd Year,20266791,Gamma Team,Leader
Kabir K. Hernandez,155515791,2nd Year,20266792,Delta Team,Member
Isha L. Lee,155515792,2nd Year,20266793,Alpha Team,Analyst
Lisa C. Moore,155515793,2nd Year,20266794,Beta Team,Developer
Thomas E. Wilson,155515794,2nd Year,20266795,Gamma Team,Designer
Emily Q. Williams,155515795,2nd Year,20266796,Delta Team,Coordinator
Betty B. Clark,155515796,2nd Year,20266797,Alpha Team,Secretary
Amanda M. Moore,155515797,2nd Year,20266798,Beta Team,Treasurer
Elizabeth M. Mehta,155515798,2nd Year,20266799,Gamma Team,Vice-Leader
Donna B. Sen,155515799,2nd Year,20266800,Delta Team,Member
Daniel O. Wilson,155515800,2nd Year,20266801,Alpha Team,Leader
Ronald J. Garcia,155515801,2nd Year,20266802,Beta Team,Member
Timothy O. Sen,155515802,2nd Year,20266803,Gamma Team,Analyst
Aarav R. Jones,155515803,2nd Year,20266804,Delta Team,Developer
Nancy H. Mehta,155515804,2nd Year,20266805,Alpha Team,Designer
Vihaan Y. Anderson,155515805,2nd Year,20266806,Beta Team,Coordinator
Kevin Y. Anderson,155515806,2nd Year,20266807,Gamma Team,Secretary
William G. Williams,155515807,2nd Year,20266808,Delta Team,Treasurer
Vihaan A. Rodriguez,155515808,2nd Year,20266809,Alpha Team,Vice-Leader
Margaret L. Robinson,155515809,2nd Year,20266810,Beta Team,Member
Dorothy Q. Sharma,155515810,2nd Year,20266811,Gamma Team,Leader
Joshua K. Sharma,155515811,2nd Year,20266812,Delta Team,Member
Ronald R. Reddy,155515812,2nd Year,20266813,Alpha Team,Analyst
Mary G. Anderson,155515813,2nd Year,20266814,Beta Team,Developer
Jennifer M. Johnson,155515814,2nd Year,20266815,Gamma Team,Designer
Steven R. Sen,155515815,2nd Year,20266816,Delta Team,Coordinator
Joshua F. Miller,155515816,2nd Year,20266817,Alpha Team,Secretary
Paul A. Clark,155515817,2nd Year,20266818,Beta Team,Treasurer
Lisa A. Anderson,155515818,2nd Year,20266819,Gamma Team,Vice-Leader
Elizabeth V. Sen,155515819,2nd Year,20266820,Delta Team,Member
Sai B. Gonzalez,155515820,2nd Year,20266821,Alpha Team,Leader
Paul S. Garcia,155515821,2nd Year,20266822,Beta Team,Member
Steven W. Brown,155515822,2nd Year,20266823,Gamma Team,Analyst
Donna D. Joshi,155515823,2nd Year,20266824,Delta Team,Developer
Carol M. Sen,155515824,2nd Year,20266825,Alpha Team,Designer
Sai O. Patel,155515825,2nd Year,20266826,Beta Team,Coordinator
Ashley X. Garcia,155515826,2nd Year,20266827,Gamma Team,Secretary
Kimberly L. Hernandez,155515827,2nd Year,20266828,Delta Team,Treasurer
Vihaan J. Joshi,155515828,2nd Year,20266829,Alpha Team,Vice-Leader
Dev R. Rodriguez,155515829,2nd Year,20266830,Beta Team,Member
Amanda B. Sanchez,155515830,2nd Year,20266831,Gamma Team,Leader
Melissa Z. Lopez,155515831,2nd Year,20266832,Delta Team,Member
William I. Ramirez,155515832,2nd Year,20266833,Alpha Team,Analyst
Ananya O. Sharma,155515833,2nd Year,20266834,Beta Team,Developer
Matthew B. Kapoor,155515834,2nd Year,20266835,Gamma Team,Designer
Amanda X. Mehta,155515835,2nd Year,20266836,Delta Team,Coordinator
Sai T. Mehta,155515836,2nd Year,20266837,Alpha Team,Secretary
Elizabeth J. Sen,155515837,2nd Year,20266838,Beta Team,Treasurer
Timothy G. Lee,155515838,2nd Year,20266839,Gamma Team,Vice-Leader
Thomas D. Harris,155515839,2nd Year,20266840,Delta Team,Member
Margaret Q. Mehta,155515840,2nd Year,20266841,Alpha Team,Leader
Kevin K. Hernandez,155515841,2nd Year,20266842,Beta Team,Member
Dev P. Kapoor,155515842,2nd Year,20266843,Gamma Team,Analyst
Charles Q. Nair,155515843,2nd Year,20266844,Delta Team,Developer
Michelle V. Brown,155515844,2nd Year,20266845,Alpha Team,Designer
Matthew Q. Mehta,155515845,2nd Year,20266846,Beta Team,Coordinator
Vihaan S. Jones,155515846,2nd Year,20266847,Gamma Team,Secretary
Steven S. Moore,155515847,2nd Year,20266848,Delta Team,Treasurer
Daniel Y. Martinez,155515848,2nd Year,20266849,Alpha Team,Vice-Leader
Amanda V. Lee,155515849,2nd Year,20266850,Beta Team,Member
Ashley O. Iyer,155515850,2nd Year,20266851,Gamma Team,Leader
Amanda V. Thompson,155515851,2nd Year,20266852,Delta Team,Member
Isha Y. Wilson,155515852,2nd Year,20266853,Alpha Team,Analyst
Sandra L. Lopez,155515853,2nd Year,20266854,Beta Team,Developer
Linda J. Clark,155515854,2nd Year,20266855,Gamma Team,Designer
Barbara Z. Clark,155515855,2nd Year,20266856,Delta Team,Coordinator
Brian P. Jones,155515856,2nd Year,20266857,Alpha Team,Secretary
Margaret J. Iyer,155515857,2nd Year,20266858,Beta Team,Treasurer
Joshua M. Jackson,155515858,2nd Year,20266859,Gamma Team,Vice-Leader
Joshua P. Lee,155515859,2nd Year,20266860,Delta Team,Member
Donna W. Nair,155515860,2nd Year,20266861,Alpha Team,Leader
Donald V. Sen,155515861,2nd Year,20266862,Beta Team,Member
Ananya H. Iyer,155515862,2nd Year,20266863,Gamma Team,Analyst
Jessica W. Patel,155515863,2nd Year,20266864,Delta Team,Developer
Ashley G. Moore,155515864,2nd Year,20266865,Alpha Team,Designer
Aarav H. Perez,155515865,2nd Year,20266866,Beta Team,Coordinator
Donna Y. Robinson,155515866,2nd Year,20266867,Gamma Team,Secretary
Sandra W. Lewis,155515867,2nd Year,20266868,Delta Team,Treasurer
Jennifer I. Ramirez,155515868,2nd Year,20266869,Alpha Team,Vice-Leader
Mary D. Clark,155515869,2nd Year,20266870,Beta Team,Member
Ananya W. Lee,155515870,2nd Year,20266871,Gamma Team,Leader
Aarav X. Anderson,155515871,2nd Year,20266872,Delta Team,Member
Kevin T. Lewis,155515872,2nd Year,20266873,Alpha Team,Analyst
Riya D. Lee,155515873,2nd Year,20266874,Beta Team,Developer
Mary Z. Harris,155515874,2nd Year,20266875,Gamma Team,Designer
Christopher N. Moore,155515875,2nd Year,20266876,Delta Team,Coordinator
Amanda T. Ramirez,155515876,2nd Year,20266877,Alpha Team,Secretary
Dorothy M. Johnson,155515877,2nd Year,20266878,Beta Team,Treasurer
Vihaan O. Wilson,155515878,2nd Year,20266879,Gamma Team,Vice-Leader
Timothy J. Sen,155515879,2nd Year,20266880,Delta Team,Member
Matthew F. Taylor,155515880,2nd Year,20266881,Alpha Team,Leader
Kevin G. Moore,155515881,2nd Year,20266882,Beta Team,Member
Thomas G. Iyer,155515882,2nd Year,20266883,Gamma Team,Analyst
Aarav P. Thomas,155515883,2nd Year,20266884,Delta Team,Developer
Mark I. Lee,155515884,2nd Year,20266885,Alpha Team,Designer
Joshua V. Davis,155515885,2nd Year,20266886,Beta Team,Coordinator
Zara O. Mehta,155515886,2nd Year,20266887,Gamma Team,Secretary
Paul Y. Sanchez,155515887,2nd Year,20266888,Delta Team,Treasurer
Steven V. Mehta,155515888,2nd Year,20266889,Alpha Team,Vice-Leader
Patricia D. Lewis,155515889,2nd Year,20266890,Beta Team,Member
Jessica V. Nair,155515890,2nd Year,20266891,Gamma Team,Leader
Kevin C. Anderson,155515891,2nd Year,20266892,Delta Team,Member
Robert Z. Kapoor,155515892,2nd Year,20266893,Alpha Team,Analyst
Donna Z. Reddy,155515893,2nd Year,20266894,Beta Team,Developer
Nancy G. Lee,155515894,2nd Year,20266895,Gamma Team,Designer
Richard M. Mehta,155515895,2nd Year,20266896,Delta Team,Coordinator
Matthew W. Williams,155515896,2nd Year,20266897,Alpha Team,Secretary
Betty A. Thomas,155515897,2nd Year,20266898,Beta Team,Treasurer
Lisa M. Thomas,155515898,2nd Year,20266899,Gamma Team,Vice-Leader
Jessica A. Smith,155515899,2nd Year,20266900,Delta Team,Member
Kabir M. Reddy,155515900,2nd Year,20266901,Alpha Team,Leader
Barbara U. Ramirez,155515901,2nd Year,20266902,Beta Team,Member
David V. Joshi,155515902,2nd Year,20266903,Gamma Team,Analyst
Dev X. Gonzalez,155515903,2nd Year,20266904,Delta Team,Developer
Anthony K. Miller,155515904,2nd Year,20266905,Alpha Team,Designer
James W. Williams,155515905,2nd Year,20266906,Beta Team,Coordinator
Carol K. White,155515906,2nd Year,20266907,Gamma Team,Secretary
Riya W. Clark,155515907,2nd Year,20266908,Delta Team,Treasurer
Linda E. Moore,155515908,2nd Year,20266909,Alpha Team,Vice-Leader
Ananya O. Reddy,155515909,2nd Year,20266910,Beta Team,Member
Sarah V. Johnson,155515910,2nd Year,20266911,Gamma Team,Leader
Meera R. Ramirez,155515911,2nd Year,20266912,Delta Team,Member
Karen B. Moore,155515912,2nd Year,20266913,Alpha Team,Analyst
David M. Davis,155515913,2nd Year,20266914,Beta Team,Developer
Paul M. Lopez,155515914,2nd Year,20266915,Gamma Team,Designer
Meera F. Lewis,155515915,2nd Year,20266916,Delta Team,Coordinator
Sandra Z. Miller,155515916,2nd Year,20266917,Alpha Team,Secretary
Riya R. Robinson,155515917,2nd Year,20266918,Beta Team,Treasurer
Timothy H. Martinez,155515918,2nd Year,20266919,Gamma Team,Vice-Leader
Sarah G. Rodriguez,155515919,2nd Year,20266920,Delta Team,Member
Ronald C. Ramirez,155515920,2nd Year,20266921,Alpha Team,Leader
Margaret Z. Sen,155515921,2nd Year,20266922,Beta Team,Member
James U. Gonzalez,155515922,2nd Year,20266923,Gamma Team,Analyst
Margaret L. Iyer,155515923,2nd Year,20266924,Delta Team,Developer
Lisa D. Ramirez,155515924,2nd Year,20266925,Alpha Team,Designer
Emily F. Hernandez,155515925,2nd Year,20266926,Beta Team,Coordinator
Charles S. Miller,155515926,2nd Year,20266927,Gamma Team,Secretary
Margaret T. Harris,155515927,2nd Year,20266928,Delta Team,Treasurer
Christopher T. Lewis,155515928,2nd Year,20266929,Alpha Team,Vice-Leader
Karen V. Anderson,155515929,2nd Year,20266930,Beta Team,Member
Amanda K. Nair,155515930,2nd Year,20266931,Gamma Team,Leader
Brian D. Perez,155515931,2nd Year,20266932,Delta Team,Member
Timothy G. Miller,155515932,2nd Year,20266933,Alpha Team,Analyst
Kenneth L. Clark,155515933,2nd Year,20266934,Beta Team,Developer
Zara O. Iyer,155515934,2nd Year,20266935,Gamma Team,Designer
Sandra F. Robinson,155515935,2nd Year,20266936,Delta Team,Coordinator
James J. Brown,155515936,2nd Year,20266937,Alpha Team,Secretary
Paul A. Harris,155515937,2nd Year,20266938,Beta Team,Treasurer
Kimberly H. Kapoor,155515938,2nd Year,20266939,Gamma Team,Vice-Leader
Deborah P. Moore,155515939,2nd Year,20266940,Delta Team,Member
Daniel V. Miller,155515940,2nd Year,20266941,Alpha Team,Leader
Barbara Z. Hernandez,155515941,2nd Year,20266942,Beta Team,Member
Kevin N. Jackson,155515942,2nd Year,20266943,Gamma Team,Analyst
Robert T. White,155515943,2nd Year,20266944,Delta Team,Developer
Elizabeth Q. Garcia,155515944,2nd Year,20266945,Alpha Team,Designer
Kimberly T. Perez,155515945,2nd Year,20266946,Beta Team,Coordinator
Dev Y. White,155515946,2nd Year,20266947,Gamma Team,Secretary
John I. Joshi,155515947,2nd Year,20266948,Delta Team,Treasurer
Betty H. Jones,155515948,2nd Year,20266949,Alpha Team,Vice-Leader
Michael D. Martinez,155515949,2nd Year,20266950,Beta Team,Member
Sandra M. Kapoor,155515950,2nd Year,20266951,Gamma Team,Leader
Betty W. Clark,155515951,2nd Year,20266952,Delta Team,Member
Vihaan W. Robinson,155515952,2nd Year,20266953,Alpha Team,Analyst
Dev N. Harris,155515953,2nd Year,20266954,Beta Team,Developer
Susan C. Sanchez,155515954,2nd Year,20266955,Gamma Team,Designer
Kevin M. Ramirez,155515955,2nd Year,20266956,Delta Team,Coordinator
Thomas W. Williams,155515956,2nd Year,20266957,Alpha Team,Secretary
Andrew E. Reddy,155515957,2nd Year,20266958,Beta Team,Treasurer
Patricia R. Jones,155515958,2nd Year,20266959,Gamma Team,Vice-Leader
Riya T. Joshi,155515959,2nd Year,20266960,Delta Team,Member
Emily Q. Anderson,155515960,2nd Year,20266961,Alpha Team,Leader
Paul N. Wilson,155515961,2nd Year,20266962,Beta Team,Member
Mark Z. Garcia,155515962,2nd Year,20266963,Gamma Team,Analyst
Linda Z. Garcia,155515963,2nd Year,20266964,Delta Team,Developer
Andrew W. Patel,155515964,2nd Year,20266965,Alpha Team,Designer
John O. Smith,155515965,2nd Year,20266966,Beta Team,Coordinator
Sarah N. Brown,155515966,2nd Year,20266967,Gamma Team,Secretary
Betty J. Perez,155515967,2nd Year,20266968,Delta Team,Treasurer
Ronald C. Sen,155515968,2nd Year,20266969,Alpha Team,Vice-Leader
Linda B. Brown,155515969,2nd Year,20266970,Beta Team,Member
Steven S. Sen,155515970,2nd Year,20266971,Gamma Team,Leader
Brian H. Reddy,155515971,2nd Year,20266972,Delta Team,Member
Dorothy F. Perez,155515972,2nd Year,20266973,Alpha Team,Analyst
Meera N. Smith,155515973,2nd Year,20266974,Beta Team,Developer
Vihaan T. Iyer,155515974,2nd Year,20266975,Gamma Team,Designer
Karen C. Nair,155515975,2nd Year,20266976,Delta Team,Coordinator
Kabir F. Taylor,155515976,2nd Year,20266977,Alpha Team,Secretary
Steven P. Jackson,155515977,2nd Year,20266978,Beta Team,Treasurer
Lisa M. Joshi,155515978,2nd Year,20266979,Gamma Team,Vice-Leader
Patricia A. Taylor,155515979,2nd Year,20266980,Delta Team,Member
Jessica I. Jackson,155515980,2nd Year,20266981,Alpha Team,Leader
William Y. Reddy,155515981,2nd Year,20266982,Beta Team,Member
William J. Robinson,155515982,2nd Year,20266983,Gamma Team,Analyst
Ananya N. Thomas,155515983,2nd Year,20266984,Delta Team,Developer
Amanda H. Jackson,155515984,2nd Year,20266985,Alpha Team,Designer
John O. Nair,155515985,2nd Year,20266986,Beta Team,Coordinator
Thomas W. Nair,155515986,2nd Year,20266987,Gamma Team,Secretary
Patricia L. Rodriguez,155515987,2nd Year,20266988,Delta Team,Treasurer
Paul L. Reddy,155515988,2nd Year,20266989,Alpha Team,Vice-Leader
Mark H. Smith,155515989,2nd Year,20266990,Beta Team,Member
Sarah B. Robinson,155515990,2nd Year,20266991,Gamma Team,Leader
Joseph R. Sanchez,155515991,2nd Year,20266992,Delta Team,Member
Jessica M. Joshi,155515992,2nd Year,20266993,Alpha Team,Analyst
Jessica H. Jackson,155515993,2nd Year,20266994,Beta Team,Developer
Susan L. Kapoor,155515994,2nd Year,20266995,Gamma Team,Designer
Sandra G. Rodriguez,155515995,2nd Year,20266996,Delta Team,Coordinator
Dev Y. Sen,155515996,2nd Year,20266997,Alpha Team,Secretary
Sai P. Rodriguez,155515997,2nd Year,20266998,Beta Team,Treasurer
Barbara Y. Brown,155515998,2nd Year,20266999,Gamma Team,Vice-Leader
Kimberly D. Nair,155515999,2nd Year,20267000,Delta Team,Member
Aarav M. Rao,155516000,3rd Year,20267001,Alpha Team,Leader
Betty N. Lewis,155516001,3rd Year,20267002,Beta Team,Member
Daniel N. Robinson,155516002,3rd Year,20267003,Gamma Team,Analyst
Michael O. Rao,155516003,3rd Year,20267004,Delta Team,Developer
Timothy V. Jones,155516004,3rd Year,20267005,Alpha Team,Designer
Jennifer S. Lopez,155516005,3rd Year,20267006,Beta Team,Coordinator
Amanda J. Sharma,155516006,3rd Year,20267007,Gamma Team,Secretary
Amanda K. Miller,155516007,3rd Year,20267008,Delta Team,Treasurer
Brian N. Smith,155516008,3rd Year,20267009,Alpha Team,Vice-Leader
Lisa D. Clark,155516009,3rd Year,20267010,Beta Team,Member
Ashley W. Nair,155516010,3rd Year,20267011,Gamma Team,Leader
Dev O. Anderson,155516011,3rd Year,20267012,Delta Team,Member
Riya N. Perez,155516012,3rd Year,20267013,Alpha Team,Analyst
Thomas T. Gonzalez,155516013,3rd Year,20267014,Beta Team,Developer
Joseph J. Hernandez,155516014,3rd Year,20267015,Gamma Team,Designer
Linda Z. Wilson,155516015,3rd Year,20267016,Delta Team,Coordinator
Matthew X. Reddy,155516016,3rd Year,20267017,Alpha Team,Secretary
William B. Mehta,155516017,3rd Year,20267018,Beta Team,Treasurer
Linda R. Robinson,155516018,3rd Year,20267019,Gamma Team,Vice-Leader
Carol M. Patel,155516019,3rd Year,20267020,Delta Team,Member
John G. Martin,155516020,3rd Year,20267021,Alpha Team,Leader
Matthew X. Robinson,155516021,3rd Year,20267022,Beta Team,Member
William J. Rao,155516022,3rd Year,20267023,Gamma Team,Analyst
Michael U. Moore,155516023,3rd Year,20267024,Delta Team,Developer
Timothy C. Jones,155516024,3rd Year,20267025,Alpha Team,Designer
Ronald R. Taylor,155516025,3rd Year,20267026,Beta Team,Coordinator
William W. Ramirez,155516026,3rd Year,20267027,Gamma Team,Secretary
Joseph P. Perez,155516027,3rd Year,20267028,Delta Team,Treasurer
Kenneth D. Lopez,155516028,3rd Year,20267029,Alpha Team,Vice-Leader
Carol W. White,155516029,3rd Year,20267030,Beta Team,Member
Aarav R. Thompson,155516030,3rd Year,20267031,Gamma Team,Leader
Paul B. Rodriguez,155516031,3rd Year,20267032,Delta Team,Member
Ronald S. Robinson,155516032,3rd Year,20267033,Alpha Team,Analyst
Susan Y. Harris,155516033,3rd Year,20267034,Beta Team,Developer
Daniel U. Anderson,155516034,3rd Year,20267035,Gamma Team,Designer
Carol L. Smith,155516035,3rd Year,20267036,Delta Team,Coordinator
Vihaan Q. Moore,155516036,3rd Year,20267037,Alpha Team,Secretary
Dev K. Rodriguez,155516037,3rd Year,20267038,Beta Team,Treasurer
Sai Z. Miller,155516038,3rd Year,20267039,Gamma Team,Vice-Leader
Carol O. Kapoor,155516039,3rd Year,20267040,Delta Team,Member
Sarah F. Rao,155516040,3rd Year,20267041,Alpha Team,Leader
Nancy A. Robinson,155516041,3rd Year,20267042,Beta Team,Member
Michelle S. White,155516042,3rd Year,20267043,Gamma Team,Analyst
Paul S. Martinez,155516043,3rd Year,20267044,Delta Team,Developer
Steven A. Reddy,155516044,3rd Year,20267045,Alpha Team,Designer
Jessica V. Clark,155516045,3rd Year,20267046,Beta Team,Coordinator
Kevin Q. Harris,155516046,3rd Year,20267047,Gamma Team,Secretary
Jessica F. Iyer,155516047,3rd Year,20267048,Delta Team,Treasurer
Riya W. Anderson,155516048,3rd Year,20267049,Alpha Team,Vice-Leader
Ronald E. Rodriguez,155516049,3rd Year,20267050,Beta Team,Member
Andrew M. Harris,155516050,3rd Year,20267051,Gamma Team,Leader
Kimberly U. Kapoor,155516051,3rd Year,20267052,Delta Team,Member
Isha W. Smith,155516052,3rd Year,20267053,Alpha Team,Analyst
Richard M. Clark,155516053,3rd Year,20267054,Beta Team,Developer
John I. Harris,155516054,3rd Year,20267055,Gamma Team,Designer
Jennifer O. Reddy,155516055,3rd Year,20267056,Delta Team,Coordinator
Sai R. Clark,155516056,3rd Year,20267057,Alpha Team,Secretary
Melissa E. Moore,155516057,3rd Year,20267058,Beta Team,Treasurer
Sai C. Nair,155516058,3rd Year,20267059,Gamma Team,Vice-Leader
Thomas V. Ramirez,155516059,3rd Year,20267060,Delta Team,Member
Elizabeth B. Sen,155516060,3rd Year,20267061,Alpha Team,Leader
Mary V. Reddy,155516061,3rd Year,20267062,Beta Team,Member
Kenneth R. Hernandez,155516062,3rd Year,20267063,Gamma Team,Analyst
Meera S. Lee,155516063,3rd Year,20267064,Delta Team,Developer
Kabir O. Gonzalez,155516064,3rd Year,20267065,Alpha Team,Designer
Ashley X. Martin,155516065,3rd Year,20267066,Beta Team,Coordinator
Kimberly U. Wilson,155516066,3rd Year,20267067,Gamma Team,Secretary
Ashley Q. White,155516067,3rd Year,20267068,Delta Team,Treasurer
Zara N. Lopez,155516068,3rd Year,20267069,Alpha Team,Vice-Leader
Robert X. Sen,155516069,3rd Year,20267070,Beta Team,Member
Brian T. Taylor,155516070,3rd Year,20267071,Gamma Team,Leader
Andrew L. Hernandez,155516071,3rd Year,20267072,Delta Team,Member
Christopher D. Harris,155516072,3rd Year,20267073,Alpha Team,Analyst
Robert S. Iyer,155516073,3rd Year,20267074,Beta Team,Developer
Melissa T. Williams,155516074,3rd Year,20267075,Gamma Team,Designer
Sai F. Davis,155516075,3rd Year,20267076,Delta Team,Coordinator
Jennifer H. Patel,155516076,3rd Year,20267077,Alpha Team,Secretary
Patricia E. Ramirez,155516077,3rd Year,20267078,Beta Team,Treasurer
Aarav X. Thompson,155516078,3rd Year,20267079,Gamma Team,Vice-Leader
Charles O. Hernandez,155516079,3rd Year,20267080,Delta Team,Member
Jennifer J. Ramirez,155516080,3rd Year,20267081,Alpha Team,Leader
Zara D. Moore,155516081,3rd Year,20267082,Beta Team,Member
Ashley Z. Mehta,155516082,3rd Year,20267083,Gamma Team,Analyst
Aarav E. Mehta,155516083,3rd Year,20267084,Delta Team,Developer
Ananya F. Sharma,155516084,3rd Year,20267085,Alpha Team,Designer
Jessica A. Martinez,155516085,3rd Year,20267086,Beta Team,Coordinator
Donna M. Lopez,155516086,3rd Year,20267087,Gamma Team,Secretary
Charles V. Joshi,155516087,3rd Year,20267088,Delta Team,Treasurer
Ashley J. Williams,155516088,3rd Year,20267089,Alpha Team,Vice-Leader
Barbara W. Lee,155516089,3rd Year,20267090,Beta Team,Member
Michael S. Martinez,155516090,3rd Year,20267091,Gamma Team,Leader
Kenneth B. Anderson,155516091,3rd Year,20267092,Delta Team,Member
Kevin B. Martinez,155516092,3rd Year,20267093,Alpha Team,Analyst
Ronald J. Robinson,155516093,3rd Year,20267094,Beta Team,Developer
Kenneth D. Perez,155516094,3rd Year,20267095,Gamma Team,Designer
Ashley S. Lee,155516095,3rd Year,20267096,Delta Team,Coordinator
Robert M. Iyer,155516096,3rd Year,20267097,Alpha Team,Secretary
Ronald R. Jones,155516097,3rd Year,20267098,Beta Team,Treasurer
Isha S. Wilson,155516098,3rd Year,20267099,Gamma Team,Vice-Leader
Jessica Q. Patel,155516099,3rd Year,20267100,Delta Team,Member
Zara A. Hernandez,155516100,3rd Year,20267101,Alpha Team,Leader
Daniel T. Robinson,155516101,3rd Year,20267102,Beta Team,Member
Melissa Y. Lopez,155516102,3rd Year,20267103,Gamma Team,Analyst
Robert S. Smith,155516103,3rd Year,20267104,Delta Team,Developer
Patricia K. White,155516104,3rd Year,20267105,Alpha Team,Designer
Steven Z. Joshi,155516105,3rd Year,20267106,Beta Team,Coordinator
Anthony H. Wilson,155516106,3rd Year,20267107,Gamma Team,Secretary
Vihaan B. Lopez,155516107,3rd Year,20267108,Delta Team,Treasurer
Christopher G. Hernandez,155516108,3rd Year,20267109,Alpha Team,Vice-Leader
Timothy O. Rodriguez,155516109,3rd Year,20267110,Beta Team,Member
Margaret Y. Taylor,155516110,3rd Year,20267111,Gamma Team,Leader
Steven M. Hernandez,155516111,3rd Year,20267112,Delta Team,Member
Jessica U. Harris,155516112,3rd Year,20267113,Alpha Team,Analyst
Amanda E. Thompson,155516113,3rd Year,20267114,Beta Team,Developer
Aarav Q. Thompson,155516114,3rd Year,20267115,Gamma Team,Designer
Emily Q. Garcia,155516115,3rd Year,20267116,Delta Team,Coordinator
Patricia S. Martin,155516116,3rd Year,20267117,Alpha Team,Secretary
Donald F. Nair,155516117,3rd Year,20267118,Beta Team,Treasurer
Patricia W. Harris,155516118,3rd Year,20267119,Gamma Team,Vice-Leader
Donald A. Harris,155516119,3rd Year,20267120,Delta Team,Member
David D. Wilson,155516120,3rd Year,20267121,Alpha Team,Leader
Christopher U. Hernandez,155516121,3rd Year,20267122,Beta Team,Member
Margaret M. Lopez,155516122,3rd Year,20267123,Gamma Team,Analyst
Nancy C. Martinez,155516123,3rd Year,20267124,Delta Team,Developer
Christopher S. Rao,155516124,3rd Year,20267125,Alpha Team,Designer
Sandra A. Martin,155516125,3rd Year,20267126,Beta Team,Coordinator
Margaret D. Jones,155516126,3rd Year,20267127,Gamma Team,Secretary
Kenneth Z. Rao,155516127,3rd Year,20267128,Delta Team,Treasurer
Linda T. Garcia,155516128,3rd Year,20267129,Alpha Team,Vice-Leader
Christopher R. Robinson,155516129,3rd Year,20267130,Beta Team,Member
Matthew I. Gonzalez,155516130,3rd Year,20267131,Gamma Team,Leader
Donna I. Lopez,155516131,3rd Year,20267132,Delta Team,Member
Ashley L. Johnson,155516132,3rd Year,20267133,Alpha Team,Analyst
Patricia L. Moore,155516133,3rd Year,20267134,Beta Team,Developer
David R. Harris,155516134,3rd Year,20267135,Gamma Team,Designer
Joseph O. Garcia,155516135,3rd Year,20267136,Delta Team,Coordinator
Daniel H. Kapoor,155516136,3rd Year,20267137,Alpha Team,Secretary
Joseph M. Anderson,155516137,3rd Year,20267138,Beta Team,Treasurer
Mary L. Thomas,155516138,3rd Year,20267139,Gamma Team,Vice-Leader
Margaret Z. Joshi,155516139,3rd Year,20267140,Delta Team,Member
John S. White,155516140,3rd Year,20267141,Alpha Team,Leader
Ronald K. Sharma,155516141,3rd Year,20267142,Beta Team,Member
Jessica U. Rodriguez,155516142,3rd Year,20267143,Gamma Team,Analyst
Zara O. Rodriguez,155516143,3rd Year,20267144,Delta Team,Developer
Charles Q. Anderson,155516144,3rd Year,20267145,Alpha Team,Designer
Michelle N. Garcia,155516145,3rd Year,20267146,Beta Team,Coordinator
David J. Rao,155516146,3rd Year,20267147,Gamma Team,Secretary
Christopher M. Harris,155516147,3rd Year,20267148,Delta Team,Treasurer
Zara N. Taylor,155516148,3rd Year,20267149,Alpha Team,Vice-Leader
Michelle O. Gonzalez,155516149,3rd Year,20267150,Beta Team,Member
Linda H. Joshi,155516150,3rd Year,20267151,Gamma Team,Leader
Carol P. Lee,155516151,3rd Year,20267152,Delta Team,Member
Matthew J. Nair,155516152,3rd Year,20267153,Alpha Team,Analyst
Timothy I. Lopez,155516153,3rd Year,20267154,Beta Team,Developer
Andrew V. Sharma,155516154,3rd Year,20267155,Gamma Team,Designer
David K. Martin,155516155,3rd Year,20267156,Delta Team,Coordinator
Mark V. Lopez,155516156,3rd Year,20267157,Alpha Team,Secretary
Kimberly H. Wilson,155516157,3rd Year,20267158,Beta Team,Treasurer
Isha B. Clark,155516158,3rd Year,20267159,Gamma Team,Vice-Leader
Meera U. Joshi,155516159,3rd Year,20267160,Delta Team,Member
William X. Lee,155516160,3rd Year,20267161,Alpha Team,Leader
Sarah H. Nair,155516161,3rd Year,20267162,Beta Team,Member
Patricia Y. Moore,155516162,3rd Year,20267163,Gamma Team,Analyst
Sai L. Wilson,155516163,3rd Year,20267164,Delta Team,Developer
Kimberly G. Iyer,155516164,3rd Year,20267165,Alpha Team,Designer
Brian H. Joshi,155516165,3rd Year,20267166,Beta Team,Coordinator
Kevin H. Taylor,155516166,3rd Year,20267167,Gamma Team,Secretary
Thomas G. Moore,155516167,3rd Year,20267168,Delta Team,Treasurer
Nancy Q. Brown,155516168,3rd Year,20267169,Alpha Team,Vice-Leader
Dorothy S. Sen,155516169,3rd Year,20267170,Beta Team,Member
Karen Z. Miller,155516170,3rd Year,20267171,Gamma Team,Leader
Karen Z. Patel,155516171,3rd Year,20267172,Delta Team,Member
Deborah R. Perez,155516172,3rd Year,20267173,Alpha Team,Analyst
Zara O. Jones,155516173,3rd Year,20267174,Beta Team,Developer
Sarah X. Brown,155516174,3rd Year,20267175,Gamma Team,Designer
Sai P. Ramirez,155516175,3rd Year,20267176,Delta Team,Coordinator
Elizabeth Y. Wilson,155516176,3rd Year,20267177,Alpha Team,Secretary
Ronald I. Thomas,155516177,3rd Year,20267178,Beta Team,Treasurer
William L. Lewis,155516178,3rd Year,20267179,Gamma Team,Vice-Leader
Susan B. Rao,155516179,3rd Year,20267180,Delta Team,Member
Paul Y. Sen,155516180,3rd Year,20267181,Alpha Team,Leader
Barbara B. Gonzalez,155516181,3rd Year,20267182,Beta Team,Member
Steven R. Clark,155516182,3rd Year,20267183,Gamma Team,Analyst
David V. Taylor,155516183,3rd Year,20267184,Delta Team,Developer
Donna W. Joshi,155516184,3rd Year,20267185,Alpha Team,Designer
Jennifer F. Sanchez,155516185,3rd Year,20267186,Beta Team,Coordinator
John L. Garcia,155516186,3rd Year,20267187,Gamma Team,Secretary
Michael N. Mehta,155516187,3rd Year,20267188,Delta Team,Treasurer
Kenneth P. Moore,155516188,3rd Year,20267189,Alpha Team,Vice-Leader
Nancy Q. Davis,155516189,3rd Year,20267190,Beta Team,Member
Kenneth Y. Johnson,155516190,3rd Year,20267191,Gamma Team,Leader
Steven I. Perez,155516191,3rd Year,20267192,Delta Team,Member
Matthew D. Garcia,155516192,3rd Year,20267193,Alpha Team,Analyst
Ananya S. Sen,155516193,3rd Year,20267194,Beta Team,Developer
Ananya I. Thomas,155516194,3rd Year,20267195,Gamma Team,Designer
William Y. Harris,155516195,3rd Year,20267196,Delta Team,Coordinator
Mark W. Thompson,155516196,3rd Year,20267197,Alpha Team,Secretary
David K. Martinez,155516197,3rd Year,20267198,Beta Team,Treasurer
Nancy X. Moore,155516198,3rd Year,20267199,Gamma Team,Vice-Leader
Susan T. Rao,155516199,3rd Year,20267200,Delta Team,Member
Margaret Q. Miller,155516200,3rd Year,20267201,Alpha Team,Leader
Matthew P. Lewis,155516201,3rd Year,20267202,Beta Team,Member
Dorothy U. Joshi,155516202,3rd Year,20267203,Gamma Team,Analyst
Emily M. Harris,155516203,3rd Year,20267204,Delta Team,Developer
Amanda A. Martinez,155516204,3rd Year,20267205,Alpha Team,Designer
Kenneth S. Nair,155516205,3rd Year,20267206,Beta Team,Coordinator
Robert F. Lee,155516206,3rd Year,20267207,Gamma Team,Secretary
Deborah K. Davis,155516207,3rd Year,20267208,Delta Team,Treasurer
Ronald F. Perez,155516208,3rd Year,20267209,Alpha Team,Vice-Leader
Karen U. Jackson,155516209,3rd Year,20267210,Beta Team,Member
Robert O. Nair,155516210,3rd Year,20267211,Gamma Team,Leader
William K. Garcia,155516211,3rd Year,20267212,Delta Team,Member
Deborah B. Garcia,155516212,3rd Year,20267213,Alpha Team,Analyst
Robert O. Mehta,155516213,3rd Year,20267214,Beta Team,Developer
Joseph M. Harris,155516214,3rd Year,20267215,Gamma Team,Designer
Kabir K. Martin,155516215,3rd Year,20267216,Delta Team,Coordinator
Brian Q. Lee,155516216,3rd Year,20267217,Alpha Team,Secretary
Kevin O. Sen,155516217,3rd Year,20267218,Beta Team,Treasurer
Steven H. Williams,155516218,3rd Year,20267219,Gamma Team,Vice-Leader
Isha O. Taylor,155516219,3rd Year,20267220,Delta Team,Member
John J. Iyer,155516220,3rd Year,20267221,Alpha Team,Leader
Paul Z. Iyer,155516221,3rd Year,20267222,Beta Team,Member
Margaret W. Jones,155516222,3rd Year,20267223,Gamma Team,Analyst
Barbara L. Harris,155516223,3rd Year,20267224,Delta Team,Developer
Linda L. Jones,155516224,3rd Year,20267225,Alpha Team,Designer
Deborah O. Lopez,155516225,3rd Year,20267226,Beta Team,Coordinator
Jennifer A. Lopez,155516226,3rd Year,20267227,Gamma Team,Secretary
Paul T. Clark,155516227,3rd Year,20267228,Delta Team,Treasurer
Deborah A. Sanchez,155516228,3rd Year,20267229,Alpha Team,Vice-Leader
Michael L. Williams,155516229,3rd Year,20267230,Beta Team,Member
Joshua Z. Brown,155516230,3rd Year,20267231,Gamma Team,Leader
Donald F. Gonzalez,155516231,3rd Year,20267232,Delta Team,Member
Jessica P. Miller,155516232,3rd Year,20267233,Alpha Team,Analyst
Kevin N. Martin,155516233,3rd Year,20267234,Beta Team,Developer
Melissa I. Ramirez,155516234,3rd Year,20267235,Gamma Team,Designer
James P. Hernandez,155516235,3rd Year,20267236,Delta Team,Coordinator
Kenneth Z. Sharma,155516236,3rd Year,20267237,Alpha Team,Secretary
Richard V. Sharma,155516237,3rd Year,20267238,Beta Team,Treasurer
Andrew C. Reddy,155516238,3rd Year,20267239,Gamma Team,Vice-Leader
Sandra J. Moore,155516239,3rd Year,20267240,Delta Team,Member
Margaret Y. Jackson,155516240,3rd Year,20267241,Alpha Team,Leader
Timothy U. Jackson,155516241,3rd Year,20267242,Beta Team,Member
Steven Z. Moore,155516242,3rd Year,20267243,Gamma Team,Analyst
Elizabeth S. Perez,155516243,3rd Year,20267244,Delta Team,Developer
Robert Z. Jackson,155516244,3rd Year,20267245,Alpha Team,Designer
Charles R. Smith,155516245,3rd Year,20267246,Beta Team,Coordinator
William K. Gonzalez,155516246,3rd Year,20267247,Gamma Team,Secretary
Christopher O. Wilson,155516247,3rd Year,20267248,Delta Team,Treasurer
Michael C. Johnson,155516248,3rd Year,20267249,Alpha Team,Vice-Leader
Kenneth Z. Lee,155516249,3rd Year,20267250,Beta Team,Member
James G. White,155516250,3rd Year,20267251,Gamma Team,Leader
Paul J. Sen,155516251,3rd Year,20267252,Delta Team,Member
Carol Z. Martinez,155516252,3rd Year,20267253,Alpha Team,Analyst
Riya O. Clark,155516253,3rd Year,20267254,Beta Team,Developer
Kabir Q. Jackson,155516254,3rd Year,20267255,Gamma Team,Designer
Kevin Y. Kapoor,155516255,3rd Year,20267256,Delta Team,Coordinator
Susan T. Sanchez,155516256,3rd Year,20267257,Alpha Team,Secretary
Riya L. Clark,155516257,3rd Year,20267258,Beta Team,Treasurer
Vihaan E. Lopez,155516258,3rd Year,20267259,Gamma Team,Vice-Leader
Nancy V. Brown,155516259,3rd Year,20267260,Delta Team,Member
Deborah S. Harris,155516260,3rd Year,20267261,Alpha Team,Leader
Mark Z. Jones,155516261,3rd Year,20267262,Beta Team,Member
Kimberly X. Robinson,155516262,3rd Year,20267263,Gamma Team,Analyst
Robert I. Anderson,155516263,3rd Year,20267264,Delta Team,Developer
Margaret S. Sanchez,155516264,3rd Year,20267265,Alpha Team,Designer
Margaret R. Kapoor,155516265,3rd Year,20267266,Beta Team,Coordinator
Elizabeth U. Thompson,155516266,3rd Year,20267267,Gamma Team,Secretary
Christopher G. Thompson,155516267,3rd Year,20267268,Delta Team,Treasurer
Sarah K. Reddy,155516268,3rd Year,20267269,Alpha Team,Vice-Leader
Mark Y. Harris,155516269,3rd Year,20267270,Beta Team,Member
Christopher U. Miller,155516270,3rd Year,20267271,Gamma Team,Leader
Charles A. Patel,155516271,3rd Year,20267272,Delta Team,Member
Daniel Y. Rodriguez,155516272,3rd Year,20267273,Alpha Team,Analyst
Mark D. Davis,155516273,3rd Year,20267274,Beta Team,Developer
Brian V. Martin,155516274,3rd Year,20267275,Gamma Team,Designer
Robert I. Ramirez,155516275,3rd Year,20267276,Delta Team,Coordinator
Sandra G. Lewis,155516276,3rd Year,20267277,Alpha Team,Secretary
William M. Smith,155516277,3rd Year,20267278,Beta Team,Treasurer
William K. Sharma,155516278,3rd Year,20267279,Gamma Team,Vice-Leader
Vihaan Z. Wilson,155516279,3rd Year,20267280,Delta Team,Member
Joseph C. White,155516280,3rd Year,20267281,Alpha Team,Leader
Karen F. Harris,155516281,3rd Year,20267282,Beta Team,Member
Daniel G. Lopez,155516282,3rd Year,20267283,Gamma Team,Analyst
Jessica N. Smith,155516283,3rd Year,20267284,Delta Team,Developer
Sandra Q. Lewis,155516284,3rd Year,20267285,Alpha Team,Designer
Karen Z. Hernandez,155516285,3rd Year,20267286,Beta Team,Coordinator
Kabir G. Ramirez,155516286,3rd Year,20267287,Gamma Team,Secretary
Anthony X. Robinson,155516287,3rd Year,20267288,Delta Team,Treasurer
Brian W. Hernandez,155516288,3rd Year,20267289,Alpha Team,Vice-Leader
Kabir U. Kapoor,155516289,3rd Year,20267290,Beta Team,Member
Barbara P. Robinson,155516290,3rd Year,20267291,Gamma Team,Leader
Emily R. Smith,155516291,3rd Year,20267292,Delta Team,Member
Anthony J. Patel,155516292,3rd Year,20267293,Alpha Team,Analyst
Dev Y. Joshi,155516293,3rd Year,20267294,Beta Team,Developer
Mark E. Harris,155516294,3rd Year,20267295,Gamma Team,Designer
Paul O. Clark,155516295,3rd Year,20267296,Delta Team,Coordinator
Timothy Z. Harris,155516296,3rd Year,20267297,Alpha Team,Secretary
Michelle K. Thomas,155516297,3rd Year,20267298,Beta Team,Treasurer
Jennifer E. Thomas,155516298,3rd Year,20267299,Gamma Team,Vice-Leader
Andrew F. Johnson,155516299,3rd Year,20267300,Delta Team,Member
Patricia D. Gonzalez,155516300,3rd Year,20267301,Alpha Team,Leader
Christopher S. Sanchez,155516301,3rd Year,20267302,Beta Team,Member
Melissa P. Smith,155516302,3rd Year,20267303,Gamma Team,Analyst
Deborah I. Sanchez,155516303,3rd Year,20267304,Delta Team,Developer
Richard P. Perez,155516304,3rd Year,20267305,Alpha Team,Designer
William U. Rao,155516305,3rd Year,20267306,Beta Team,Coordinator
Linda W. Johnson,155516306,3rd Year,20267307,Gamma Team,Secretary
Ronald Z. Joshi,155516307,3rd Year,20267308,Delta Team,Treasurer
Carol R. Harris,155516308,3rd Year,20267309,Alpha Team,Vice-Leader
John P. Rodriguez,155516309,3rd Year,20267310,Beta Team,Member
Emily G. Nair,155516310,3rd Year,20267311,Gamma Team,Leader
Thomas Z. Wilson,155516311,3rd Year,20267312,Delta Team,Member
Sarah J. Rodriguez,155516312,3rd Year,20267313,Alpha Team,Analyst
Jennifer G. Garcia,155516313,3rd Year,20267314,Beta Team,Developer
Meera S. Jones,155516314,3rd Year,20267315,Gamma Team,Designer
Michelle W. Martin,155516315,3rd Year,20267316,Delta Team,Coordinator
Amanda T. Anderson,155516316,3rd Year,20267317,Alpha Team,Secretary
Melissa J. Smith,155516317,3rd Year,20267318,Beta Team,Treasurer
Mark S. Taylor,155516318,3rd Year,20267319,Gamma Team,Vice-Leader
Kimberly P. Sanchez,155516319,3rd Year,20267320,Delta Team,Member
Charles Z. Robinson,155516320,3rd Year,20267321,Alpha Team,Leader
Barbara T. Mehta,155516321,3rd Year,20267322,Beta Team,Member
Thomas K. Rodriguez,155516322,3rd Year,20267323,Gamma Team,Analyst
Thomas G. Lewis,155516323,3rd Year,20267324,Delta Team,Developer
Andrew U. Williams,155516324,3rd Year,20267325,Alpha Team,Designer
David J. Patel,155516325,3rd Year,20267326,Beta Team,Coordinator
Sarah E. Lewis,155516326,3rd Year,20267327,Gamma Team,Secretary
Steven X. Sharma,155516327,3rd Year,20267328,Delta Team,Treasurer
Sai A. Robinson,155516328,3rd Year,20267329,Alpha Team,Vice-Leader
Anthony C. Sharma,155516329,3rd Year,20267330,Beta Team,Member
Aarav W. Lewis,155516330,3rd Year,20267331,Gamma Team,Leader
Elizabeth W. Miller,155516331,3rd Year,20267332,Delta Team,Member
Kabir B. Martin,155516332,3rd Year,20267333,Alpha Team,Analyst
Donald B. Jones,155516333,3rd Year,20267334,Beta Team,Developer
David A. Harris,155516334,3rd Year,20267335,Gamma Team,Designer
Mary B. Sharma,155516335,3rd Year,20267336,Delta Team,Coordinator
Elizabeth Q. Miller,155516336,3rd Year,20267337,Alpha Team,Secretary
Dev P. Thomas,155516337,3rd Year,20267338,Beta Team,Treasurer
Dev A. Joshi,155516338,3rd Year,20267339,Gamma Team,Vice-Leader
John I. Nair,155516339,3rd Year,20267340,Delta Team,Member
Andrew W. Anderson,155516340,3rd Year,20267341,Alpha Team,Leader
Jessica G. Ramirez,155516341,3rd Year,20267342,Beta Team,Member
Vihaan P. Patel,155516342,3rd Year,20267343,Gamma Team,Analyst
Jessica K. Hernandez,155516343,3rd Year,20267344,Delta Team,Developer
Meera T. Garcia,155516344,3rd Year,20267345,Alpha Team,Designer
Zara G. Harris,155516345,3rd Year,20267346,Beta Team,Coordinator
Charles F. Mehta,155516346,3rd Year,20267347,Gamma Team,Secretary
Kabir J. Rao,155516347,3rd Year,20267348,Delta Team,Treasurer
Susan H. Sanchez,155516348,3rd Year,20267349,Alpha Team,Vice-Leader
Linda B. Rodriguez,155516349,3rd Year,20267350,Beta Team,Member
Sandra R. Moore,155516350,3rd Year,20267351,Gamma Team,Leader
Elizabeth O. Harris,155516351,3rd Year,20267352,Delta Team,Member
Linda K. Gonzalez,155516352,3rd Year,20267353,Alpha Team,Analyst
Elizabeth T. Martinez,155516353,3rd Year,20267354,Beta Team,Developer
Daniel U. Brown,155516354,3rd Year,20267355,Gamma Team,Designer
Ronald B. Sen,155516355,3rd Year,20267356,Delta Team,Coordinator
Robert Y. Jackson,155516356,3rd Year,20267357,Alpha Team,Secretary
John K. Taylor,155516357,3rd Year,20267358,Beta Team,Treasurer
Donna F. Martinez,155516358,3rd Year,20267359,Gamma Team,Vice-Leader
Joseph U. Sanchez,155516359,3rd Year,20267360,Delta Team,Member
John J. Garcia,155516360,3rd Year,20267361,Alpha Team,Leader
Kenneth E. Thompson,155516361,3rd Year,20267362,Beta Team,Member
Daniel C. Reddy,155516362,3rd Year,20267363,Gamma Team,Analyst
Karen N. White,155516363,3rd Year,20267364,Delta Team,Developer
David I. White,155516364,3rd Year,20267365,Alpha Team,Designer
Donna M. Garcia,155516365,3rd Year,20267366,Beta Team,Coordinator
Carol O. Jones,155516366,3rd Year,20267367,Gamma Team,Secretary
Thomas V. Garcia,155516367,3rd Year,20267368,Delta Team,Treasurer
Jennifer T. Williams,155516368,3rd Year,20267369,Alpha Team,Vice-Leader
Timothy Q. Patel,155516369,3rd Year,20267370,Beta Team,Member
Patricia N. Mehta,155516370,3rd Year,20267371,Gamma Team,Leader
Aarav H. Joshi,155516371,3rd Year,20267372,Delta Team,Member
Donald F. Rodriguez,155516372,3rd Year,20267373,Alpha Team,Analyst
Isha W. Jones,155516373,3rd Year,20267374,Beta Team,Developer
Jennifer J. Thomas,155516374,3rd Year,20267375,Gamma Team,Designer
Nancy C. Harris,155516375,3rd Year,20267376,Delta Team,Coordinator
Sai D. Rao,155516376,3rd Year,20267377,Alpha Team,Secretary
Melissa W. Johnson,155516377,3rd Year,20267378,Beta Team,Treasurer
Carol Y. Wilson,155516378,3rd Year,20267379,Gamma Team,Vice-Leader
John W. White,155516379,3rd Year,20267380,Delta Team,Member
Mary U. Martinez,155516380,3rd Year,20267381,Alpha Team,Leader
Donald X. Rodriguez,155516381,3rd Year,20267382,Beta Team,Member
Donald O. Nair,155516382,3rd Year,20267383,Gamma Team,Analyst
Jessica Z. Mehta,155516383,3rd Year,20267384,Delta Team,Developer
Joseph S. Lewis,155516384,3rd Year,20267385,Alpha Team,Designer
Sandra V. Garcia,155516385,3rd Year,20267386,Beta Team,Coordinator
Mary N. Williams,155516386,3rd Year,20267387,Gamma Team,Secretary
Daniel T. Clark,155516387,3rd Year,20267388,Delta Team,Treasurer
Carol Y. Moore,155516388,3rd Year,20267389,Alpha Team,Vice-Leader
Patricia V. Hernandez,155516389,3rd Year,20267390,Beta Team,Member
Linda H. Thomas,155516390,3rd Year,20267391,Gamma Team,Leader
Joseph Z. Martinez,155516391,3rd Year,20267392,Delta Team,Member
William B. Jones,155516392,3rd Year,20267393,Alpha Team,Analyst
James B. Sanchez,155516393,3rd Year,20267394,Beta Team,Developer
Richard B. Rodriguez,155516394,3rd Year,20267395,Gamma Team,Designer
Ashley E. Lee,155516395,3rd Year,20267396,Delta Team,Coordinator
Michelle I. Kapoor,155516396,3rd Year,20267397,Alpha Team,Secretary
Ronald X. Williams,155516397,3rd Year,20267398,Beta Team,Treasurer
Dev Z. Garcia,155516398,3rd Year,20267399,Gamma Team,Vice-Leader
Thomas B. Hernandez,155516399,3rd Year,20267400,Delta Team,Member
Betty Y. Hernandez,155516400,3rd Year,20267401,Alpha Team,Leader
Melissa H. Brown,155516401,3rd Year,20267402,Beta Team,Member
Kevin W. Sharma,155516402,3rd Year,20267403,Gamma Team,Analyst
Paul C. Johnson,155516403,3rd Year,20267404,Delta Team,Developer
Robert T. Kapoor,155516404,3rd Year,20267405,Alpha Team,Designer
James G. Jones,155516405,3rd Year,20267406,Beta Team,Coordinator
Betty J. Thompson,155516406,3rd Year,20267407,Gamma Team,Secretary
Charles Z. Jones,155516407,3rd Year,20267408,Delta Team,Treasurer
Kevin G. Martinez,155516408,3rd Year,20267409,Alpha Team,Vice-Leader
Michael Y. Iyer,155516409,3rd Year,20267410,Beta Team,Member
Brian F. Thomas,155516410,3rd Year,20267411,Gamma Team,Leader
Christopher O. Lopez,155516411,3rd Year,20267412,Delta Team,Member
Kenneth V. Martin,155516412,3rd Year,20267413,Alpha Team,Analyst
Nancy L. Johnson,155516413,3rd Year,20267414,Beta Team,Developer
Donald Q. Taylor,155516414,3rd Year,20267415,Gamma Team,Designer
Zara F. Smith,155516415,3rd Year,20267416,Delta Team,Coordinator
Mary K. Jackson,155516416,3rd Year,20267417,Alpha Team,Secretary
Karen B. Anderson,155516417,3rd Year,20267418,Beta Team,Treasurer
Mark E. Martin,155516418,3rd Year,20267419,Gamma Team,Vice-Leader
William B. Williams,155516419,3rd Year,20267420,Delta Team,Member
David H. Rao,155516420,3rd Year,20267421,Alpha Team,Leader
Karen W. Sen,155516421,3rd Year,20267422,Beta Team,Member
Ananya Y. Moore,155516422,3rd Year,20267423,Gamma Team,Analyst
Linda V. Lopez,155516423,3rd Year,20267424,Delta Team,Developer
Susan M. Kapoor,155516424,3rd Year,20267425,Alpha Team,Designer
Donna B. Hernandez,155516425,3rd Year,20267426,Beta Team,Coordinator
Margaret I. Harris,155516426,3rd Year,20267427,Gamma Team,Secretary
Anthony G. Brown,155516427,3rd Year,20267428,Delta Team,Treasurer
Donna U. Brown,155516428,3rd Year,20267429,Alpha Team,Vice-Leader
Robert S. Martinez,155516429,3rd Year,20267430,Beta Team,Member
Jessica S. Lee,155516430,3rd Year,20267431,Gamma Team,Leader
James V. Lopez,155516431,3rd Year,20267432,Delta Team,Member
James S. Miller,155516432,3rd Year,20267433,Alpha Team,Analyst
Kevin I. Perez,155516433,3rd Year,20267434,Beta Team,Developer
Susan G. Perez,155516434,3rd Year,20267435,Gamma Team,Designer
Aarav J. Anderson,155516435,3rd Year,20267436,Delta Team,Coordinator
Linda B. Martinez,155516436,3rd Year,20267437,Alpha Team,Secretary
Betty N. Kapoor,155516437,3rd Year,20267438,Beta Team,Treasurer
Thomas C. Sharma,155516438,3rd Year,20267439,Gamma Team,Vice-Leader
Zara S. Ramirez,155516439,3rd Year,20267440,Delta Team,Member
Daniel J. Brown,155516440,3rd Year,20267441,Alpha Team,Leader
Steven V. Brown,155516441,3rd Year,20267442,Beta Team,Member
Paul H. Moore,155516442,3rd Year,20267443,Gamma Team,Analyst
James R. Rao,155516443,3rd Year,20267444,Delta Team,Developer
Daniel U. Wilson,155516444,3rd Year,20267445,Alpha Team,Designer
Paul Q. Rodriguez,155516445,3rd Year,20267446,Beta Team,Coordinator
Margaret U. Jones,155516446,3rd Year,20267447,Gamma Team,Secretary
Donna E. Jackson,155516447,3rd Year,20267448,Delta Team,Treasurer
Michael P. Jones,155516448,3rd Year,20267449,Alpha Team,Vice-Leader
Sai O. Thompson,155516449,3rd Year,20267450,Beta Team,Member
Matthew U. Lewis,155516450,3rd Year,20267451,Gamma Team,Leader
David G. Lee,155516451,3rd Year,20267452,Delta Team,Member
Lisa R. Moore,155516452,3rd Year,20267453,Alpha Team,Analyst
Michael G. Harris,155516453,3rd Year,20267454,Beta Team,Developer
Paul I. Williams,155516454,3rd Year,20267455,Gamma Team,Designer
Joshua G. Rodriguez,155516455,3rd Year,20267456,Delta Team,Coordinator
James R. Nair,155516456,3rd Year,20267457,Alpha Team,Secretary
Betty S. Clark,155516457,3rd Year,20267458,Beta Team,Treasurer
Aarav S. Perez,155516458,3rd Year,20267459,Gamma Team,Vice-Leader
Paul P. Mehta,155516459,3rd Year,20267460,Delta Team,Member
Zara V. Patel,155516460,3rd Year,20267461,Alpha Team,Leader
Ananya R. White,155516461,3rd Year,20267462,Beta Team,Member
Vihaan L. Nair,155516462,3rd Year,20267463,Gamma Team,Analyst
Patricia S. Kapoor,155516463,3rd Year,20267464,Delta Team,Developer
Deborah W. Jones,155516464,3rd Year,20267465,Alpha Team,Designer
James H. Ramirez,155516465,3rd Year,20267466,Beta Team,Coordinator
Nancy V. Joshi,155516466,3rd Year,20267467,Gamma Team,Secretary
Joshua F. Rao,155516467,3rd Year,20267468,Delta Team,Treasurer
Melissa U. Rao,155516468,3rd Year,20267469,Alpha Team,Vice-Leader
Meera P. Garcia,155516469,3rd Year,20267470,Beta Team,Member
Steven I. Wilson,155516470,3rd Year,20267471,Gamma Team,Leader
Charles G. Sharma,155516471,3rd Year,20267472,Delta Team,Member
Ananya M. Taylor,155516472,3rd Year,20267473,Alpha Team,Analyst
Meera L. Sen,155516473,3rd Year,20267474,Beta Team,Developer
Robert M. Sharma,155516474,3rd Year,20267475,Gamma Team,Designer
Anthony H. Ramirez,155516475,3rd Year,20267476,Delta Team,Coordinator
Matthew T. Sharma,155516476,3rd Year,20267477,Alpha Team,Secretary
Nancy X. White,155516477,3rd Year,20267478,Beta Team,Treasurer
Zara W. Perez,155516478,3rd Year,20267479,Gamma Team,Vice-Leader
Richard L. Moore,155516479,3rd Year,20267480,Delta Team,Member
Ronald A. Harris,155516480,3rd Year,20267481,Alpha Team,Leader
Daniel M. Wilson,155516481,3rd Year,20267482,Beta Team,Member
Jessica O. Ramirez,155516482,3rd Year,20267483,Gamma Team,Analyst
Sarah H. Martinez,155516483,3rd Year,20267484,Delta Team,Developer
Kabir J. Lewis,155516484,3rd Year,20267485,Alpha Team,Designer
Richard E. Mehta,155516485,3rd Year,20267486,Beta Team,Coordinator
Emily U. Iyer,155516486,3rd Year,20267487,Gamma Team,Secretary
Richard U. Jackson,155516487,3rd Year,20267488,Delta Team,Treasurer
Margaret Q. Martinez,155516488,3rd Year,20267489,Alpha Team,Vice-Leader
Jessica J. Iyer,155516489,3rd Year,20267490,Beta Team,Member
Barbara R. Martinez,155516490,3rd Year,20267491,Gamma Team,Leader
Steven P. Sen,155516491,3rd Year,20267492,Delta Team,Member
Susan F. Kapoor,155516492,3rd Year,20267493,Alpha Team,Analyst
Sandra I. Johnson,155516493,3rd Year,20267494,Beta Team,Developer
Isha K. Martin,155516494,3rd Year,20267495,Gamma Team,Designer
David E. Mehta,155516495,3rd Year,20267496,Delta Team,Coordinator
Susan C. Rodriguez,155516496,3rd Year,20267497,Alpha Team,Secretary
Anthony V. Lopez,155516497,3rd Year,20267498,Beta Team,Treasurer
Ananya T. Hernandez,155516498,3rd Year,20267499,Gamma Team,Vice-Leader
Kevin Y. Perez,155516499,3rd Year,20267500,Delta Team,Member
Karen L. Jones,155516500,3rd Year,20267501,Alpha Team,Leader
Dorothy A. White,155516501,3rd Year,20267502,Beta Team,Member
Nancy I. Anderson,155516502,3rd Year,20267503,Gamma Team,Analyst
Meera E. Martinez,155516503,3rd Year,20267504,Delta Team,Developer
Michelle F. Iyer,155516504,3rd Year,20267505,Alpha Team,Designer
Kimberly V. Wilson,155516505,3rd Year,20267506,Beta Team,Coordinator
Timothy Q. Moore,155516506,3rd Year,20267507,Gamma Team,Secretary
Jennifer W. Garcia,155516507,3rd Year,20267508,Delta Team,Treasurer
Sarah K. Clark,155516508,3rd Year,20267509,Alpha Team,Vice-Leader
Zara R. Moore,155516509,3rd Year,20267510,Beta Team,Member
Zara D. Rao,155516510,3rd Year,20267511,Gamma Team,Leader
Isha H. Reddy,155516511,3rd Year,20267512,Delta Team,Member
John G. Moore,155516512,3rd Year,20267513,Alpha Team,Analyst
Sandra J. Garcia,155516513,3rd Year,20267514,Beta Team,Developer
Kevin M. Lopez,155516514,3rd Year,20267515,Gamma Team,Designer
Andrew I. Jones,155516515,3rd Year,20267516,Delta Team,Coordinator
Barbara X. Sharma,155516516,3rd Year,20267517,Alpha Team,Secretary
Patricia Z. Hernandez,155516517,3rd Year,20267518,Beta Team,Treasurer
Jennifer P. Rodriguez,155516518,3rd Year,20267519,Gamma Team,Vice-Leader
Daniel S. Thomas,155516519,3rd Year,20267520,Delta Team,Member
Patricia B. Reddy,155516520,3rd Year,20267521,Alpha Team,Leader
Donald Y. Martinez,155516521,3rd Year,20267522,Beta Team,Member
Meera T. Jackson,155516522,3rd Year,20267523,Gamma Team,Analyst
Kimberly H. Lopez,155516523,3rd Year,20267524,Delta Team,Developer
Aarav K. Rodriguez,155516524,3rd Year,20267525,Alpha Team,Designer
Susan R. Martinez,155516525,3rd Year,20267526,Beta Team,Coordinator
Steven U. Mehta,155516526,3rd Year,20267527,Gamma Team,Secretary
Lisa V. Gonzalez,155516527,3rd Year,20267528,Delta Team,Treasurer
Amanda E. Hernandez,155516528,3rd Year,20267529,Alpha Team,Vice-Leader
Deborah F. Joshi,155516529,3rd Year,20267530,Beta Team,Member
Ananya M. Rodriguez,155516530,3rd Year,20267531,Gamma Team,Leader
Linda U. Perez,155516531,3rd Year,20267532,Delta Team,Member
Michael W. Mehta,155516532,3rd Year,20267533,Alpha Team,Analyst
Mary Y. Martin,155516533,3rd Year,20267534,Beta Team,Developer
Melissa M. Williams,155516534,3rd Year,20267535,Gamma Team,Designer
Richard J. Gonzalez,155516535,3rd Year,20267536,Delta Team,Coordinator
Thomas T. Davis,155516536,3rd Year,20267537,Alpha Team,Secretary
Barbara X. Lee,155516537,3rd Year,20267538,Beta Team,Treasurer
Nancy Z. Taylor,155516538,3rd Year,20267539,Gamma Team,Vice-Leader
Meera V. Sanchez,155516539,3rd Year,20267540,Delta Team,Member
Karen G. Reddy,155516540,3rd Year,20267541,Alpha Team,Leader
David X. Martinez,155516541,3rd Year,20267542,Beta Team,Member
Brian P. Lewis,155516542,3rd Year,20267543,Gamma Team,Analyst
Ananya Q. Taylor,155516543,3rd Year,20267544,Delta Team,Developer
Barbara D. Davis,155516544,3rd Year,20267545,Alpha Team,Designer
Dorothy R. White,155516545,3rd Year,20267546,Beta Team,Coordinator
Thomas H. Sen,155516546,3rd Year,20267547,Gamma Team,Secretary
Meera Q. Perez,155516547,3rd Year,20267548,Delta Team,Treasurer
Donna D. Martinez,155516548,3rd Year,20267549,Alpha Team,Vice-Leader
Robert Y. Williams,155516549,3rd Year,20267550,Beta Team,Member
Nancy O. Thomas,155516550,3rd Year,20267551,Gamma Team,Leader
Donald C. Wilson,155516551,3rd Year,20267552,Delta Team,Member
Paul S. Williams,155516552,3rd Year,20267553,Alpha Team,Analyst
Kenneth R. Jones,155516553,3rd Year,20267554,Beta Team,Developer
David F. Perez,155516554,3rd Year,20267555,Gamma Team,Designer
Zara A. Jackson,155516555,3rd Year,20267556,Delta Team,Coordinator
Susan O. Nair,155516556,3rd Year,20267557,Alpha Team,Secretary
Donna Q. Anderson,155516557,3rd Year,20267558,Beta Team,Treasurer
Amanda S. Wilson,155516558,3rd Year,20267559,Gamma Team,Vice-Leader
Jennifer O. Iyer,155516559,3rd Year,20267560,Delta Team,Member
Donna I. Rodriguez,155516560,3rd Year,20267561,Alpha Team,Leader
Linda Z. Gonzalez,155516561,3rd Year,20267562,Beta Team,Member
Sandra P. Mehta,155516562,3rd Year,20267563,Gamma Team,Analyst
Michelle P. Lee,155516563,3rd Year,20267564,Delta Team,Developer
Kabir J. Reddy,155516564,3rd Year,20267565,Alpha Team,Designer
Deborah H. Sharma,155516565,3rd Year,20267566,Beta Team,Coordinator
Anthony B. Patel,155516566,3rd Year,20267567,Gamma Team,Secretary
Sarah G. Robinson,155516567,3rd Year,20267568,Delta Team,Treasurer
Jennifer K. Patel,155516568,3rd Year,20267569,Alpha Team,Vice-Leader
Joshua V. Kapoor,155516569,3rd Year,20267570,Beta Team,Member
Aarav S. Nair,155516570,3rd Year,20267571,Gamma Team,Leader
Carol E. Miller,155516571,3rd Year,20267572,Delta Team,Member
Deborah V. Sanchez,155516572,3rd Year,20267573,Alpha Team,Analyst
Andrew T. Hernandez,155516573,3rd Year,20267574,Beta Team,Developer
Amanda F. Brown,155516574,3rd Year,20267575,Gamma Team,Designer
David V. Sanchez,155516575,3rd Year,20267576,Delta Team,Coordinator
Mary A. Johnson,155516576,3rd Year,20267577,Alpha Team,Secretary
Michael X. Hernandez,155516577,3rd Year,20267578,Beta Team,Treasurer
Amanda W. Moore,155516578,3rd Year,20267579,Gamma Team,Vice-Leader
Barbara F. Smith,155516579,3rd Year,20267580,Delta Team,Member
Joseph Q. Perez,155516580,3rd Year,20267581,Alpha Team,Leader
Mark N. Anderson,155516581,3rd Year,20267582,Beta Team,Member
Christopher H. Wilson,155516582,3rd Year,20267583,Gamma Team,Analyst
Matthew G. Thompson,155516583,3rd Year,20267584,Delta Team,Developer
Brian S. Perez,155516584,3rd Year,20267585,Alpha Team,Designer
Mary K. Patel,155516585,3rd Year,20267586,Beta Team,Coordinator
Daniel Q. Moore,155516586,3rd Year,20267587,Gamma Team,Secretary
Matthew S. Lopez,155516587,3rd Year,20267588,Delta Team,Treasurer
Charles V. Moore,155516588,3rd Year,20267589,Alpha Team,Vice-Leader
Lisa J. Taylor,155516589,3rd Year,20267590,Beta Team,Member
Elizabeth K. Gonzalez,155516590,3rd Year,20267591,Gamma Team,Leader
Elizabeth U. Joshi,155516591,3rd Year,20267592,Delta Team,Member
Betty U. Lee,155516592,3rd Year,20267593,Alpha Team,Analyst
Susan Q. Kapoor,155516593,3rd Year,20267594,Beta Team,Developer
Susan K. Anderson,155516594,3rd Year,20267595,Gamma Team,Designer
Linda O. Hernandez,155516595,3rd Year,20267596,Delta Team,Coordinator
Paul V. Anderson,155516596,3rd Year,20267597,Alpha Team,Secretary
Steven I. Kapoor,155516597,3rd Year,20267598,Beta Team,Treasurer
Sai R. Moore,155516598,3rd Year,20267599,Gamma Team,Vice-Leader
Meera H. Miller,155516599,3rd Year,20267600,Delta Team,Member
Dev G. Thomas,155516600,3rd Year,20267601,Alpha Team,Leader
Susan N. Martin,155516601,3rd Year,20267602,Beta Team,Member
Daniel J. Clark,155516602,3rd Year,20267603,Gamma Team,Analyst
Margaret Y. Robinson,155516603,3rd Year,20267604,Delta Team,Developer
Daniel M. Rodriguez,155516604,3rd Year,20267605,Alpha Team,Designer
Ananya H. Rodriguez,155516605,3rd Year,20267606,Beta Team,Coordinator
Brian U. Brown,155516606,3rd Year,20267607,Gamma Team,Secretary
Matthew B. Johnson,155516607,3rd Year,20267608,Delta Team,Treasurer
Melissa R. Williams,155516608,3rd Year,20267609,Alpha Team,Vice-Leader
Joshua A. Patel,155516609,3rd Year,20267610,Beta Team,Member
Christopher P. Johnson,155516610,3rd Year,20267611,Gamma Team,Leader
Elizabeth X. Nair,155516611,3rd Year,20267612,Delta Team,Member
Ashley Y. Davis,155516612,3rd Year,20267613,Alpha Team,Analyst
Jennifer L. Martin,155516613,3rd Year,20267614,Beta Team,Developer
Ashley S. Wilson,155516614,3rd Year,20267615,Gamma Team,Designer
Linda Y. Sen,155516615,3rd Year,20267616,Delta Team,Coordinator
Melissa T. Kapoor,155516616,3rd Year,20267617,Alpha Team,Secretary
Brian E. Sharma,155516617,3rd Year,20267618,Beta Team,Treasurer
Kenneth E. Robinson,155516618,3rd Year,20267619,Gamma Team,Vice-Leader
Emily R. Taylor,155516619,3rd Year,20267620,Delta Team,Member
Lisa M. Kapoor,155516620,3rd Year,20267621,Alpha Team,Leader
Steven G. Thomas,155516621,3rd Year,20267622,Beta Team,Member
Matthew W. Smith,155516622,3rd Year,20267623,Gamma Team,Analyst
Kimberly Q. Lewis,155516623,3rd Year,20267624,Delta Team,Developer
Zara W. Lee,155516624,3rd Year,20267625,Alpha Team,Designer
Joseph N. Martin,155516625,3rd Year,20267626,Beta Team,Coordinator
Michael M. Johnson,155516626,3rd Year,20267627,Gamma Team,Secretary
Jessica S. Johnson,155516627,3rd Year,20267628,Delta Team,Treasurer
Dorothy J. Rao,155516628,3rd Year,20267629,Alpha Team,Vice-Leader
Dev W. Davis,155516629,3rd Year,20267630,Beta Team,Member
Susan O. Gonzalez,155516630,3rd Year,20267631,Gamma Team,Leader
Deborah D. Gonzalez,155516631,3rd Year,20267632,Delta Team,Member
Meera M. Miller,155516632,3rd Year,20267633,Alpha Team,Analyst
Deborah O. Lewis,155516633,3rd Year,20267634,Beta Team,Developer
Paul T. Sen,155516634,3rd Year,20267635,Gamma Team,Designer
Vihaan D. Joshi,155516635,3rd Year,20267636,Delta Team,Coordinator
Jessica E. Clark,155516636,3rd Year,20267637,Alpha Team,Secretary
Barbara E. Thomas,155516637,3rd Year,20267638,Beta Team,Treasurer
Ronald A. Sanchez,155516638,3rd Year,20267639,Gamma Team,Vice-Leader
Zara X. Sanchez,155516639,3rd Year,20267640,Delta Team,Member
Nancy B. Reddy,155516640,3rd Year,20267641,Alpha Team,Leader
Thomas U. Gonzalez,155516641,3rd Year,20267642,Beta Team,Member
Kimberly P. Martin,155516642,3rd Year,20267643,Gamma Team,Analyst
Sandra H. Miller,155516643,3rd Year,20267644,Delta Team,Developer
Jennifer E. Rodriguez,155516644,3rd Year,20267645,Alpha Team,Designer
Nancy O. Reddy,155516645,3rd Year,20267646,Beta Team,Coordinator
Steven L. Davis,155516646,3rd Year,20267647,Gamma Team,Secretary
Lisa L. Miller,155516647,3rd Year,20267648,Delta Team,Treasurer
Charles S. Joshi,155516648,3rd Year,20267649,Alpha Team,Vice-Leader
Emily W. Lee,155516649,3rd Year,20267650,Beta Team,Member
Carol J. Reddy,155516650,3rd Year,20267651,Gamma Team,Leader
Amanda R. Ramirez,155516651,3rd Year,20267652,Delta Team,Member
Steven G. Miller,155516652,3rd Year,20267653,Alpha Team,Analyst
Margaret V. Mehta,155516653,3rd Year,20267654,Beta Team,Developer
Patricia L. Johnson,155516654,3rd Year,20267655,Gamma Team,Designer
Aarav C. Thomas,155516655,3rd Year,20267656,Delta Team,Coordinator
Thomas A. Thomas,155516656,3rd Year,20267657,Alpha Team,Secretary
Sarah C. Jones,155516657,3rd Year,20267658,Beta Team,Treasurer
Riya I. Perez,155516658,3rd Year,20267659,Gamma Team,Vice-Leader
Emily I. Perez,155516659,3rd Year,20267660,Delta Team,Member
Matthew X. Thompson,155516660,3rd Year,20267661,Alpha Team,Leader
Melissa X. Harris,155516661,3rd Year,20267662,Beta Team,Member
Steven O. Reddy,155516662,3rd Year,20267663,Gamma Team,Analyst
Karen Y. Lee,155516663,3rd Year,20267664,Delta Team,Developer
Richard C. Martin,155516664,3rd Year,20267665,Alpha Team,Designer
Steven Q. Sen,155516665,3rd Year,20267666,Beta Team,Coordinator
Paul T. Perez,155516666,3rd Year,20267667,Gamma Team,Secretary
Michelle G. Kapoor,155516667,3rd Year,20267668,Delta Team,Treasurer
Joshua V. Harris,155516668,3rd Year,20267669,Alpha Team,Vice-Leader
William F. Sanchez,155516669,3rd Year,20267670,Beta Team,Member
Linda D. Taylor,155516670,3rd Year,20267671,Gamma Team,Leader
Betty B. Nair,155516671,3rd Year,20267672,Delta Team,Member
Amanda G. Rodriguez,155516672,3rd Year,20267673,Alpha Team,Analyst
Zara X. Wilson,155516673,3rd Year,20267674,Beta Team,Developer
John B. Clark,155516674,3rd Year,20267675,Gamma Team,Designer
Kabir C. Davis,155516675,3rd Year,20267676,Delta Team,Coordinator
Michelle A. Rao,155516676,3rd Year,20267677,Alpha Team,Secretary
Lisa N. Johnson,155516677,3rd Year,20267678,Beta Team,Treasurer
Aarav X. Martinez,155516678,3rd Year,20267679,Gamma Team,Vice-Leader
Anthony A. Clark,155516679,3rd Year,20267680,Delta Team,Member
Linda S. Thomas,155516680,3rd Year,20267681,Alpha Team,Leader
Andrew T. Moore,155516681,3rd Year,20267682,Beta Team,Member
Daniel S. Rodriguez,155516682,3rd Year,20267683,Gamma Team,Analyst
Dev P. Martinez,155516683,3rd Year,20267684,Delta Team,Developer
Betty R. Jackson,155516684,3rd Year,20267685,Alpha Team,Designer
Melissa N. Nair,155516685,3rd Year,20267686,Beta Team,Coordinator
Kevin O. Martin,155516686,3rd Year,20267687,Gamma Team,Secretary
Robert I. Garcia,155516687,3rd Year,20267688,Delta Team,Treasurer
Brian M. Joshi,155516688,3rd Year,20267689,Alpha Team,Vice-Leader
Charles Q. Jackson,155516689,3rd Year,20267690,Beta Team,Member
Elizabeth K. Rao,155516690,3rd Year,20267691,Gamma Team,Leader
Andrew K. Martin,155516691,3rd Year,20267692,Delta Team,Member
Matthew G. Davis,155516692,3rd Year,20267693,Alpha Team,Analyst
Thomas F. Clark,155516693,3rd Year,20267694,Beta Team,Developer
Joseph G. Martin,155516694,3rd Year,20267695,Gamma Team,Designer
Ashley F. Joshi,155516695,3rd Year,20267696,Delta Team,Coordinator
Daniel M. Robinson,155516696,3rd Year,20267697,Alpha Team,Secretary
Barbara V. Lee,155516697,3rd Year,20267698,Beta Team,Treasurer
Michelle H. Reddy,155516698,3rd Year,20267699,Gamma Team,Vice-Leader
Linda M. White,155516699,3rd Year,20267700,Delta Team,Member
Sarah G. Sharma,155516700,3rd Year,20267701,Alpha Team,Leader
Carol E. Lopez,155516701,3rd Year,20267702,Beta Team,Member
James J. Williams,155516702,3rd Year,20267703,Gamma Team,Analyst
Joseph Z. Joshi,155516703,3rd Year,20267704,Delta Team,Developer
Timothy T. Jackson,155516704,3rd Year,20267705,Alpha Team,Designer
Sai C. White,155516705,3rd Year,20267706,Beta Team,Coordinator
Steven Z. Reddy,155516706,3rd Year,20267707,Gamma Team,Secretary
Elizabeth C. Johnson,155516707,3rd Year,20267708,Delta Team,Treasurer
Jennifer C. Davis,155516708,3rd Year,20267709,Alpha Team,Vice-Leader
Michael Y. Jones,155516709,3rd Year,20267710,Beta Team,Member
Daniel J. Moore,155516710,3rd Year,20267711,Gamma Team,Leader
Dev F. Iyer,155516711,3rd Year,20267712,Delta Team,Member
Donald T. Reddy,155516712,3rd Year,20267713,Alpha Team,Analyst
Susan S. Jackson,155516713,3rd Year,20267714,Beta Team,Developer
Ashley N. Jones,155516714,3rd Year,20267715,Gamma Team,Designer
David B. Joshi,155516715,3rd Year,20267716,Delta Team,Coordinator
Paul K. Garcia,155516716,3rd Year,20267717,Alpha Team,Secretary
Patricia A. Moore,155516717,3rd Year,20267718,Beta Team,Treasurer
Margaret B. Wilson,155516718,3rd Year,20267719,Gamma Team,Vice-Leader
Christopher N. Brown,155516719,3rd Year,20267720,Delta Team,Member
Zara S. Sanchez,155516720,3rd Year,20267721,Alpha Team,Leader
John B. Davis,155516721,3rd Year,20267722,Beta Team,Member
John H. Rao,155516722,3rd Year,20267723,Gamma Team,Analyst
Amanda P. Miller,155516723,3rd Year,20267724,Delta Team,Developer
Dorothy Z. Mehta,155516724,3rd Year,20267725,Alpha Team,Designer
James B. Robinson,155516725,3rd Year,20267726,Beta Team,Coordinator
Jennifer X. Lopez,155516726,3rd Year,20267727,Gamma Team,Secretary
Lisa L. Rodriguez,155516727,3rd Year,20267728,Delta Team,Treasurer
Zara Y. Mehta,155516728,3rd Year,20267729,Alpha Team,Vice-Leader
Nancy U. Johnson,155516729,3rd Year,20267730,Beta Team,Member
Christopher H. Rodriguez,155516730,3rd Year,20267731,Gamma Team,Leader
Vihaan Q. Robinson,155516731,3rd Year,20267732,Delta Team,Member
Charles Q. Johnson,155516732,3rd Year,20267733,Alpha Team,Analyst
Elizabeth J. Lopez,155516733,3rd Year,20267734,Beta Team,Developer
Mark J. Lee,155516734,3rd Year,20267735,Gamma Team,Designer
Barbara X. Garcia,155516735,3rd Year,20267736,Delta Team,Coordinator
Michelle P. Iyer,155516736,3rd Year,20267737,Alpha Team,Secretary
Meera N. Lewis,155516737,3rd Year,20267738,Beta Team,Treasurer
Mark H. Ramirez,155516738,3rd Year,20267739,Gamma Team,Vice-Leader
Thomas A. Wilson,155516739,3rd Year,20267740,Delta Team,Member
Vihaan D. Kapoor,155516740,3rd Year,20267741,Alpha Team,Leader
Jennifer H. Jones,155516741,3rd Year,20267742,Beta Team,Member
Kenneth D. Nair,155516742,3rd Year,20267743,Gamma Team,Analyst
Michelle P. Lewis,155516743,3rd Year,20267744,Delta Team,Developer
Christopher Z. White,155516744,3rd Year,20267745,Alpha Team,Designer
Anthony E. Martinez,155516745,3rd Year,20267746,Beta Team,Coordinator
Joshua F. Sharma,155516746,3rd Year,20267747,Gamma Team,Secretary
Aarav G. Jones,155516747,3rd Year,20267748,Delta Team,Treasurer
Dev S. Sanchez,155516748,3rd Year,20267749,Alpha Team,Vice-Leader
Barbara R. Harris,155516749,3rd Year,20267750,Beta Team,Member
Ashley C. Martinez,155516750,3rd Year,20267751,Gamma Team,Leader
David M. Smith,155516751,3rd Year,20267752,Delta Team,Member
Sandra T. Johnson,155516752,3rd Year,20267753,Alpha Team,Analyst
Mary I. Davis,155516753,3rd Year,20267754,Beta Team,Developer
Steven A. Hernandez,155516754,3rd Year,20267755,Gamma Team,Designer
Timothy D. Rao,155516755,3rd Year,20267756,Delta Team,Coordinator
Sarah K. Thomas,155516756,3rd Year,20267757,Alpha Team,Secretary
Kimberly K. Sharma,155516757,3rd Year,20267758,Beta Team,Treasurer
Steven L. Martin,155516758,3rd Year,20267759,Gamma Team,Vice-Leader
Jessica T. Wilson,155516759,3rd Year,20267760,Delta Team,Member
Michael A. Robinson,155516760,3rd Year,20267761,Alpha Team,Leader
Susan X. Perez,155516761,3rd Year,20267762,Beta Team,Member
Christopher Y. Lopez,155516762,3rd Year,20267763,Gamma Team,Analyst
Kenneth H. Martinez,155516763,3rd Year,20267764,Delta Team,Developer
Mary C. Hernandez,155516764,3rd Year,20267765,Alpha Team,Designer
Richard K. Iyer,155516765,3rd Year,20267766,Beta Team,Coordinator
Mark O. Martinez,155516766,3rd Year,20267767,Gamma Team,Secretary
David L. Anderson,155516767,3rd Year,20267768,Delta Team,Treasurer
Anthony B. Jones,155516768,3rd Year,20267769,Alpha Team,Vice-Leader
Betty H. Mehta,155516769,3rd Year,20267770,Beta Team,Member
David E. Robinson,155516770,3rd Year,20267771,Gamma Team,Leader
Melissa J. Thomas,155516771,3rd Year,20267772,Delta Team,Member
Nancy J. Brown,155516772,3rd Year,20267773,Alpha Team,Analyst
Brian B. Lopez,155516773,3rd Year,20267774,Beta Team,Developer
Brian H. Williams,155516774,3rd Year,20267775,Gamma Team,Designer
Thomas S. Jackson,155516775,3rd Year,20267776,Delta Team,Coordinator
Michael F. Ramirez,155516776,3rd Year,20267777,Alpha Team,Secretary
Paul L. Harris,155516777,3rd Year,20267778,Beta Team,Treasurer
Zara N. Ramirez,155516778,3rd Year,20267779,Gamma Team,Vice-Leader
Margaret R. Brown,155516779,3rd Year,20267780,Delta Team,Member
Vihaan F. Taylor,155516780,3rd Year,20267781,Alpha Team,Leader
Riya V. Clark,155516781,3rd Year,20267782,Beta Team,Member
James E. Sharma,155516782,3rd Year,20267783,Gamma Team,Analyst
David B. Jones,155516783,3rd Year,20267784,Delta Team,Developer
Amanda E. Rao,155516784,3rd Year,20267785,Alpha Team,Designer
Kimberly Q. Sanchez,155516785,3rd Year,20267786,Beta Team,Coordinator
Sandra A. Rodriguez,155516786,3rd Year,20267787,Gamma Team,Secretary
Barbara R. Wilson,155516787,3rd Year,20267788,Delta Team,Treasurer
Joseph A. Harris,155516788,3rd Year,20267789,Alpha Team,Vice-Leader
Barbara P. Iyer,155516789,3rd Year,20267790,Beta Team,Member
Karen U. Jones,155516790,3rd Year,20267791,Gamma Team,Leader
Lisa K. Rao,155516791,3rd Year,20267792,Delta Team,Member
Meera H. Rao,155516792,3rd Year,20267793,Alpha Team,Analyst
Carol A. Hernandez,155516793,3rd Year,20267794,Beta Team,Developer
Patricia R. Lee,155516794,3rd Year,20267795,Gamma Team,Designer
Kevin V. Clark,155516795,3rd Year,20267796,Delta Team,Coordinator
Donna R. Iyer,155516796,3rd Year,20267797,Alpha Team,Secretary
Robert O. Sharma,155516797,3rd Year,20267798,Beta Team,Treasurer
Betty F. Miller,155516798,3rd Year,20267799,Gamma Team,Vice-Leader
Joseph T. Brown,155516799,3rd Year,20267800,Delta Team,Member
Meera B. Nair,155516800,3rd Year,20267801,Alpha Team,Leader
Emily B. Lopez,155516801,3rd Year,20267802,Beta Team,Member
Mary R. Nair,155516802,3rd Year,20267803,Gamma Team,Analyst
Kenneth I. Brown,155516803,3rd Year,20267804,Delta Team,Developer
Meera U. Patel,155516804,3rd Year,20267805,Alpha Team,Designer
James Z. Mehta,155516805,3rd Year,20267806,Beta Team,Coordinator
Elizabeth Z. Nair,155516806,3rd Year,20267807,Gamma Team,Secretary
Mark P. Ramirez,155516807,3rd Year,20267808,Delta Team,Treasurer
Richard Y. Kapoor,155516808,3rd Year,20267809,Alpha Team,Vice-Leader
Nancy V. Rao,155516809,3rd Year,20267810,Beta Team,Member
Mary W. Brown,155516810,3rd Year,20267811,Gamma Team,Leader
Michelle B. White,155516811,3rd Year,20267812,Delta Team,Member
Mark Q. Rao,155516812,3rd Year,20267813,Alpha Team,Analyst
Richard N. Joshi,155516813,3rd Year,20267814,Beta Team,Developer
Steven V. Sen,155516814,3rd Year,20267815,Gamma Team,Designer
Anthony C. Lee,155516815,3rd Year,20267816,Delta Team,Coordinator
Barbara W. Lopez,155516816,3rd Year,20267817,Alpha Team,Secretary
Margaret U. Garcia,155516817,3rd Year,20267818,Beta Team,Treasurer
Barbara P. Jones,155516818,3rd Year,20267819,Gamma Team,Vice-Leader
Isha A. Mehta,155516819,3rd Year,20267820,Delta Team,Member
Brian A. Ramirez,155516820,3rd Year,20267821,Alpha Team,Leader
Andrew Z. Brown,155516821,3rd Year,20267822,Beta Team,Member
Susan W. Nair,155516822,3rd Year,20267823,Gamma Team,Analyst
Meera S. Ramirez,155516823,3rd Year,20267824,Delta Team,Developer
Sai K. Patel,155516824,3rd Year,20267825,Alpha Team,Designer
Sandra L. Nair,155516825,3rd Year,20267826,Beta Team,Coordinator
Anthony K. Thomas,155516826,3rd Year,20267827,Gamma Team,Secretary
Isha M. Lewis,155516827,3rd Year,20267828,Delta Team,Treasurer
Michael B. Johnson,155516828,3rd Year,20267829,Alpha Team,Vice-Leader
Joshua U. Ramirez,155516829,3rd Year,20267830,Beta Team,Member
Andrew E. Rodriguez,155516830,3rd Year,20267831,Gamma Team,Leader
Anthony W. Ramirez,155516831,3rd Year,20267832,Delta Team,Member
Emily B. Anderson,155516832,3rd Year,20267833,Alpha Team,Analyst
Linda S. Sanchez,155516833,3rd Year,20267834,Beta Team,Developer
James W. Jones,155516834,3rd Year,20267835,Gamma Team,Designer
Charles K. Sen,155516835,3rd Year,20267836,Delta Team,Coordinator
Margaret V. Clark,155516836,3rd Year,20267837,Alpha Team,Secretary
Dorothy O. Reddy,155516837,3rd Year,20267838,Beta Team,Treasurer
David E. Davis,155516838,3rd Year,20267839,Gamma Team,Vice-Leader
Kenneth X. Jones,155516839,3rd Year,20267840,Delta Team,Member
Emily T. Rodriguez,155516840,3rd Year,20267841,Alpha Team,Leader
Meera H. Patel,155516841,3rd Year,20267842,Beta Team,Member
Michael S. Sanchez,155516842,3rd Year,20267843,Gamma Team,Analyst
Dorothy Y. Iyer,155516843,3rd Year,20267844,Delta Team,Developer
Susan Z. Thompson,155516844,3rd Year,20267845,Alpha Team,Designer
Andrew W. Lee,155516845,3rd Year,20267846,Beta Team,Coordinator
Richard D. Miller,155516846,3rd Year,20267847,Gamma Team,Secretary
Nancy M. Jackson,155516847,3rd Year,20267848,Delta Team,Treasurer
Matthew T. Sen,155516848,3rd Year,20267849,Alpha Team,Vice-Leader
John F. Sen,155516849,3rd Year,20267850,Beta Team,Member
Robert Z. Lee,155516850,3rd Year,20267851,Gamma Team,Leader
Sandra F. Hernandez,155516851,3rd Year,20267852,Delta Team,Member
John A. Rodriguez,155516852,3rd Year,20267853,Alpha Team,Analyst
Andrew O. Wilson,155516853,3rd Year,20267854,Beta Team,Developer
Isha F. Taylor,155516854,3rd Year,20267855,Gamma Team,Designer
Sandra V. Kapoor,155516855,3rd Year,20267856,Delta Team,Coordinator
Richard C. Moore,155516856,3rd Year,20267857,Alpha Team,Secretary
Ronald P. Ramirez,155516857,3rd Year,20267858,Beta Team,Treasurer
Joshua Z. Davis,155516858,3rd Year,20267859,Gamma Team,Vice-Leader
Emily L. Clark,155516859,3rd Year,20267860,Delta Team,Member
Dorothy D. Taylor,155516860,3rd Year,20267861,Alpha Team,Leader
Joshua C. Martin,155516861,3rd Year,20267862,Beta Team,Member
Sarah G. Mehta,155516862,3rd Year,20267863,Gamma Team,Analyst
Deborah T. Nair,155516863,3rd Year,20267864,Delta Team,Developer
Emily V. Robinson,155516864,3rd Year,20267865,Alpha Team,Designer
Margaret N. Smith,155516865,3rd Year,20267866,Beta Team,Coordinator
Ronald Y. Patel,155516866,3rd Year,20267867,Gamma Team,Secretary
Amanda I. Sanchez,155516867,3rd Year,20267868,Delta Team,Treasurer
Sandra Z. Lee,155516868,3rd Year,20267869,Alpha Team,Vice-Leader
Aarav P. Lewis,155516869,3rd Year,20267870,Beta Team,Member
William Z. Miller,155516870,3rd Year,20267871,Gamma Team,Leader
Vihaan C. Gonzalez,155516871,3rd Year,20267872,Delta Team,Member
Barbara P. Gonzalez,155516872,3rd Year,20267873,Alpha Team,Analyst
Betty U. Kapoor,155516873,3rd Year,20267874,Beta Team,Developer
William E. Lee,155516874,3rd Year,20267875,Gamma Team,Designer
Zara N. Harris,155516875,3rd Year,20267876,Delta Team,Coordinator
William D. Jackson,155516876,3rd Year,20267877,Alpha Team,Secretary
Donna E. Garcia,155516877,3rd Year,20267878,Beta Team,Treasurer
Paul Y. Taylor,155516878,3rd Year,20267879,Gamma Team,Vice-Leader
Barbara B. Lewis,155516879,3rd Year,20267880,Delta Team,Member
Joseph I. Patel,155516880,3rd Year,20267881,Alpha Team,Leader
Michael C. Rao,155516881,3rd Year,20267882,Beta Team,Member
Robert S. Moore,155516882,3rd Year,20267883,Gamma Team,Analyst
Richard I. Taylor,155516883,3rd Year,20267884,Delta Team,Developer
Karen S. Wilson,155516884,3rd Year,20267885,Alpha Team,Designer
Robert Q. Iyer,155516885,3rd Year,20267886,Beta Team,Coordinator
Melissa H. Robinson,155516886,3rd Year,20267887,Gamma Team,Secretary
Timothy S. Martin,155516887,3rd Year,20267888,Delta Team,Treasurer
Aarav F. Nair,155516888,3rd Year,20267889,Alpha Team,Vice-Leader
Sandra A. Sen,155516889,3rd Year,20267890,Beta Team,Member
Vihaan C. Clark,155516890,3rd Year,20267891,Gamma Team,Leader
Zara Y. Harris,155516891,3rd Year,20267892,Delta Team,Member
Mary B. Smith,155516892,3rd Year,20267893,Alpha Team,Analyst
Linda F. Perez,155516893,3rd Year,20267894,Beta Team,Developer
Anthony V. Sanchez,155516894,3rd Year,20267895,Gamma Team,Designer
Karen S. Martinez,155516895,3rd Year,20267896,Delta Team,Coordinator
Sarah D. Robinson,155516896,3rd Year,20267897,Alpha Team,Secretary
Kabir H. Iyer,155516897,3rd Year,20267898,Beta Team,Treasurer
Meera K. Moore,155516898,3rd Year,20267899,Gamma Team,Vice-Leader
Sandra G. Sanchez,155516899,3rd Year,20267900,Delta Team,Member
Susan M. Martin,155516900,3rd Year,20267901,Alpha Team,Leader
Daniel G. Robinson,155516901,3rd Year,20267902,Beta Team,Member
Andrew M. Rodriguez,155516902,3rd Year,20267903,Gamma Team,Analyst
Anthony Y. Davis,155516903,3rd Year,20267904,Delta Team,Developer
Susan P. Sen,155516904,3rd Year,20267905,Alpha Team,Designer
Thomas J. Kapoor,155516905,3rd Year,20267906,Beta Team,Coordinator
Lisa Q. Sharma,155516906,3rd Year,20267907,Gamma Team,Secretary
Christopher A. Smith,155516907,3rd Year,20267908,Delta Team,Treasurer
Kabir F. Smith,155516908,3rd Year,20267909,Alpha Team,Vice-Leader
Joshua L. Lewis,155516909,3rd Year,20267910,Beta Team,Member
Steven P. Jones,155516910,3rd Year,20267911,Gamma Team,Leader
William D. Rodriguez,155516911,3rd Year,20267912,Delta Team,Member
Kabir G. Sen,155516912,3rd Year,20267913,Alpha Team,Analyst
Thomas H. Rodriguez,155516913,3rd Year,20267914,Beta Team,Developer
Mary J. Anderson,155516914,3rd Year,20267915,Gamma Team,Designer
Riya L. Sharma,155516915,3rd Year,20267916,Delta Team,Coordinator
Mark U. Reddy,155516916,3rd Year,20267917,Alpha Team,Secretary
Matthew J. Martin,155516917,3rd Year,20267918,Beta Team,Treasurer
Susan D. Martin,155516918,3rd Year,20267919,Gamma Team,Vice-Leader
Steven C. Hernandez,155516919,3rd Year,20267920,Delta Team,Member
Ronald B. Lopez,155516920,3rd Year,20267921,Alpha Team,Leader
Betty G. Martin,155516921,3rd Year,20267922,Beta Team,Member
Linda S. White,155516922,3rd Year,20267923,Gamma Team,Analyst
Joshua N. Patel,155516923,3rd Year,20267924,Delta Team,Developer
Elizabeth O. Jones,155516924,3rd Year,20267925,Alpha Team,Designer
Aarav J. Davis,155516925,3rd Year,20267926,Beta Team,Coordinator
Michael J. Jackson,155516926,3rd Year,20267927,Gamma Team,Secretary
Jessica H. Iyer,155516927,3rd Year,20267928,Delta Team,Treasurer
Christopher L. Nair,155516928,3rd Year,20267929,Alpha Team,Vice-Leader
Barbara P. Reddy,155516929,3rd Year,20267930,Beta Team,Member
Carol B. Nair,155516930,3rd Year,20267931,Gamma Team,Leader
Joseph T. Perez,155516931,3rd Year,20267932,Delta Team,Member
Vihaan R. Martinez,155516932,3rd Year,20267933,Alpha Team,Analyst
Ashley V. Lewis,155516933,3rd Year,20267934,Beta Team,Developer
Lisa C. Martin,155516934,3rd Year,20267935,Gamma Team,Designer
Richard T. Thomas,155516935,3rd Year,20267936,Delta Team,Coordinator
Kenneth Q. Garcia,155516936,3rd Year,20267937,Alpha Team,Secretary
Christopher E. Brown,155516937,3rd Year,20267938,Beta Team,Treasurer
Jessica H. Anderson,155516938,3rd Year,20267939,Gamma Team,Vice-Leader
Sai R. Williams,155516939,3rd Year,20267940,Delta Team,Member
Thomas X. Jackson,155516940,3rd Year,20267941,Alpha Team,Leader
Sandra U. Gonzalez,155516941,3rd Year,20267942,Beta Team,Member
Linda S. Moore,155516942,3rd Year,20267943,Gamma Team,Analyst
Aarav H. Hernandez,155516943,3rd Year,20267944,Delta Team,Developer
Ronald J. Taylor,155516944,3rd Year,20267945,Alpha Team,Designer
Emily M. Thompson,155516945,3rd Year,20267946,Beta Team,Coordinator
Ronald C. Davis,155516946,3rd Year,20267947,Gamma Team,Secretary
Deborah T. Jones,155516947,3rd Year,20267948,Delta Team,Treasurer
Sandra B. Clark,155516948,3rd Year,20267949,Alpha Team,Vice-Leader
Robert M. Harris,155516949,3rd Year,20267950,Beta Team,Member
Paul P. Moore,155516950,3rd Year,20267951,Gamma Team,Leader
Kimberly Q. Sen,155516951,3rd Year,20267952,Delta Team,Member
Linda X. Joshi,155516952,3rd Year,20267953,Alpha Team,Analyst
Kenneth D. Davis,155516953,3rd Year,20267954,Beta Team,Developer
James S. Smith,155516954,3rd Year,20267955,Gamma Team,Designer
Mark Y. Davis,155516955,3rd Year,20267956,Delta Team,Coordinator
Richard H. Johnson,155516956,3rd Year,20267957,Alpha Team,Secretary
Mark Y. Sanchez,155516957,3rd Year,20267958,Beta Team,Treasurer
Vihaan X. Martin,155516958,3rd Year,20267959,Gamma Team,Vice-Leader
Michael M. Thomas,155516959,3rd Year,20267960,Delta Team,Member
Kabir P. Lewis,155516960,3rd Year,20267961,Alpha Team,Leader
Lisa D. Hernandez,155516961,3rd Year,20267962,Beta Team,Member
Melissa W. Garcia,155516962,3rd Year,20267963,Gamma Team,Analyst
Kimberly F. Hernandez,155516963,3rd Year,20267964,Delta Team,Developer
Steven Q. Nair,155516964,3rd Year,20267965,Alpha Team,Designer
Joseph U. Perez,155516965,3rd Year,20267966,Beta Team,Coordinator
Isha T. Lewis,155516966,3rd Year,20267967,Gamma Team,Secretary
Richard E. Sen,155516967,3rd Year,20267968,Delta Team,Treasurer
Mary O. Jackson,155516968,3rd Year,20267969,Alpha Team,Vice-Leader
Joshua H. Smith,155516969,3rd Year,20267970,Beta Team,Member
Kabir P. Harris,155516970,3rd Year,20267971,Gamma Team,Leader
Christopher S. Taylor,155516971,3rd Year,20267972,Delta Team,Member
Jessica I. Anderson,155516972,3rd Year,20267973,Alpha Team,Analyst
Brian D. Davis,155516973,3rd Year,20267974,Beta Team,Developer
Brian H. Taylor,155516974,3rd Year,20267975,Gamma Team,Designer
Karen M. Garcia,155516975,3rd Year,20267976,Delta Team,Coordinator
Andrew J. Lopez,155516976,3rd Year,20267977,Alpha Team,Secretary
Sandra T. Martin,155516977,3rd Year,20267978,Beta Team,Treasurer
Sai M. Moore,155516978,3rd Year,20267979,Gamma Team,Vice-Leader
Brian C. Perez,155516979,3rd Year,20267980,Delta Team,Member
Ashley L. Rao,155516980,3rd Year,20267981,Alpha Team,Leader
Ananya C. Moore,155516981,3rd Year,20267982,Beta Team,Member
William C. Sharma,155516982,3rd Year,20267983,Gamma Team,Analyst
Isha B. Davis,155516983,3rd Year,20267984,Delta Team,Developer
Carol N. Lewis,155516984,3rd Year,20267985,Alpha Team,Designer
William Z. Patel,155516985,3rd Year,20267986,Beta Team,Coordinator
Ronald K. Lewis,155516986,3rd Year,20267987,Gamma Team,Secretary
Meera M. Iyer,155516987,3rd Year,20267988,Delta Team,Treasurer
Susan G. Gonzalez,155516988,3rd Year,20267989,Alpha Team,Vice-Leader
Kabir I. Jones,155516989,3rd Year,20267990,Beta Team,Member
Matthew D. Iyer,155516990,3rd Year,20267991,Gamma Team,Leader
Susan R. Davis,155516991,3rd Year,20267992,Delta Team,Member
Anthony O. Mehta,155516992,3rd Year,20267993,Alpha Team,Analyst
Jennifer J. Lewis,155516993,3rd Year,20267994,Beta Team,Developer
Kimberly T. White,155516994,3rd Year,20267995,Gamma Team,Designer
Timothy S. Harris,155516995,3rd Year,20267996,Delta Team,Coordinator
Timothy T. Clark,155516996,3rd Year,20267997,Alpha Team,Secretary
Robert X. Lewis,155516997,3rd Year,20267998,Beta Team,Treasurer
Kabir C. Smith,155516998,3rd Year,20267999,Gamma Team,Vice-Leader
Steven O. Perez,155516999,3rd Year,20268000,Delta Team,Member
John L. Rodriguez,155517000,3rd Year,20268001,Alpha Team,Leader
David E. Moore,155517001,3rd Year,20268002,Beta Team,Member
Dorothy N. Iyer,155517002,3rd Year,20268003,Gamma Team,Analyst
Isha C. Harris,155517003,3rd Year,20268004,Delta Team,Developer
Christopher F. Sanchez,155517004,3rd Year,20268005,Alpha Team,Designer
Michelle I. Iyer,155517005,3rd Year,20268006,Beta Team,Coordinator
Richard G. Sanchez,155517006,3rd Year,20268007,Gamma Team,Secretary
Patricia Q. Joshi,155517007,3rd Year,20268008,Delta Team,Treasurer
Karen G. Smith,155517008,3rd Year,20268009,Alpha Team,Vice-Leader
Kevin C. Smith,155517009,3rd Year,20268010,Beta Team,Member
Kabir O. Robinson,155517010,3rd Year,20268011,Gamma Team,Leader
Sandra E. Lewis,155517011,3rd Year,20268012,Delta Team,Member
Emily Z. Gonzalez,155517012,3rd Year,20268013,Alpha Team,Analyst
Susan K. Robinson,155517013,3rd Year,20268014,Beta Team,Developer
Christopher K. Anderson,155517014,3rd Year,20268015,Gamma Team,Designer
Susan P. Joshi,155517015,3rd Year,20268016,Delta Team,Coordinator
Matthew A. Brown,155517016,3rd Year,20268017,Alpha Team,Secretary
David K. Brown,155517017,3rd Year,20268018,Beta Team,Treasurer
Isha F. Joshi,155517018,3rd Year,20268019,Gamma Team,Vice-Leader
Jennifer X. Sanchez,155517019,3rd Year,20268020,Delta Team,Member
Dorothy Q. Mehta,155517020,3rd Year,20268021,Alpha Team,Leader
Paul L. Smith,155517021,3rd Year,20268022,Beta Team,Member
Melissa O. Nair,155517022,3rd Year,20268023,Gamma Team,Analyst
Betty C. Perez,155517023,3rd Year,20268024,Delta Team,Developer
Michael C. Moore,155517024,3rd Year,20268025,Alpha Team,Designer
Donald J. Jackson,155517025,3rd Year,20268026,Beta Team,Coordinator
Vihaan L. Davis,155517026,3rd Year,20268027,Gamma Team,Secretary
Daniel W. Robinson,155517027,3rd Year,20268028,Delta Team,Treasurer
Kenneth X. Lee,155517028,3rd Year,20268029,Alpha Team,Vice-Leader
Nancy G. Martinez,155517029,3rd Year,20268030,Beta Team,Member
Linda R. Thomas,155517030,3rd Year,20268031,Gamma Team,Leader
Thomas T. Miller,155517031,3rd Year,20268032,Delta Team,Member
Jennifer Q. Jackson,155517032,3rd Year,20268033,Alpha Team,Analyst
Robert C. Nair,155517033,3rd Year,20268034,Beta Team,Developer
Joshua N. Johnson,155517034,3rd Year,20268035,Gamma Team,Designer
Linda P. Taylor,155517035,3rd Year,20268036,Delta Team,Coordinator
Aarav P. Sanchez,155517036,3rd Year,20268037,Alpha Team,Secretary
James R. Martinez,155517037,3rd Year,20268038,Beta Team,Treasurer
Thomas L. Hernandez,155517038,3rd Year,20268039,Gamma Team,Vice-Leader
Emily X. Garcia,155517039,3rd Year,20268040,Delta Team,Member
Anthony W. Harris,155517040,3rd Year,20268041,Alpha Team,Leader
Dorothy H. Sen,155517041,3rd Year,20268042,Beta Team,Member
Sandra E. Sharma,155517042,3rd Year,20268043,Gamma Team,Analyst
Brian P. Kapoor,155517043,3rd Year,20268044,Delta Team,Developer
Sarah H. Lewis,155517044,3rd Year,20268045,Alpha Team,Designer
Ashley G. Hernandez,155517045,3rd Year,20268046,Beta Team,Coordinator
Sai K. Brown,155517046,3rd Year,20268047,Gamma Team,Secretary
Brian X. Davis,155517047,3rd Year,20268048,Delta Team,Treasurer
Barbara A. Sen,155517048,3rd Year,20268049,Alpha Team,Vice-Leader
Riya K. Wilson,155517049,3rd Year,20268050,Beta Team,Member
Sarah S. Moore,155517050,3rd Year,20268051,Gamma Team,Leader
Carol C. Lewis,155517051,3rd Year,20268052,Delta Team,Member
William X. Hernandez,155517052,3rd Year,20268053,Alpha Team,Analyst
David C. Mehta,155517053,3rd Year,20268054,Beta Team,Developer
Mark S. Robinson,155517054,3rd Year,20268055,Gamma Team,Designer
Karen K. Iyer,155517055,3rd Year,20268056,Delta Team,Coordinator
Daniel T. Lewis,155517056,3rd Year,20268057,Alpha Team,Secretary
Margaret U. Brown,155517057,3rd Year,20268058,Beta Team,Treasurer
Melissa V. Williams,155517058,3rd Year,20268059,Gamma Team,Vice-Leader
Michael D. Garcia,155517059,3rd Year,20268060,Delta Team,Member
Kenneth B. Lewis,155517060,3rd Year,20268061,Alpha Team,Leader
Donna P. Jones,155517061,3rd Year,20268062,Beta Team,Member
Carol F. Wilson,155517062,3rd Year,20268063,Gamma Team,Analyst
Charles R. Miller,155517063,3rd Year,20268064,Delta Team,Developer
Ananya I. Sanchez,155517064,3rd Year,20268065,Alpha Team,Designer
Aarav Z. Perez,155517065,3rd Year,20268066,Beta Team,Coordinator
Ananya I. Iyer,155517066,3rd Year,20268067,Gamma Team,Secretary
Karen T. Joshi,155517067,3rd Year,20268068,Delta Team,Treasurer
Donna L. Sen,155517068,3rd Year,20268069,Alpha Team,Vice-Leader
Elizabeth E. Robinson,155517069,3rd Year,20268070,Beta Team,Member
Vihaan M. Clark,155517070,3rd Year,20268071,Gamma Team,Leader
Betty T. Robinson,155517071,3rd Year,20268072,Delta Team,Member
Ashley C. Gonzalez,155517072,3rd Year,20268073,Alpha Team,Analyst
Margaret W. Mehta,155517073,3rd Year,20268074,Beta Team,Developer
William Q. Mehta,155517074,3rd Year,20268075,Gamma Team,Designer
Charles C. Thomas,155517075,3rd Year,20268076,Delta Team,Coordinator
Karen Y. Moore,155517076,3rd Year,20268077,Alpha Team,Secretary
Betty N. Rodriguez,155517077,3rd Year,20268078,Beta Team,Treasurer
Deborah L. Jackson,155517078,3rd Year,20268079,Gamma Team,Vice-Leader
John D. Patel,155517079,3rd Year,20268080,Delta Team,Member
Melissa E. Brown,155517080,3rd Year,20268081,Alpha Team,Leader
Anthony P. Davis,155517081,3rd Year,20268082,Beta Team,Member
Robert O. Hernandez,155517082,3rd Year,20268083,Gamma Team,Analyst
Meera J. Sanchez,155517083,3rd Year,20268084,Delta Team,Developer
Donald C. Anderson,155517084,3rd Year,20268085,Alpha Team,Designer
Margaret G. Lopez,155517085,3rd Year,20268086,Beta Team,Coordinator
Michael X. Wilson,155517086,3rd Year,20268087,Gamma Team,Secretary
Linda E. Nair,155517087,3rd Year,20268088,Delta Team,Treasurer
Sai Q. Lee,155517088,3rd Year,20268089,Alpha Team,Vice-Leader
James W. Taylor,155517089,3rd Year,20268090,Beta Team,Member
Donald X. Lewis,155517090,3rd Year,20268091,Gamma Team,Leader
Sandra P. Sanchez,155517091,3rd Year,20268092,Delta Team,Member
Linda T. Robinson,155517092,3rd Year,20268093,Alpha Team,Analyst
Deborah I. Moore,155517093,3rd Year,20268094,Beta Team,Developer
Isha O. Lopez,155517094,3rd Year,20268095,Gamma Team,Designer
Melissa Q. Clark,155517095,3rd Year,20268096,Delta Team,Coordinator
Michael Z. Williams,155517096,3rd Year,20268097,Alpha Team,Secretary
Zara H. Clark,155517097,3rd Year,20268098,Beta Team,Treasurer
Ronald C. Garcia,155517098,3rd Year,20268099,Gamma Team,Vice-Leader
Paul O. Robinson,155517099,3rd Year,20268100,Delta Team,Member
Donald U. Taylor,155517100,3rd Year,20268101,Alpha Team,Leader
Deborah Q. Sanchez,155517101,3rd Year,20268102,Beta Team,Member
Richard H. Iyer,155517102,3rd Year,20268103,Gamma Team,Analyst
Andrew U. Iyer,155517103,3rd Year,20268104,Delta Team,Developer
Meera N. Nair,155517104,3rd Year,20268105,Alpha Team,Designer
Mary S. Kapoor,155517105,3rd Year,20268106,Beta Team,Coordinator
Charles H. Lopez,155517106,3rd Year,20268107,Gamma Team,Secretary
Joseph G. Smith,155517107,3rd Year,20268108,Delta Team,Treasurer
Kabir H. Rodriguez,155517108,3rd Year,20268109,Alpha Team,Vice-Leader
Michelle U. Sanchez,155517109,3rd Year,20268110,Beta Team,Member
Kenneth C. Rao,155517110,3rd Year,20268111,Gamma Team,Leader
Charles F. Taylor,155517111,3rd Year,20268112,Delta Team,Member
Daniel X. Joshi,155517112,3rd Year,20268113,Alpha Team,Analyst
Riya P. Smith,155517113,3rd Year,20268114,Beta Team,Developer
Patricia J. Brown,155517114,3rd Year,20268115,Gamma Team,Designer
Betty W. Wilson,155517115,3rd Year,20268116,Delta Team,Coordinator
Timothy P. Moore,155517116,3rd Year,20268117,Alpha Team,Secretary
Ananya B. Hernandez,155517117,3rd Year,20268118,Beta Team,Treasurer
Aarav P. Reddy,155517118,3rd Year,20268119,Gamma Team,Vice-Leader
Brian E. Mehta,155517119,3rd Year,20268120,Delta Team,Member
Karen H. Taylor,155517120,3rd Year,20268121,Alpha Team,Leader
Kevin G. Reddy,155517121,3rd Year,20268122,Beta Team,Member
Jennifer P. Jones,155517122,3rd Year,20268123,Gamma Team,Analyst
Kenneth B. Harris,155517123,3rd Year,20268124,Delta Team,Developer
Steven D. Williams,155517124,3rd Year,20268125,Alpha Team,Designer
Donna Y. Rodriguez,155517125,3rd Year,20268126,Beta Team,Coordinator
Riya T. Martinez,155517126,3rd Year,20268127,Gamma Team,Secretary
Amanda C. Thomas,155517127,3rd Year,20268128,Delta Team,Treasurer
Meera N. Wilson,155517128,3rd Year,20268129,Alpha Team,Vice-Leader
Meera Z. Sanchez,155517129,3rd Year,20268130,Beta Team,Member
David X. Ramirez,155517130,3rd Year,20268131,Gamma Team,Leader
Mary A. Jackson,155517131,3rd Year,20268132,Delta Team,Member
Thomas P. Moore,155517132,3rd Year,20268133,Alpha Team,Analyst
Sai D. Anderson,155517133,3rd Year,20268134,Beta Team,Developer
Carol K. Thompson,155517134,3rd Year,20268135,Gamma Team,Designer
Amanda Y. Sanchez,155517135,3rd Year,20268136,Delta Team,Coordinator
Susan Z. Lewis,155517136,3rd Year,20268137,Alpha Team,Secretary
Riya X. Lopez,155517137,3rd Year,20268138,Beta Team,Treasurer
Emily Y. Smith,155517138,3rd Year,20268139,Gamma Team,Vice-Leader
John W. Johnson,155517139,3rd Year,20268140,Delta Team,Member
Ashley E. Thomas,155517140,3rd Year,20268141,Alpha Team,Leader
Mark F. Clark,155517141,3rd Year,20268142,Beta Team,Member
Ashley Q. Perez,155517142,3rd Year,20268143,Gamma Team,Analyst
William D. Lee,155517143,3rd Year,20268144,Delta Team,Developer
Aarav W. Sanchez,155517144,3rd Year,20268145,Alpha Team,Designer
Betty K. Ramirez,155517145,3rd Year,20268146,Beta Team,Coordinator
Susan W. Thomas,155517146,3rd Year,20268147,Gamma Team,Secretary
Matthew T. Williams,155517147,3rd Year,20268148,Delta Team,Treasurer
Vihaan P. Thompson,155517148,3rd Year,20268149,Alpha Team,Vice-Leader
Ronald A. Rao,155517149,3rd Year,20268150,Beta Team,Member
Paul X. Patel,155517150,3rd Year,20268151,Gamma Team,Leader
Sai W. Garcia,155517151,3rd Year,20268152,Delta Team,Member
Brian V. Anderson,155517152,3rd Year,20268153,Alpha Team,Analyst
Margaret B. Johnson,155517153,3rd Year,20268154,Beta Team,Developer
Carol Z. Brown,155517154,3rd Year,20268155,Gamma Team,Designer
Christopher J. Martinez,155517155,3rd Year,20268156,Delta Team,Coordinator
Charles E. Clark,155517156,3rd Year,20268157,Alpha Team,Secretary
Karen E. Taylor,155517157,3rd Year,20268158,Beta Team,Treasurer
Sandra B. Hernandez,155517158,3rd Year,20268159,Gamma Team,Vice-Leader
Charles J. Sen,155517159,3rd Year,20268160,Delta Team,Member
Michael R. Wilson,155517160,3rd Year,20268161,Alpha Team,Leader
Richard K. Reddy,155517161,3rd Year,20268162,Beta Team,Member
Christopher S. White,155517162,3rd Year,20268163,Gamma Team,Analyst
Mary L. Lewis,155517163,3rd Year,20268164,Delta Team,Developer
Melissa C. Martinez,155517164,3rd Year,20268165,Alpha Team,Designer
David Z. Brown,155517165,3rd Year,20268166,Beta Team,Coordinator
Nancy Q. Anderson,155517166,3rd Year,20268167,Gamma Team,Secretary
Ananya Z. White,155517167,3rd Year,20268168,Delta Team,Treasurer
Linda M. Rodriguez,155517168,3rd Year,20268169,Alpha Team,Vice-Leader
Joshua L. Rodriguez,155517169,3rd Year,20268170,Beta Team,Member
Sarah J. Garcia,155517170,3rd Year,20268171,Gamma Team,Leader
Betty X. Miller,155517171,3rd Year,20268172,Delta Team,Member
Patricia S. Lewis,155517172,3rd Year,20268173,Alpha Team,Analyst
Michelle L. Rao,155517173,3rd Year,20268174,Beta Team,Developer
Zara X. Garcia,155517174,3rd Year,20268175,Gamma Team,Designer
Ronald T. Smith,155517175,3rd Year,20268176,Delta Team,Coordinator
Christopher T. Sanchez,155517176,3rd Year,20268177,Alpha Team,Secretary
Emily W. Jackson,155517177,3rd Year,20268178,Beta Team,Treasurer
Karen F. Garcia,155517178,3rd Year,20268179,Gamma Team,Vice-Leader
Patricia L. Hernandez,155517179,3rd Year,20268180,Delta Team,Member
Timothy Q. Sen,155517180,3rd Year,20268181,Alpha Team,Leader
Meera T. Mehta,155517181,3rd Year,20268182,Beta Team,Member
Meera E. Johnson,155517182,3rd Year,20268183,Gamma Team,Analyst
Thomas V. Reddy,155517183,3rd Year,20268184,Delta Team,Developer
Dev W. Lopez,155517184,3rd Year,20268185,Alpha Team,Designer
Timothy S. Lewis,155517185,3rd Year,20268186,Beta Team,Coordinator
Christopher H. Clark,155517186,3rd Year,20268187,Gamma Team,Secretary
Dev Q. Smith,155517187,3rd Year,20268188,Delta Team,Treasurer
Steven O. Ramirez,155517188,3rd Year,20268189,Alpha Team,Vice-Leader
Timothy O. Jackson,155517189,3rd Year,20268190,Beta Team,Member
Patricia M. Garcia,155517190,3rd Year,20268191,Gamma Team,Leader
Linda L. Jackson,155517191,3rd Year,20268192,Delta Team,Member
Aarav Z. Smith,155517192,3rd Year,20268193,Alpha Team,Analyst
Melissa L. Gonzalez,155517193,3rd Year,20268194,Beta Team,Developer
Kenneth U. Kapoor,155517194,3rd Year,20268195,Gamma Team,Designer
Nancy E. Miller,155517195,3rd Year,20268196,Delta Team,Coordinator
Ananya S. Reddy,155517196,3rd Year,20268197,Alpha Team,Secretary
Jessica O. Sen,155517197,3rd Year,20268198,Beta Team,Treasurer
Melissa Y. Johnson,155517198,3rd Year,20268199,Gamma Team,Vice-Leader
Linda W. Brown,155517199,3rd Year,20268200,Delta Team,Member
Timothy B. Martinez,155517200,3rd Year,20268201,Alpha Team,Leader
Ananya K. Reddy,155517201,3rd Year,20268202,Beta Team,Member
Steven P. Robinson,155517202,3rd Year,20268203,Gamma Team,Analyst
Margaret A. Kapoor,155517203,3rd Year,20268204,Delta Team,Developer
Robert M. Reddy,155517204,3rd Year,20268205,Alpha Team,Designer
Amanda Q. Rodriguez,155517205,3rd Year,20268206,Beta Team,Coordinator
Betty N. Mehta,155517206,3rd Year,20268207,Gamma Team,Secretary
Brian Q. Clark,155517207,3rd Year,20268208,Delta Team,Treasurer
Richard W. Clark,155517208,3rd Year,20268209,Alpha Team,Vice-Leader
Kenneth A. Brown,155517209,3rd Year,20268210,Beta Team,Member
Isha C. Taylor,155517210,3rd Year,20268211,Gamma Team,Leader
James S. Martin,155517211,3rd Year,20268212,Delta Team,Member
Isha W. Garcia,155517212,3rd Year,20268213,Alpha Team,Analyst
Thomas L. Jones,155517213,3rd Year,20268214,Beta Team,Developer
Kenneth Q. Moore,155517214,3rd Year,20268215,Gamma Team,Designer
Riya E. Jones,155517215,3rd Year,20268216,Delta Team,Coordinator
Michelle H. Rao,155517216,3rd Year,20268217,Alpha Team,Secretary
Donald Z. Ramirez,155517217,3rd Year,20268218,Beta Team,Treasurer
Ananya D. Robinson,155517218,3rd Year,20268219,Gamma Team,Vice-Leader
Linda J. Robinson,155517219,3rd Year,20268220,Delta Team,Member
Barbara T. Garcia,155517220,3rd Year,20268221,Alpha Team,Leader
Michael E. Mehta,155517221,3rd Year,20268222,Beta Team,Member
Kevin I. Robinson,155517222,3rd Year,20268223,Gamma Team,Analyst
William F. Thompson,155517223,3rd Year,20268224,Delta Team,Developer
Isha Q. Brown,155517224,3rd Year,20268225,Alpha Team,Designer
Carol C. Reddy,155517225,3rd Year,20268226,Beta Team,Coordinator
Brian W. Sanchez,155517226,3rd Year,20268227,Gamma Team,Secretary
Mary R. Thompson,155517227,3rd Year,20268228,Delta Team,Treasurer
Joshua E. Anderson,155517228,3rd Year,20268229,Alpha Team,Vice-Leader
Christopher E. Joshi,155517229,3rd Year,20268230,Beta Team,Member
Ananya X. Hernandez,155517230,3rd Year,20268231,Gamma Team,Leader
Joseph Q. Lopez,155517231,3rd Year,20268232,Delta Team,Member
Linda S. Thompson,155517232,3rd Year,20268233,Alpha Team,Analyst
Emily N. Ramirez,155517233,3rd Year,20268234,Beta Team,Developer
Elizabeth J. Jackson,155517234,3rd Year,20268235,Gamma Team,Designer
Isha A. Thomas,155517235,3rd Year,20268236,Delta Team,Coordinator
Anthony H. Miller,155517236,3rd Year,20268237,Alpha Team,Secretary
Meera R. Sen,155517237,3rd Year,20268238,Beta Team,Treasurer
Barbara W. Moore,155517238,3rd Year,20268239,Gamma Team,Vice-Leader
Patricia I. Lewis,155517239,3rd Year,20268240,Delta Team,Member
Vihaan V. Sanchez,155517240,3rd Year,20268241,Alpha Team,Leader
Linda L. Joshi,155517241,3rd Year,20268242,Beta Team,Member
Barbara D. Clark,155517242,3rd Year,20268243,Gamma Team,Analyst
Brian J. Thomas,155517243,3rd Year,20268244,Delta Team,Developer
Aarav E. Moore,155517244,3rd Year,20268245,Alpha Team,Designer
Jennifer O. Thompson,155517245,3rd Year,20268246,Beta Team,Coordinator
Joseph X. Anderson,155517246,3rd Year,20268247,Gamma Team,Secretary
Donna G. Lopez,155517247,3rd Year,20268248,Delta Team,Treasurer
Sai L. Martinez,155517248,3rd Year,20268249,Alpha Team,Vice-Leader
Barbara Z. Perez,155517249,3rd Year,20268250,Beta Team,Member
Michael Y. Kapoor,155517250,3rd Year,20268251,Gamma Team,Leader
Ronald N. Iyer,155517251,3rd Year,20268252,Delta Team,Member
Ananya M. Thompson,155517252,3rd Year,20268253,Alpha Team,Analyst
Zara O. Perez,155517253,3rd Year,20268254,Beta Team,Developer
William Q. Harris,155517254,3rd Year,20268255,Gamma Team,Designer
Vihaan P. Sen,155517255,3rd Year,20268256,Delta Team,Coordinator
Kevin T. Miller,155517256,3rd Year,20268257,Alpha Team,Secretary
Sandra C. Martinez,155517257,3rd Year,20268258,Beta Team,Treasurer
Timothy V. Thomas,155517258,3rd Year,20268259,Gamma Team,Vice-Leader
Elizabeth P. Martinez,155517259,3rd Year,20268260,Delta Team,Member
Carol X. Brown,155517260,3rd Year,20268261,Alpha Team,Leader
Margaret M. Kapoor,155517261,3rd Year,20268262,Beta Team,Member
Nancy S. Clark,155517262,3rd Year,20268263,Gamma Team,Analyst
Nancy U. Anderson,155517263,3rd Year,20268264,Delta Team,Developer
Michael C. Sharma,155517264,3rd Year,20268265,Alpha Team,Designer
Mary Q. Patel,155517265,3rd Year,20268266,Beta Team,Coordinator
Matthew F. Smith,155517266,3rd Year,20268267,Gamma Team,Secretary
Michelle J. Harris,155517267,3rd Year,20268268,Delta Team,Treasurer
Karen I. Robinson,155517268,3rd Year,20268269,Alpha Team,Vice-Leader
Kevin J. Rodriguez,155517269,3rd Year,20268270,Beta Team,Member
Mark R. Sanchez,155517270,3rd Year,20268271,Gamma Team,Leader
Aarav X. Davis,155517271,3rd Year,20268272,Delta Team,Member
Deborah O. Anderson,155517272,3rd Year,20268273,Alpha Team,Analyst
Charles N. Jackson,155517273,3rd Year,20268274,Beta Team,Developer
Robert Z. Smith,155517274,3rd Year,20268275,Gamma Team,Designer
Aarav I. Clark,155517275,3rd Year,20268276,Delta Team,Coordinator
Margaret E. Sen,155517276,3rd Year,20268277,Alpha Team,Secretary
Donald Q. Hernandez,155517277,3rd Year,20268278,Beta Team,Treasurer
James L. Brown,155517278,3rd Year,20268279,Gamma Team,Vice-Leader
Amanda K. Thomas,155517279,3rd Year,20268280,Delta Team,Member
David R. Robinson,155517280,3rd Year,20268281,Alpha Team,Leader
David H. Lewis,155517281,3rd Year,20268282,Beta Team,Member
William X. Rao,155517282,3rd Year,20268283,Gamma Team,Analyst
Carol Q. Lopez,155517283,3rd Year,20268284,Delta Team,Developer
Ashley G. Rodriguez,155517284,3rd Year,20268285,Alpha Team,Designer
Matthew O. Clark,155517285,3rd Year,20268286,Beta Team,Coordinator
Meera O. Lee,155517286,3rd Year,20268287,Gamma Team,Secretary
Richard J. Reddy,155517287,3rd Year,20268288,Delta Team,Treasurer
Charles K. Taylor,155517288,3rd Year,20268289,Alpha Team,Vice-Leader
Andrew F. Sanchez,155517289,3rd Year,20268290,Beta Team,Member
Riya E. Wilson,155517290,3rd Year,20268291,Gamma Team,Leader
Robert Y. Lee,155517291,3rd Year,20268292,Delta Team,Member
Barbara I. Robinson,155517292,3rd Year,20268293,Alpha Team,Analyst
Linda S. Martin,155517293,3rd Year,20268294,Beta Team,Developer
Steven Q. Martin,155517294,3rd Year,20268295,Gamma Team,Designer
Sai E. Davis,155517295,3rd Year,20268296,Delta Team,Coordinator
Joshua W. Martin,155517296,3rd Year,20268297,Alpha Team,Secretary
Melissa G. Clark,155517297,3rd Year,20268298,Beta Team,Treasurer
Kevin K. Davis,155517298,3rd Year,20268299,Gamma Team,Vice-Leader
Mark T. Garcia,155517299,3rd Year,20268300,Delta Team,Member
Karen Z. Thomas,155517300,3rd Year,20268301,Alpha Team,Leader
Susan P. Kapoor,155517301,3rd Year,20268302,Beta Team,Member
Mark O. Thompson,155517302,3rd Year,20268303,Gamma Team,Analyst
Ashley Z. Sen,155517303,3rd Year,20268304,Delta Team,Developer
Zara S. Joshi,155517304,3rd Year,20268305,Alpha Team,Designer
Melissa W. Sharma,155517305,3rd Year,20268306,Beta Team,Coordinator
Jennifer J. Lee,155517306,3rd Year,20268307,Gamma Team,Secretary
Emily D. Mehta,155517307,3rd Year,20268308,Delta Team,Treasurer
David I. Jones,155517308,3rd Year,20268309,Alpha Team,Vice-Leader
Mary P. Rodriguez,155517309,3rd Year,20268310,Beta Team,Member
Deborah J. Reddy,155517310,3rd Year,20268311,Gamma Team,Leader
Dev I. Smith,155517311,3rd Year,20268312,Delta Team,Member
Mary K. Williams,155517312,3rd Year,20268313,Alpha Team,Analyst
Mary W. Nair,155517313,3rd Year,20268314,Beta Team,Developer
Joshua H. Thomas,155517314,3rd Year,20268315,Gamma Team,Designer
Margaret S. White,155517315,3rd Year,20268316,Delta Team,Coordinator
Patricia O. Thomas,155517316,3rd Year,20268317,Alpha Team,Secretary
Margaret C. Thompson,155517317,3rd Year,20268318,Beta Team,Treasurer
Sarah J. Clark,155517318,3rd Year,20268319,Gamma Team,Vice-Leader
Dev R. Thomas,155517319,3rd Year,20268320,Delta Team,Member
Lisa N. Davis,155517320,3rd Year,20268321,Alpha Team,Leader
Melissa H. Davis,155517321,3rd Year,20268322,Beta Team,Member
Sandra X. Taylor,155517322,3rd Year,20268323,Gamma Team,Analyst
Donald T. Nair,155517323,3rd Year,20268324,Delta Team,Developer
Richard O. White,155517324,3rd Year,20268325,Alpha Team,Designer
William A. Sanchez,155517325,3rd Year,20268326,Beta Team,Coordinator
Richard T. Lee,155517326,3rd Year,20268327,Gamma Team,Secretary
Karen X. Joshi,155517327,3rd Year,20268328,Delta Team,Treasurer
Timothy V. Taylor,155517328,3rd Year,20268329,Alpha Team,Vice-Leader
Kevin S. Sanchez,155517329,3rd Year,20268330,Beta Team,Member
Vihaan L. Sen,155517330,3rd Year,20268331,Gamma Team,Leader
Ananya R. Miller,155517331,3rd Year,20268332,Delta Team,Member
John Q. Clark,155517332,3rd Year,20268333,Alpha Team,Analyst
Carol Y. Martin,155517333,3rd Year,20268334,Beta Team,Developer
Michelle T. Lewis,155517334,3rd Year,20268335,Gamma Team,Designer
Vihaan A. Clark,155517335,3rd Year,20268336,Delta Team,Coordinator
Elizabeth F. Martinez,155517336,3rd Year,20268337,Alpha Team,Secretary
Deborah L. Harris,155517337,3rd Year,20268338,Beta Team,Treasurer
Melissa W. Taylor,155517338,3rd Year,20268339,Gamma Team,Vice-Leader
Ananya Q. Harris,155517339,3rd Year,20268340,Delta Team,Member
William D. Williams,155517340,3rd Year,20268341,Alpha Team,Leader
Joshua A. Lopez,155517341,3rd Year,20268342,Beta Team,Member
Brian F. Robinson,155517342,3rd Year,20268343,Gamma Team,Analyst
Dev B. Taylor,155517343,3rd Year,20268344,Delta Team,Developer
Zara C. Ramirez,155517344,3rd Year,20268345,Alpha Team,Designer
Ananya O. Clark,155517345,3rd Year,20268346,Beta Team,Coordinator
Michelle P. Rao,155517346,3rd Year,20268347,Gamma Team,Secretary
Betty U. Lopez,155517347,3rd Year,20268348,Delta Team,Treasurer
Donna J. Williams,155517348,3rd Year,20268349,Alpha Team,Vice-Leader
Richard B. Sanchez,155517349,3rd Year,20268350,Beta Team,Member
Isha A. Perez,155517350,3rd Year,20268351,Gamma Team,Leader
Paul A. Sharma,155517351,3rd Year,20268352,Delta Team,Member
Timothy P. Wilson,155517352,3rd Year,20268353,Alpha Team,Analyst
Susan Z. Brown,155517353,3rd Year,20268354,Beta Team,Developer
Joseph E. Kapoor,155517354,3rd Year,20268355,Gamma Team,Designer
Christopher W. Garcia,155517355,3rd Year,20268356,Delta Team,Coordinator
Isha R. Harris,155517356,3rd Year,20268357,Alpha Team,Secretary
Andrew V. Ramirez,155517357,3rd Year,20268358,Beta Team,Treasurer
Robert P. Smith,155517358,3rd Year,20268359,Gamma Team,Vice-Leader
Jennifer F. Thomas,155517359,3rd Year,20268360,Delta Team,Member
James G. Perez,155517360,3rd Year,20268361,Alpha Team,Leader
Susan Z. Hernandez,155517361,3rd Year,20268362,Beta Team,Member
Richard H. Rao,155517362,3rd Year,20268363,Gamma Team,Analyst
John S. Martinez,155517363,3rd Year,20268364,Delta Team,Developer
Christopher T. Taylor,155517364,3rd Year,20268365,Alpha Team,Designer
Ronald Z. Nair,155517365,3rd Year,20268366,Beta Team,Coordinator
Anthony Q. Johnson,155517366,3rd Year,20268367,Gamma Team,Secretary
Richard P. Iyer,155517367,3rd Year,20268368,Delta Team,Treasurer
Betty Z. Perez,155517368,3rd Year,20268369,Alpha Team,Vice-Leader
Meera F. Thomas,155517369,3rd Year,20268370,Beta Team,Member
Ronald G. Martin,155517370,3rd Year,20268371,Gamma Team,Leader
Barbara Q. Jackson,155517371,3rd Year,20268372,Delta Team,Member
Karen Q. Nair,155517372,3rd Year,20268373,Alpha Team,Analyst
Barbara O. Patel,155517373,3rd Year,20268374,Beta Team,Developer
Joseph T. White,155517374,3rd Year,20268375,Gamma Team,Designer
John H. Williams,155517375,3rd Year,20268376,Delta Team,Coordinator
Meera A. Miller,155517376,3rd Year,20268377,Alpha Team,Secretary
Brian D. Sharma,155517377,3rd Year,20268378,Beta Team,Treasurer
Matthew S. Thomas,155517378,3rd Year,20268379,Gamma Team,Vice-Leader
Amanda A. Iyer,155517379,3rd Year,20268380,Delta Team,Member
Sarah A. Taylor,155517380,3rd Year,20268381,Alpha Team,Leader
Betty A. Lee,155517381,3rd Year,20268382,Beta Team,Member
Ronald W. Brown,155517382,3rd Year,20268383,Gamma Team,Analyst
Karen I. Gonzalez,155517383,3rd Year,20268384,Delta Team,Developer
Dev U. Johnson,155517384,3rd Year,20268385,Alpha Team,Designer
Anthony L. Patel,155517385,3rd Year,20268386,Beta Team,Coordinator
William T. Gonzalez,155517386,3rd Year,20268387,Gamma Team,Secretary
Dorothy V. Rao,155517387,3rd Year,20268388,Delta Team,Treasurer
William X. Moore,155517388,3rd Year,20268389,Alpha Team,Vice-Leader
John U. Kapoor,155517389,3rd Year,20268390,Beta Team,Member
Ashley I. Ramirez,155517390,3rd Year,20268391,Gamma Team,Leader
Thomas X. Williams,155517391,3rd Year,20268392,Delta Team,Member
Sai K. Garcia,155517392,3rd Year,20268393,Alpha Team,Analyst
Zara W. Thomas,155517393,3rd Year,20268394,Beta Team,Developer
William B. Clark,155517394,3rd Year,20268395,Gamma Team,Designer
Lisa V. Sanchez,155517395,3rd Year,20268396,Delta Team,Coordinator
Timothy Y. Rodriguez,155517396,3rd Year,20268397,Alpha Team,Secretary
Meera G. Perez,155517397,3rd Year,20268398,Beta Team,Treasurer
Donna Z. Martin,155517398,3rd Year,20268399,Gamma Team,Vice-Leader
Donald R. Gonzalez,155517399,3rd Year,20268400,Delta Team,Member
John L. Brown,155517400,3rd Year,20268401,Alpha Team,Leader
Christopher R. Anderson,155517401,3rd Year,20268402,Beta Team,Member
Donald U. Martinez,155517402,3rd Year,20268403,Gamma Team,Analyst
Kevin S. Mehta,155517403,3rd Year,20268404,Delta Team,Developer
James H. Lee,155517404,3rd Year,20268405,Alpha Team,Designer
Vihaan P. Sanchez,155517405,3rd Year,20268406,Beta Team,Coordinator
Kevin R. Joshi,155517406,3rd Year,20268407,Gamma Team,Secretary
Sai J. Wilson,155517407,3rd Year,20268408,Delta Team,Treasurer
Vihaan D. Johnson,155517408,3rd Year,20268409,Alpha Team,Vice-Leader
Kevin N. Perez,155517409,3rd Year,20268410,Beta Team,Member
Sarah I. Rao,155517410,3rd Year,20268411,Gamma Team,Leader
Patricia Z. Lewis,155517411,3rd Year,20268412,Delta Team,Member
Donald P. Kapoor,155517412,3rd Year,20268413,Alpha Team,Analyst
Sai E. Robinson,155517413,3rd Year,20268414,Beta Team,Developer
Meera I. Nair,155517414,3rd Year,20268415,Gamma Team,Designer
Isha E. Iyer,155517415,3rd Year,20268416,Delta Team,Coordinator
John D. Mehta,155517416,3rd Year,20268417,Alpha Team,Secretary
Timothy E. Clark,155517417,3rd Year,20268418,Beta Team,Treasurer
Thomas X. Rao,155517418,3rd Year,20268419,Gamma Team,Vice-Leader
Lisa B. Robinson,155517419,3rd Year,20268420,Delta Team,Member
Linda Y. Lewis,155517420,3rd Year,20268421,Alpha Team,Leader
Christopher G. Moore,155517421,3rd Year,20268422,Beta Team,Member
Kimberly S. Gonzalez,155517422,3rd Year,20268423,Gamma Team,Analyst
Vihaan J. Iyer,155517423,3rd Year,20268424,Delta Team,Developer
Charles Y. Mehta,155517424,3rd Year,20268425,Alpha Team,Designer
Dev A. Reddy,155517425,3rd Year,20268426,Beta Team,Coordinator
Steven V. Harris,155517426,3rd Year,20268427,Gamma Team,Secretary
Christopher I. Sanchez,155517427,3rd Year,20268428,Delta Team,Treasurer
Paul M. Miller,155517428,3rd Year,20268429,Alpha Team,Vice-Leader
Margaret L. Sen,155517429,3rd Year,20268430,Beta Team,Member
Carol G. Williams,155517430,3rd Year,20268431,Gamma Team,Leader
William U. Johnson,155517431,3rd Year,20268432,Delta Team,Member
Timothy C. Iyer,155517432,3rd Year,20268433,Alpha Team,Analyst
Patricia P. Garcia,155517433,3rd Year,20268434,Beta Team,Developer
Zara D. Taylor,155517434,3rd Year,20268435,Gamma Team,Designer
Jessica B. Davis,155517435,3rd Year,20268436,Delta Team,Coordinator
Deborah C. Reddy,155517436,3rd Year,20268437,Alpha Team,Secretary
Carol A. Joshi,155517437,3rd Year,20268438,Beta Team,Treasurer
Kabir W. Anderson,155517438,3rd Year,20268439,Gamma Team,Vice-Leader
Donna N. Clark,155517439,3rd Year,20268440,Delta Team,Member
Patricia N. Lopez,155517440,3rd Year,20268441,Alpha Team,Leader
Daniel K. Taylor,155517441,3rd Year,20268442,Beta Team,Member
Meera Z. Kapoor,155517442,3rd Year,20268443,Gamma Team,Analyst
Mary P. Nair,155517443,3rd Year,20268444,Delta Team,Developer
Deborah T. Sen,155517444,3rd Year,20268445,Alpha Team,Designer
Kabir J. Rodriguez,155517445,3rd Year,20268446,Beta Team,Coordinator
Kevin N. Sanchez,155517446,3rd Year,20268447,Gamma Team,Secretary
Susan C. Kapoor,155517447,3rd Year,20268448,Delta Team,Treasurer
Deborah H. Johnson,155517448,3rd Year,20268449,Alpha Team,Vice-Leader
Joshua J. Wilson,155517449,3rd Year,20268450,Beta Team,Member
Kenneth X. Johnson,155517450,3rd Year,20268451,Gamma Team,Leader
Jessica C. Kapoor,155517451,3rd Year,20268452,Delta Team,Member
Kevin S. Hernandez,155517452,3rd Year,20268453,Alpha Team,Analyst
Elizabeth Z. Rao,155517453,3rd Year,20268454,Beta Team,Developer
Mark Z. Brown,155517454,3rd Year,20268455,Gamma Team,Designer
Carol J. White,155517455,3rd Year,20268456,Delta Team,Coordinator
Margaret T. Martinez,155517456,3rd Year,20268457,Alpha Team,Secretary
Zara K. Thompson,155517457,3rd Year,20268458,Beta Team,Treasurer
Robert T. Brown,155517458,3rd Year,20268459,Gamma Team,Vice-Leader
Paul B. Iyer,155517459,3rd Year,20268460,Delta Team,Member
Timothy H. Nair,155517460,3rd Year,20268461,Alpha Team,Leader
William N. Sanchez,155517461,3rd Year,20268462,Beta Team,Member
Paul K. Rodriguez,155517462,3rd Year,20268463,Gamma Team,Analyst
Kenneth E. Brown,155517463,3rd Year,20268464,Delta Team,Developer
Aarav H. Lee,155517464,3rd Year,20268465,Alpha Team,Designer
Jessica Z. Sen,155517465,3rd Year,20268466,Beta Team,Coordinator
Jessica W. Iyer,155517466,3rd Year,20268467,Gamma Team,Secretary
Andrew P. Ramirez,155517467,3rd Year,20268468,Delta Team,Treasurer
Margaret I. Davis,155517468,3rd Year,20268469,Alpha Team,Vice-Leader
Nancy H. White,155517469,3rd Year,20268470,Beta Team,Member
Kimberly Y. Reddy,155517470,3rd Year,20268471,Gamma Team,Leader
Patricia G. Gonzalez,155517471,3rd Year,20268472,Delta Team,Member
David A. Rao,155517472,3rd Year,20268473,Alpha Team,Analyst
Kenneth T. Martin,155517473,3rd Year,20268474,Beta Team,Developer
Ronald P. Joshi,155517474,3rd Year,20268475,Gamma Team,Designer
Linda W. Wilson,155517475,3rd Year,20268476,Delta Team,Coordinator
Barbara K. Martin,155517476,3rd Year,20268477,Alpha Team,Secretary
Richard I. Rao,155517477,3rd Year,20268478,Beta Team,Treasurer
Ananya C. Ramirez,155517478,3rd Year,20268479,Gamma Team,Vice-Leader
Jennifer O. Miller,155517479,3rd Year,20268480,Delta Team,Member
Margaret F. Hernandez,155517480,3rd Year,20268481,Alpha Team,Leader
Lisa J. Lopez,155517481,3rd Year,20268482,Beta Team,Member
Richard X. Davis,155517482,3rd Year,20268483,Gamma Team,Analyst
James W. Rodriguez,155517483,3rd Year,20268484,Delta Team,Developer
Kenneth B. White,155517484,3rd Year,20268485,Alpha Team,Designer
Jessica R. Ramirez,155517485,3rd Year,20268486,Beta Team,Coordinator
Dev C. Thompson,155517486,3rd Year,20268487,Gamma Team,Secretary
Joshua V. Robinson,155517487,3rd Year,20268488,Delta Team,Treasurer
Jennifer L. Clark,155517488,3rd Year,20268489,Alpha Team,Vice-Leader
Charles K. Lewis,155517489,3rd Year,20268490,Beta Team,Member
Riya O. Lopez,155517490,3rd Year,20268491,Gamma Team,Leader
Joshua X. Iyer,155517491,3rd Year,20268492,Delta Team,Member
Dev I. Mehta,155517492,3rd Year,20268493,Alpha Team,Analyst
Kimberly A. Joshi,155517493,3rd Year,20268494,Beta Team,Developer
Deborah G. Jackson,155517494,3rd Year,20268495,Gamma Team,Designer
Vihaan W. Perez,155517495,3rd Year,20268496,Delta Team,Coordinator
Sai Z. Ramirez,155517496,3rd Year,20268497,Alpha Team,Secretary
David X. Kapoor,155517497,3rd Year,20268498,Beta Team,Treasurer
Donald N. Moore,155517498,3rd Year,20268499,Gamma Team,Vice-Leader
Daniel Q. Iyer,155517499,3rd Year,20268500,Delta Team,Member
Nancy P. Reddy,155517500,3rd Year,20268501,Alpha Team,Leader
Sai X. Lewis,155517501,3rd Year,20268502,Beta Team,Member
Daniel J. Mehta,155517502,3rd Year,20268503,Gamma Team,Analyst
Mark E. Lewis,155517503,3rd Year,20268504,Delta Team,Developer
Aarav G. Sanchez,155517504,3rd Year,20268505,Alpha Team,Designer
David D. Thompson,155517505,3rd Year,20268506,Beta Team,Coordinator
Michelle B. Brown,155517506,3rd Year,20268507,Gamma Team,Secretary
Michael Z. Kapoor,155517507,3rd Year,20268508,Delta Team,Treasurer
Vihaan T. Smith,155517508,3rd Year,20268509,Alpha Team,Vice-Leader
Elizabeth K. Martin,155517509,3rd Year,20268510,Beta Team,Member
John G. Rao,155517510,3rd Year,20268511,Gamma Team,Leader
Patricia E. Lopez,155517511,3rd Year,20268512,Delta Team,Member
Emily G. Patel,155517512,3rd Year,20268513,Alpha Team,Analyst
Thomas A. Reddy,155517513,3rd Year,20268514,Beta Team,Developer
Susan U. Martin,155517514,3rd Year,20268515,Gamma Team,Designer
Riya P. Thomas,155517515,3rd Year,20268516,Delta Team,Coordinator
Zara Y. Nair,155517516,3rd Year,20268517,Alpha Team,Secretary
Linda E. Miller,155517517,3rd Year,20268518,Beta Team,Treasurer
Richard W. Davis,155517518,3rd Year,20268519,Gamma Team,Vice-Leader
Kabir O. Lopez,155517519,3rd Year,20268520,Delta Team,Member
Zara X. Martin,155517520,3rd Year,20268521,Alpha Team,Leader
Karen O. Robinson,155517521,3rd Year,20268522,Beta Team,Member
Joshua Q. Wilson,155517522,3rd Year,20268523,Gamma Team,Analyst
Jessica O. Jones,155517523,3rd Year,20268524,Delta Team,Developer
Linda P. Martinez,155517524,3rd Year,20268525,Alpha Team,Designer
Emily O. Sen,155517525,3rd Year,20268526,Beta Team,Coordinator
Jennifer Q. Miller,155517526,3rd Year,20268527,Gamma Team,Secretary
Ananya Y. Perez,155517527,3rd Year,20268528,Delta Team,Treasurer
Sarah O. Garcia,155517528,3rd Year,20268529,Alpha Team,Vice-Leader
Karen Z. Clark,155517529,3rd Year,20268530,Beta Team,Member
Emily W. Lopez,155517530,3rd Year,20268531,Gamma Team,Leader
Kenneth P. Robinson,155517531,3rd Year,20268532,Delta Team,Member
Deborah T. Rao,155517532,3rd Year,20268533,Alpha Team,Analyst
Sai L. Taylor,155517533,3rd Year,20268534,Beta Team,Developer
Richard F. Clark,155517534,3rd Year,20268535,Gamma Team,Designer
Zara K. Williams,155517535,3rd Year,20268536,Delta Team,Coordinator
Jennifer J. Anderson,155517536,3rd Year,20268537,Alpha Team,Secretary
Isha R. Robinson,155517537,3rd Year,20268538,Beta Team,Treasurer
Amanda K. White,155517538,3rd Year,20268539,Gamma Team,Vice-Leader
Carol F. Kapoor,155517539,3rd Year,20268540,Delta Team,Member
Anthony E. Brown,155517540,3rd Year,20268541,Alpha Team,Leader
Michael O. Miller,155517541,3rd Year,20268542,Beta Team,Member
Daniel K. Gonzalez,155517542,3rd Year,20268543,Gamma Team,Analyst
Nancy D. Kapoor,155517543,3rd Year,20268544,Delta Team,Developer
Mark L. Nair,155517544,3rd Year,20268545,Alpha Team,Designer
Christopher I. Robinson,155517545,3rd Year,20268546,Beta Team,Coordinator
Susan I. Wilson,155517546,3rd Year,20268547,Gamma Team,Secretary
Donald J. Thompson,155517547,3rd Year,20268548,Delta Team,Treasurer
Brian J. Moore,155517548,3rd Year,20268549,Alpha Team,Vice-Leader
Sarah R. Ramirez,155517549,3rd Year,20268550,Beta Team,Member
Andrew K. Jackson,155517550,3rd Year,20268551,Gamma Team,Leader
Jennifer U. Martinez,155517551,3rd Year,20268552,Delta Team,Member
Anthony O. Perez,155517552,3rd Year,20268553,Alpha Team,Analyst
Barbara E. Mehta,155517553,3rd Year,20268554,Beta Team,Developer
John C. Lopez,155517554,3rd Year,20268555,Gamma Team,Designer
Susan S. Johnson,155517555,3rd Year,20268556,Delta Team,Coordinator
Linda O. Iyer,155517556,3rd Year,20268557,Alpha Team,Secretary
Dev O. Martinez,155517557,3rd Year,20268558,Beta Team,Treasurer
Dev X. Patel,155517558,3rd Year,20268559,Gamma Team,Vice-Leader
Ashley Y. Garcia,155517559,3rd Year,20268560,Delta Team,Member
Aarav K. Johnson,155517560,3rd Year,20268561,Alpha Team,Leader
Zara B. Joshi,155517561,3rd Year,20268562,Beta Team,Member
Mark Q. Harris,155517562,3rd Year,20268563,Gamma Team,Analyst
Emily N. Sharma,155517563,3rd Year,20268564,Delta Team,Developer
Barbara V. Harris,155517564,3rd Year,20268565,Alpha Team,Designer
Ashley K. Miller,155517565,3rd Year,20268566,Beta Team,Coordinator
Dev O. Kapoor,155517566,3rd Year,20268567,Gamma Team,Secretary
Barbara L. Davis,155517567,3rd Year,20268568,Delta Team,Treasurer
Andrew P. Martinez,155517568,3rd Year,20268569,Alpha Team,Vice-Leader
Daniel U. Sharma,155517569,3rd Year,20268570,Beta Team,Member
Sandra O. Martinez,155517570,3rd Year,20268571,Gamma Team,Leader
John Z. Sharma,155517571,3rd Year,20268572,Delta Team,Member
Margaret V. Jackson,155517572,3rd Year,20268573,Alpha Team,Analyst
Amanda H. Davis,155517573,3rd Year,20268574,Beta Team,Developer
Thomas T. Williams,155517574,3rd Year,20268575,Gamma Team,Designer
Michelle V. Jackson,155517575,3rd Year,20268576,Delta Team,Coordinator
Michael A. Garcia,155517576,3rd Year,20268577,Alpha Team,Secretary
Sarah B. Kapoor,155517577,3rd Year,20268578,Beta Team,Treasurer
Mary D. Kapoor,155517578,3rd Year,20268579,Gamma Team,Vice-Leader
Ashley R. Lee,155517579,3rd Year,20268580,Delta Team,Member
Ananya L. Williams,155517580,3rd Year,20268581,Alpha Team,Leader
Mary L. Nair,155517581,3rd Year,20268582,Beta Team,Member
Dev H. Taylor,155517582,3rd Year,20268583,Gamma Team,Analyst
John P. Ramirez,155517583,3rd Year,20268584,Delta Team,Developer
Brian N. Davis,155517584,3rd Year,20268585,Alpha Team,Designer
Carol N. Perez,155517585,3rd Year,20268586,Beta Team,Coordinator
Nancy W. Lopez,155517586,3rd Year,20268587,Gamma Team,Secretary
Sai D. Lewis,155517587,3rd Year,20268588,Delta Team,Treasurer
Mark T. Anderson,155517588,3rd Year,20268589,Alpha Team,Vice-Leader
Kabir A. Wilson,155517589,3rd Year,20268590,Beta Team,Member
Michelle H. Kapoor,155517590,3rd Year,20268591,Gamma Team,Leader
Deborah D. Williams,155517591,3rd Year,20268592,Delta Team,Member
Riya W. Martinez,155517592,3rd Year,20268593,Alpha Team,Analyst
Donald D. Sharma,155517593,3rd Year,20268594,Beta Team,Developer
Betty I. Sharma,155517594,3rd Year,20268595,Gamma Team,Designer
Dorothy H. Jackson,155517595,3rd Year,20268596,Delta Team,Coordinator
Barbara M. Sanchez,155517596,3rd Year,20268597,Alpha Team,Secretary
Mary S. Reddy,155517597,3rd Year,20268598,Beta Team,Treasurer
Amanda C. Sharma,155517598,3rd Year,20268599,Gamma Team,Vice-Leader
Donna O. Sen,155517599,3rd Year,20268600,Delta Team,Member
Charles Z. Clark,155517600,3rd Year,20268601,Alpha Team,Leader
Kenneth G. Martin,155517601,3rd Year,20268602,Beta Team,Member
Christopher F. Anderson,155517602,3rd Year,20268603,Gamma Team,Analyst
Aarav J. Perez,155517603,3rd Year,20268604,Delta Team,Developer
James Z. Williams,155517604,3rd Year,20268605,Alpha Team,Designer
Deborah T. Anderson,155517605,3rd Year,20268606,Beta Team,Coordinator
Mark P. Jones,155517606,3rd Year,20268607,Gamma Team,Secretary
Sarah A. Williams,155517607,3rd Year,20268608,Delta Team,Treasurer
Elizabeth B. Miller,155517608,3rd Year,20268609,Alpha Team,Vice-Leader
William R. Sharma,155517609,3rd Year,20268610,Beta Team,Member
Charles G. Joshi,155517610,3rd Year,20268611,Gamma Team,Leader
Riya K. Gonzalez,155517611,3rd Year,20268612,Delta Team,Member
William G. Davis,155517612,3rd Year,20268613,Alpha Team,Analyst
Michael G. Patel,155517613,3rd Year,20268614,Beta Team,Developer
David G. Hernandez,155517614,3rd Year,20268615,Gamma Team,Designer
Mark C. Taylor,155517615,3rd Year,20268616,Delta Team,Coordinator
Christopher B. Miller,155517616,3rd Year,20268617,Alpha Team,Secretary
Emily Z. Rao,155517617,3rd Year,20268618,Beta Team,Treasurer
Donald I. Martinez,155517618,3rd Year,20268619,Gamma Team,Vice-Leader
Zara Y. Martinez,155517619,3rd Year,20268620,Delta Team,Member
Linda L. Brown,155517620,3rd Year,20268621,Alpha Team,Leader
Mark M. Lee,155517621,3rd Year,20268622,Beta Team,Member
Kenneth F. Thompson,155517622,3rd Year,20268623,Gamma Team,Analyst
Richard K. Sharma,155517623,3rd Year,20268624,Delta Team,Developer
Barbara J. Smith,155517624,3rd Year,20268625,Alpha Team,Designer
Charles O. Harris,155517625,3rd Year,20268626,Beta Team,Coordinator
Joshua L. Sen,155517626,3rd Year,20268627,Gamma Team,Secretary
Thomas Q. Nair,155517627,3rd Year,20268628,Delta Team,Treasurer
Sai X. Sanchez,155517628,3rd Year,20268629,Alpha Team,Vice-Leader
Kevin J. Sharma,155517629,3rd Year,20268630,Beta Team,Member
Jessica T. Taylor,155517630,3rd Year,20268631,Gamma Team,Leader
Mary D. Brown,155517631,3rd Year,20268632,Delta Team,Member
Timothy J. Robinson,155517632,3rd Year,20268633,Alpha Team,Analyst
Nancy K. Gonzalez,155517633,3rd Year,20268634,Beta Team,Developer
Vihaan O. Mehta,155517634,3rd Year,20268635,Gamma Team,Designer
Mark N. Rodriguez,155517635,3rd Year,20268636,Delta Team,Coordinator
Dev U. Thompson,155517636,3rd Year,20268637,Alpha Team,Secretary
Christopher K. Harris,155517637,3rd Year,20268638,Beta Team,Treasurer
Carol Y. Harris,155517638,3rd Year,20268639,Gamma Team,Vice-Leader
Robert X. Smith,155517639,3rd Year,20268640,Delta Team,Member
James V. Joshi,155517640,3rd Year,20268641,Alpha Team,Leader
Kenneth L. Harris,155517641,3rd Year,20268642,Beta Team,Member
Kenneth T. Patel,155517642,3rd Year,20268643,Gamma Team,Analyst
Susan H. Iyer,155517643,3rd Year,20268644,Delta Team,Developer
Sandra Y. Garcia,155517644,3rd Year,20268645,Alpha Team,Designer
Isha K. Lewis,155517645,3rd Year,20268646,Beta Team,Coordinator
Joshua L. Martinez,155517646,3rd Year,20268647,Gamma Team,Secretary
Timothy O. Williams,155517647,3rd Year,20268648,Delta Team,Treasurer
Carol N. Lopez,155517648,3rd Year,20268649,Alpha Team,Vice-Leader
Mary Y. Sharma,155517649,3rd Year,20268650,Beta Team,Member
Dev T. Taylor,155517650,3rd Year,20268651,Gamma Team,Leader
Meera P. Jones,155517651,3rd Year,20268652,Delta Team,Member
Melissa X. Taylor,155517652,3rd Year,20268653,Alpha Team,Analyst
Ananya N. Rao,155517653,3rd Year,20268654,Beta Team,Developer
Donna X. Robinson,155517654,3rd Year,20268655,Gamma Team,Designer
Brian W. Patel,155517655,3rd Year,20268656,Delta Team,Coordinator
Andrew G. Jackson,155517656,3rd Year,20268657,Alpha Team,Secretary
Timothy P. Reddy,155517657,3rd Year,20268658,Beta Team,Treasurer
Betty C. Taylor,155517658,3rd Year,20268659,Gamma Team,Vice-Leader
Ananya V. Sharma,155517659,3rd Year,20268660,Delta Team,Member
Mark I. Clark,155517660,3rd Year,20268661,Alpha Team,Leader
Joseph T. Mehta,155517661,3rd Year,20268662,Beta Team,Member
Riya K. Kapoor,155517662,3rd Year,20268663,Gamma Team,Analyst
Linda R. Thompson,155517663,3rd Year,20268664,Delta Team,Developer
David E. Sanchez,155517664,3rd Year,20268665,Alpha Team,Designer
Riya N. Sen,155517665,3rd Year,20268666,Beta Team,Coordinator
Emily X. Jackson,155517666,3rd Year,20268667,Gamma Team,Secretary
Donald V. Martin,155517667,3rd Year,20268668,Delta Team,Treasurer
Kevin W. Moore,155517668,3rd Year,20268669,Alpha Team,Vice-Leader
Donna R. Thompson,155517669,3rd Year,20268670,Beta Team,Member
Melissa A. Sanchez,155517670,3rd Year,20268671,Gamma Team,Leader
Nancy R. White,155517671,3rd Year,20268672,Delta Team,Member
Joshua F. Perez,155517672,3rd Year,20268673,Alpha Team,Analyst
Jennifer X. Garcia,155517673,3rd Year,20268674,Beta Team,Developer
Riya M. Brown,155517674,3rd Year,20268675,Gamma Team,Designer
Karen P. Lee,155517675,3rd Year,20268676,Delta Team,Coordinator
Mary A. Davis,155517676,3rd Year,20268677,Alpha Team,Secretary
Joshua P. Anderson,155517677,3rd Year,20268678,Beta Team,Treasurer
Donna F. Jackson,155517678,3rd Year,20268679,Gamma Team,Vice-Leader
Patricia G. Smith,155517679,3rd Year,20268680,Delta Team,Member
Thomas X. Anderson,155517680,3rd Year,20268681,Alpha Team,Leader
Kabir U. Perez,155517681,3rd Year,20268682,Beta Team,Member
Mary Y. Williams,155517682,3rd Year,20268683,Gamma Team,Analyst
Kevin B. Lopez,155517683,3rd Year,20268684,Delta Team,Developer
Meera V. Anderson,155517684,3rd Year,20268685,Alpha Team,Designer
Kimberly J. Jackson,155517685,3rd Year,20268686,Beta Team,Coordinator
Robert K. Brown,155517686,3rd Year,20268687,Gamma Team,Secretary
James J. Kapoor,155517687,3rd Year,20268688,Delta Team,Treasurer
Charles N. Lee,155517688,3rd Year,20268689,Alpha Team,Vice-Leader
Michelle Z. Rodriguez,155517689,3rd Year,20268690,Beta Team,Member
Mark X. Lewis,155517690,3rd Year,20268691,Gamma Team,Leader
William X. Iyer,155517691,3rd Year,20268692,Delta Team,Member
Linda B. Anderson,155517692,3rd Year,20268693,Alpha Team,Analyst
John U. Smith,155517693,3rd Year,20268694,Beta Team,Developer
Margaret U. Martinez,155517694,3rd Year,20268695,Gamma Team,Designer
Carol J. Kapoor,155517695,3rd Year,20268696,Delta Team,Coordinator
Andrew Q. White,155517696,3rd Year,20268697,Alpha Team,Secretary
Nancy R. Jackson,155517697,3rd Year,20268698,Beta Team,Treasurer
Zara W. Jackson,155517698,3rd Year,20268699,Gamma Team,Vice-Leader
Meera W. Ramirez,155517699,3rd Year,20268700,Delta Team,Member
Ananya Y. Rodriguez,155517700,3rd Year,20268701,Alpha Team,Leader
Margaret Y. Moore,155517701,3rd Year,20268702,Beta Team,Member
Melissa D. Garcia,155517702,3rd Year,20268703,Gamma Team,Analyst
Robert H. Gonzalez,155517703,3rd Year,20268704,Delta Team,Developer
Dev I. Sanchez,155517704,3rd Year,20268705,Alpha Team,Designer
Nancy Y. Thompson,155517705,3rd Year,20268706,Beta Team,Coordinator
Jennifer Z. Perez,155517706,3rd Year,20268707,Gamma Team,Secretary
Mark P. Rao,155517707,3rd Year,20268708,Delta Team,Treasurer
Sarah D. Brown,155517708,3rd Year,20268709,Alpha Team,Vice-Leader
Brian T. Anderson,155517709,3rd Year,20268710,Beta Team,Member
Kenneth S. Anderson,155517710,3rd Year,20268711,Gamma Team,Leader
Ananya U. Jackson,155517711,3rd Year,20268712,Delta Team,Member
Thomas R. Sharma,155517712,3rd Year,20268713,Alpha Team,Analyst
Richard M. Sen,155517713,3rd Year,20268714,Beta Team,Developer
Kevin K. Nair,155517714,3rd Year,20268715,Gamma Team,Designer
David C. Thomas,155517715,3rd Year,20268716,Delta Team,Coordinator
Donna S. Clark,155517716,3rd Year,20268717,Alpha Team,Secretary
Vihaan I. Thompson,155517717,3rd Year,20268718,Beta Team,Treasurer
Ananya B. Anderson,155517718,3rd Year,20268719,Gamma Team,Vice-Leader
Jessica Z. Lewis,155517719,3rd Year,20268720,Delta Team,Member
Mark L. Taylor,155517720,3rd Year,20268721,Alpha Team,Leader
Kevin M. Brown,155517721,3rd Year,20268722,Beta Team,Member
Christopher W. Sen,155517722,3rd Year,20268723,Gamma Team,Analyst
Margaret Y. Hernandez,155517723,3rd Year,20268724,Delta Team,Developer
Sai S. Rao,155517724,3rd Year,20268725,Alpha Team,Designer
Margaret G. Johnson,155517725,3rd Year,20268726,Beta Team,Coordinator
Steven Z. Rao,155517726,3rd Year,20268727,Gamma Team,Secretary
Sandra E. Reddy,155517727,3rd Year,20268728,Delta Team,Treasurer
Paul Q. Patel,155517728,3rd Year,20268729,Alpha Team,Vice-Leader
Timothy B. Sanchez,155517729,3rd Year,20268730,Beta Team,Member
John K. Rao,155517730,3rd Year,20268731,Gamma Team,Leader
Carol S. Lopez,155517731,3rd Year,20268732,Delta Team,Member
Paul T. Kapoor,155517732,3rd Year,20268733,Alpha Team,Analyst
Kevin A. Moore,155517733,3rd Year,20268734,Beta Team,Developer
Sai G. Ramirez,155517734,3rd Year,20268735,Gamma Team,Designer
Carol I. Martinez,155517735,3rd Year,20268736,Delta Team,Coordinator
Ashley R. Sen,155517736,3rd Year,20268737,Alpha Team,Secretary
Michelle E. Joshi,155517737,3rd Year,20268738,Beta Team,Treasurer
Steven Q. Sharma,155517738,3rd Year,20268739,Gamma Team,Vice-Leader
Ronald B. Rao,155517739,3rd Year,20268740,Delta Team,Member
Michael X. Patel,155517740,3rd Year,20268741,Alpha Team,Leader
Matthew M. Taylor,155517741,3rd Year,20268742,Beta Team,Member
Nancy P. Joshi,155517742,3rd Year,20268743,Gamma Team,Analyst
Carol K. Hernandez,155517743,3rd Year,20268744,Delta Team,Developer
Kabir L. Sanchez,155517744,3rd Year,20268745,Alpha Team,Designer
Mary K. Rao,155517745,3rd Year,20268746,Beta Team,Coordinator
David I. Rao,155517746,3rd Year,20268747,Gamma Team,Secretary
Barbara L. Jones,155517747,3rd Year,20268748,Delta Team,Treasurer
Lisa H. Lopez,155517748,3rd Year,20268749,Alpha Team,Vice-Leader
Donald N. Robinson,155517749,3rd Year,20268750,Beta Team,Member
Aarav S. Ramirez,155517750,3rd Year,20268751,Gamma Team,Leader
Meera C. Lee,155517751,3rd Year,20268752,Delta Team,Member
Karen V. Martinez,155517752,3rd Year,20268753,Alpha Team,Analyst
Christopher V. Moore,155517753,3rd Year,20268754,Beta Team,Developer
Matthew Z. Miller,155517754,3rd Year,20268755,Gamma Team,Designer
Joshua G. Nair,155517755,3rd Year,20268756,Delta Team,Coordinator
Michael R. Reddy,155517756,3rd Year,20268757,Alpha Team,Secretary
Kevin L. Joshi,155517757,3rd Year,20268758,Beta Team,Treasurer
Sai D. Garcia,155517758,3rd Year,20268759,Gamma Team,Vice-Leader
Joseph E. Anderson,155517759,3rd Year,20268760,Delta Team,Member
Isha W. Brown,155517760,3rd Year,20268761,Alpha Team,Leader
Sandra A. Clark,155517761,3rd Year,20268762,Beta Team,Member
Betty A. White,155517762,3rd Year,20268763,Gamma Team,Analyst
John B. Sharma,155517763,3rd Year,20268764,Delta Team,Developer
Ashley X. Wilson,155517764,3rd Year,20268765,Alpha Team,Designer
Barbara S. Jones,155517765,3rd Year,20268766,Beta Team,Coordinator
Margaret F. Rao,155517766,3rd Year,20268767,Gamma Team,Secretary
Sandra I. Sharma,155517767,3rd Year,20268768,Delta Team,Treasurer
Susan P. Mehta,155517768,3rd Year,20268769,Alpha Team,Vice-Leader
John Q. Anderson,155517769,3rd Year,20268770,Beta Team,Member
Amanda R. White,155517770,3rd Year,20268771,Gamma Team,Leader
Kevin G. Joshi,155517771,3rd Year,20268772,Delta Team,Member
Ashley K. Wilson,155517772,3rd Year,20268773,Alpha Team,Analyst
Sai F. Reddy,155517773,3rd Year,20268774,Beta Team,Developer
Dev G. Sharma,155517774,3rd Year,20268775,Gamma Team,Designer
Mark S. Lopez,155517775,3rd Year,20268776,Delta Team,Coordinator
Elizabeth X. Thomas,155517776,3rd Year,20268777,Alpha Team,Secretary
Sandra Y. Clark,155517777,3rd Year,20268778,Beta Team,Treasurer
Sai H. Patel,155517778,3rd Year,20268779,Gamma Team,Vice-Leader
Lisa L. Lewis,155517779,3rd Year,20268780,Delta Team,Member
Isha Y. Martinez,155517780,3rd Year,20268781,Alpha Team,Leader
Kevin P. Martinez,155517781,3rd Year,20268782,Beta Team,Member
Steven R. Taylor,155517782,3rd Year,20268783,Gamma Team,Analyst
Christopher H. Sharma,155517783,3rd Year,20268784,Delta Team,Developer
Patricia D. Kapoor,155517784,3rd Year,20268785,Alpha Team,Designer
John O. Thompson,155517785,3rd Year,20268786,Beta Team,Coordinator
Sandra F. Sanchez,155517786,3rd Year,20268787,Gamma Team,Secretary
Kevin D. Ramirez,155517787,3rd Year,20268788,Delta Team,Treasurer
Donna S. Martinez,155517788,3rd Year,20268789,Alpha Team,Vice-Leader
Andrew F. Jackson,155517789,3rd Year,20268790,Beta Team,Member
Sai L. Patel,155517790,3rd Year,20268791,Gamma Team,Leader
James D. Patel,155517791,3rd Year,20268792,Delta Team,Member
Sarah N. Thompson,155517792,3rd Year,20268793,Alpha Team,Analyst
Ronald W. Martin,155517793,3rd Year,20268794,Beta Team,Developer
Dev J. Thompson,155517794,3rd Year,20268795,Gamma Team,Designer
Sarah I. Reddy,155517795,3rd Year,20268796,Delta Team,Coordinator
Donald N. Lewis,155517796,3rd Year,20268797,Alpha Team,Secretary
Barbara S. Gonzalez,155517797,3rd Year,20268798,Beta Team,Treasurer
Steven C. Joshi,155517798,3rd Year,20268799,Gamma Team,Vice-Leader
Riya O. Iyer,155517799,3rd Year,20268800,Delta Team,Member
Susan N. Kapoor,155517800,3rd Year,20268801,Alpha Team,Leader
Matthew N. Williams,155517801,3rd Year,20268802,Beta Team,Member
Donna N. Jones,155517802,3rd Year,20268803,Gamma Team,Analyst
Michael E. Williams,155517803,3rd Year,20268804,Delta Team,Developer
Timothy M. Thompson,155517804,3rd Year,20268805,Alpha Team,Designer
Joshua B. Nair,155517805,3rd Year,20268806,Beta Team,Coordinator
Kevin O. Harris,155517806,3rd Year,20268807,Gamma Team,Secretary
John X. Rao,155517807,3rd Year,20268808,Delta Team,Treasurer
Jessica N. Sharma,155517808,3rd Year,20268809,Alpha Team,Vice-Leader
Ananya P. Sharma,155517809,3rd Year,20268810,Beta Team,Member
John M. Sharma,155517810,3rd Year,20268811,Gamma Team,Leader
Christopher C. Jones,155517811,3rd Year,20268812,Delta Team,Member
Kimberly H. Jones,155517812,3rd Year,20268813,Alpha Team,Analyst
Sarah K. Mehta,155517813,3rd Year,20268814,Beta Team,Developer
Michelle B. Reddy,155517814,3rd Year,20268815,Gamma Team,Designer
Isha O. Martinez,155517815,3rd Year,20268816,Delta Team,Coordinator
Meera J. Williams,155517816,3rd Year,20268817,Alpha Team,Secretary
Michael H. Sen,155517817,3rd Year,20268818,Beta Team,Treasurer
Susan E. Brown,155517818,3rd Year,20268819,Gamma Team,Vice-Leader
Brian B. Perez,155517819,3rd Year,20268820,Delta Team,Member
Emily E. Garcia,155517820,3rd Year,20268821,Alpha Team,Leader
Sarah X. Patel,155517821,3rd Year,20268822,Beta Team,Member
Paul I. Sharma,155517822,3rd Year,20268823,Gamma Team,Analyst
Andrew E. Kapoor,155517823,3rd Year,20268824,Delta Team,Developer
David D. Moore,155517824,3rd Year,20268825,Alpha Team,Designer
Patricia R. White,155517825,3rd Year,20268826,Beta Team,Coordinator
Barbara K. Kapoor,155517826,3rd Year,20268827,Gamma Team,Secretary
Mark R. Anderson,155517827,3rd Year,20268828,Delta Team,Treasurer
Zara C. Moore,155517828,3rd Year,20268829,Alpha Team,Vice-Leader
Jennifer R. Thompson,155517829,3rd Year,20268830,Beta Team,Member
Michael V. Iyer,155517830,3rd Year,20268831,Gamma Team,Leader
James F. Sen,155517831,3rd Year,20268832,Delta Team,Member
Timothy T. Mehta,155517832,3rd Year,20268833,Alpha Team,Analyst
Andrew A. Jones,155517833,3rd Year,20268834,Beta Team,Developer
Dorothy B. Lopez,155517834,3rd Year,20268835,Gamma Team,Designer
James A. Clark,155517835,3rd Year,20268836,Delta Team,Coordinator
Vihaan Q. Brown,155517836,3rd Year,20268837,Alpha Team,Secretary
Anthony F. Thomas,155517837,3rd Year,20268838,Beta Team,Treasurer
Timothy F. Garcia,155517838,3rd Year,20268839,Gamma Team,Vice-Leader
Richard P. Nair,155517839,3rd Year,20268840,Delta Team,Member
John W. Rodriguez,155517840,3rd Year,20268841,Alpha Team,Leader
Zara G. Kapoor,155517841,3rd Year,20268842,Beta Team,Member
Anthony W. Perez,155517842,3rd Year,20268843,Gamma Team,Analyst
Melissa H. Taylor,155517843,3rd Year,20268844,Delta Team,Developer
Christopher C. Kapoor,155517844,3rd Year,20268845,Alpha Team,Designer
Susan D. Jones,155517845,3rd Year,20268846,Beta Team,Coordinator
Andrew X. Joshi,155517846,3rd Year,20268847,Gamma Team,Secretary
Richard M. Rao,155517847,3rd Year,20268848,Delta Team,Treasurer
Timothy L. Martinez,155517848,3rd Year,20268849,Alpha Team,Vice-Leader
Timothy X. Hernandez,155517849,3rd Year,20268850,Beta Team,Member
Vihaan R. Lopez,155517850,3rd Year,20268851,Gamma Team,Leader
Sai D. Patel,155517851,3rd Year,20268852,Delta Team,Member
Riya P. Sharma,155517852,3rd Year,20268853,Alpha Team,Analyst
Aarav M. Lopez,155517853,3rd Year,20268854,Beta Team,Developer
Andrew P. Rao,155517854,3rd Year,20268855,Gamma Team,Designer
Steven F. Thompson,155517855,3rd Year,20268856,Delta Team,Coordinator
Donna L. Ramirez,155517856,3rd Year,20268857,Alpha Team,Secretary
Michelle S. Nair,155517857,3rd Year,20268858,Beta Team,Treasurer
Melissa I. Lopez,155517858,3rd Year,20268859,Gamma Team,Vice-Leader
Barbara X. Thompson,155517859,3rd Year,20268860,Delta Team,Member
Patricia S. Garcia,155517860,3rd Year,20268861,Alpha Team,Leader
Mark N. Moore,155517861,3rd Year,20268862,Beta Team,Member
John E. Gonzalez,155517862,3rd Year,20268863,Gamma Team,Analyst
James P. Rodriguez,155517863,3rd Year,20268864,Delta Team,Developer
Dev V. Clark,155517864,3rd Year,20268865,Alpha Team,Designer
Michelle R. Brown,155517865,3rd Year,20268866,Beta Team,Coordinator
William V. Robinson,155517866,3rd Year,20268867,Gamma Team,Secretary
Donald V. Davis,155517867,3rd Year,20268868,Delta Team,Treasurer
Aarav O. Williams,155517868,3rd Year,20268869,Alpha Team,Vice-Leader
Barbara G. Gonzalez,155517869,3rd Year,20268870,Beta Team,Member
Patricia A. Wilson,155517870,3rd Year,20268871,Gamma Team,Leader
Kimberly O. Smith,155517871,3rd Year,20268872,Delta Team,Member
Timothy K. Thomas,155517872,3rd Year,20268873,Alpha Team,Analyst
Riya H. Harris,155517873,3rd Year,20268874,Beta Team,Developer
Susan B. Sanchez,155517874,3rd Year,20268875,Gamma Team,Designer
Meera M. Moore,155517875,3rd Year,20268876,Delta Team,Coordinator
Steven L. Martinez,155517876,3rd Year,20268877,Alpha Team,Secretary
Margaret J. Williams,155517877,3rd Year,20268878,Beta Team,Treasurer
Barbara O. Reddy,155517878,3rd Year,20268879,Gamma Team,Vice-Leader
Melissa N. Hernandez,155517879,3rd Year,20268880,Delta Team,Member
Joseph I. Brown,155517880,3rd Year,20268881,Alpha Team,Leader
Kenneth A. Lee,155517881,3rd Year,20268882,Beta Team,Member
Susan Y. Thompson,155517882,3rd Year,20268883,Gamma Team,Analyst
Daniel X. Ramirez,155517883,3rd Year,20268884,Delta Team,Developer
Richard L. Sharma,155517884,3rd Year,20268885,Alpha Team,Designer
Ashley K. Rodriguez,155517885,3rd Year,20268886,Beta Team,Coordinator
Andrew X. Brown,155517886,3rd Year,20268887,Gamma Team,Secretary
Jennifer J. Harris,155517887,3rd Year,20268888,Delta Team,Treasurer
Kabir D. Clark,155517888,3rd Year,20268889,Alpha Team,Vice-Leader
Emily D. Smith,155517889,3rd Year,20268890,Beta Team,Member
Jennifer F. Patel,155517890,3rd Year,20268891,Gamma Team,Leader
Susan R. Clark,155517891,3rd Year,20268892,Delta Team,Member
William S. Iyer,155517892,3rd Year,20268893,Alpha Team,Analyst
Carol O. Davis,155517893,3rd Year,20268894,Beta Team,Developer
Amanda O. Rodriguez,155517894,3rd Year,20268895,Gamma Team,Designer
Carol E. Ramirez,155517895,3rd Year,20268896,Delta Team,Coordinator
Donna Q. Martin,155517896,3rd Year,20268897,Alpha Team,Secretary
Nancy B. Davis,155517897,3rd Year,20268898,Beta Team,Treasurer
Christopher D. Brown,155517898,3rd Year,20268899,Gamma Team,Vice-Leader
Anthony O. Martin,155517899,3rd Year,20268900,Delta Team,Member
Richard P. Harris,155517900,3rd Year,20268901,Alpha Team,Leader
Vihaan N. Rao,155517901,3rd Year,20268902,Beta Team,Member
Mark P. Sen,155517902,3rd Year,20268903,Gamma Team,Analyst
Steven K. Garcia,155517903,3rd Year,20268904,Delta Team,Developer
Michael H. Lewis,155517904,3rd Year,20268905,Alpha Team,Designer
Deborah U. Lopez,155517905,3rd Year,20268906,Beta Team,Coordinator
Nancy N. Patel,155517906,3rd Year,20268907,Gamma Team,Secretary
Jessica L. Jones,155517907,3rd Year,20268908,Delta Team,Treasurer
Riya Y. Patel,155517908,3rd Year,20268909,Alpha Team,Vice-Leader
Betty X. Anderson,155517909,3rd Year,20268910,Beta Team,Member
Riya E. Moore,155517910,3rd Year,20268911,Gamma Team,Leader
Linda X. Rao,155517911,3rd Year,20268912,Delta Team,Member
Joseph K. Smith,155517912,3rd Year,20268913,Alpha Team,Analyst
Sandra Z. Jackson,155517913,3rd Year,20268914,Beta Team,Developer
Aarav R. Perez,155517914,3rd Year,20268915,Gamma Team,Designer
William S. Martin,155517915,3rd Year,20268916,Delta Team,Coordinator
David A. Thompson,155517916,3rd Year,20268917,Alpha Team,Secretary
William I. Moore,155517917,3rd Year,20268918,Beta Team,Treasurer
John T. Brown,155517918,3rd Year,20268919,Gamma Team,Vice-Leader
Jessica Z. Moore,155517919,3rd Year,20268920,Delta Team,Member
Vihaan Y. Robinson,155517920,3rd Year,20268921,Alpha Team,Leader
Paul G. Davis,155517921,3rd Year,20268922,Beta Team,Member
Amanda C. Perez,155517922,3rd Year,20268923,Gamma Team,Analyst
Margaret S. Johnson,155517923,3rd Year,20268924,Delta Team,Developer
Daniel H. Lopez,155517924,3rd Year,20268925,Alpha Team,Designer
Charles B. Harris,155517925,3rd Year,20268926,Beta Team,Coordinator
Barbara Z. Brown,155517926,3rd Year,20268927,Gamma Team,Secretary
William L. Moore,155517927,3rd Year,20268928,Delta Team,Treasurer
Zara F. Sanchez,155517928,3rd Year,20268929,Alpha Team,Vice-Leader
Ronald S. Davis,155517929,3rd Year,20268930,Beta Team,Member
Timothy R. Taylor,155517930,3rd Year,20268931,Gamma Team,Leader
William N. Reddy,155517931,3rd Year,20268932,Delta Team,Member
Elizabeth K. Sen,155517932,3rd Year,20268933,Alpha Team,Analyst
Sarah Z. Johnson,155517933,3rd Year,20268934,Beta Team,Developer
Deborah L. Sharma,155517934,3rd Year,20268935,Gamma Team,Designer
William F. Smith,155517935,3rd Year,20268936,Delta Team,Coordinator
Robert N. Iyer,155517936,3rd Year,20268937,Alpha Team,Secretary
Andrew M. Smith,155517937,3rd Year,20268938,Beta Team,Treasurer
Thomas A. Patel,155517938,3rd Year,20268939,Gamma Team,Vice-Leader
Barbara M. Kapoor,155517939,3rd Year,20268940,Delta Team,Member
Sandra V. Lopez,155517940,3rd Year,20268941,Alpha Team,Leader
Deborah J. Rao,155517941,3rd Year,20268942,Beta Team,Member
Patricia A. Rao,155517942,3rd Year,20268943,Gamma Team,Analyst
Paul N. Jones,155517943,3rd Year,20268944,Delta Team,Developer
Anthony S. Anderson,155517944,3rd Year,20268945,Alpha Team,Designer
Meera Q. Anderson,155517945,3rd Year,20268946,Beta Team,Coordinator
Kabir L. Davis,155517946,3rd Year,20268947,Gamma Team,Secretary
Joshua V. Clark,155517947,3rd Year,20268948,Delta Team,Treasurer
Kimberly Z. Patel,155517948,3rd Year,20268949,Alpha Team,Vice-Leader
David L. Thomas,155517949,3rd Year,20268950,Beta Team,Member
Christopher W. Miller,155517950,3rd Year,20268951,Gamma Team,Leader
Paul B. Patel,155517951,3rd Year,20268952,Delta Team,Member
Susan S. Williams,155517952,3rd Year,20268953,Alpha Team,Analyst
Kimberly Y. Joshi,155517953,3rd Year,20268954,Beta Team,Developer
Melissa X. Rodriguez,155517954,3rd Year,20268955,Gamma Team,Designer
Karen G. Lopez,155517955,3rd Year,20268956,Delta Team,Coordinator
Richard N. Perez,155517956,3rd Year,20268957,Alpha Team,Secretary
Robert I. Smith,155517957,3rd Year,20268958,Beta Team,Treasurer
Steven I. Ramirez,155517958,3rd Year,20268959,Gamma Team,Vice-Leader
Kevin W. Miller,155517959,3rd Year,20268960,Delta Team,Member
Sandra T. Smith,155517960,3rd Year,20268961,Alpha Team,Leader
Melissa M. Joshi,155517961,3rd Year,20268962,Beta Team,Member
Mark Q. Nair,155517962,3rd Year,20268963,Gamma Team,Analyst
Patricia B. Miller,155517963,3rd Year,20268964,Delta Team,Developer
Carol N. Thompson,155517964,3rd Year,20268965,Alpha Team,Designer
Amanda L. Jackson,155517965,3rd Year,20268966,Beta Team,Coordinator
Kabir B. Perez,155517966,3rd Year,20268967,Gamma Team,Secretary
Deborah B. Robinson,155517967,3rd Year,20268968,Delta Team,Treasurer
Mary L. Davis,155517968,3rd Year,20268969,Alpha Team,Vice-Leader
Paul I. Smith,155517969,3rd Year,20268970,Beta Team,Member
Aarav A. Sanchez,155517970,3rd Year,20268971,Gamma Team,Leader
Linda A. Robinson,155517971,3rd Year,20268972,Delta Team,Member
Kabir B. Thomas,155517972,3rd Year,20268973,Alpha Team,Analyst
Dev F. Rao,155517973,3rd Year,20268974,Beta Team,Developer
Mark X. Anderson,155517974,3rd Year,20268975,Gamma Team,Designer
Dorothy P. Harris,155517975,3rd Year,20268976,Delta Team,Coordinator
Mary S. Ramirez,155517976,3rd Year,20268977,Alpha Team,Secretary
Michelle K. Robinson,155517977,3rd Year,20268978,Beta Team,Treasurer
Kabir S. Martin,155517978,3rd Year,20268979,Gamma Team,Vice-Leader
Joseph T. Lee,155517979,3rd Year,20268980,Delta Team,Member
Christopher I. Moore,155517980,3rd Year,20268981,Alpha Team,Leader
Riya C. Anderson,155517981,3rd Year,20268982,Beta Team,Member
Mary R. Jackson,155517982,3rd Year,20268983,Gamma Team,Analyst
Dorothy C. Gonzalez,155517983,3rd Year,20268984,Delta Team,Developer
Anthony R. Moore,155517984,3rd Year,20268985,Alpha Team,Designer
John X. Thompson,155517985,3rd Year,20268986,Beta Team,Coordinator
Matthew D. Sanchez,155517986,3rd Year,20268987,Gamma Team,Secretary
Donna X. Sen,155517987,3rd Year,20268988,Delta Team,Treasurer
Steven Q. Robinson,155517988,3rd Year,20268989,Alpha Team,Vice-Leader
Betty Z. Iyer,155517989,3rd Year,20268990,Beta Team,Member
Joshua C. Kapoor,155517990,3rd Year,20268991,Gamma Team,Leader
Jennifer F. Garcia,155517991,3rd Year,20268992,Delta Team,Member
John A. Smith,155517992,3rd Year,20268993,Alpha Team,Analyst
Ronald H. Clark,155517993,3rd Year,20268994,Beta Team,Developer
Dorothy G. Sharma,155517994,3rd Year,20268995,Gamma Team,Designer
Isha C. Williams,155517995,3rd Year,20268996,Delta Team,Coordinator
Lisa C. Miller,155517996,3rd Year,20268997,Alpha Team,Secretary
Margaret P. Jackson,155517997,3rd Year,20268998,Beta Team,Treasurer
Matthew B. Perez,155517998,3rd Year,20268999,Gamma Team,Vice-Leader
Karen N. Moore,155517999,3rd Year,20269000,Delta Team,Member
Richard N. Thompson,155518000,3rd Year,20269001,Alpha Team,Leader
Margaret S. Reddy,155518001,3rd Year,20269002,Beta Team,Member
Ashley R. Wilson,155518002,3rd Year,20269003,Gamma Team,Analyst
Carol O. Lee,155518003,3rd Year,20269004,Delta Team,Developer
Brian Z. Sharma,155518004,3rd Year,20269005,Alpha Team,Designer
Ashley U. Martin,155518005,3rd Year,20269006,Beta Team,Coordinator
Charles I. Lopez,155518006,3rd Year,20269007,Gamma Team,Secretary
Ananya Y. Reddy,155518007,3rd Year,20269008,Delta Team,Treasurer
Paul U. Lopez,155518008,3rd Year,20269009,Alpha Team,Vice-Leader
Michael Y. Miller,155518009,3rd Year,20269010,Beta Team,Member
Dorothy V. Williams,155518010,3rd Year,20269011,Gamma Team,Leader
Thomas G. Jackson,155518011,3rd Year,20269012,Delta Team,Member
Charles R. Sen,155518012,3rd Year,20269013,Alpha Team,Analyst
Kabir F. Davis,155518013,3rd Year,20269014,Beta Team,Developer
Mary W. Taylor,155518014,3rd Year,20269015,Gamma Team,Designer
Mark J. Lewis,155518015,3rd Year,20269016,Delta Team,Coordinator
Sai W. Sen,155518016,3rd Year,20269017,Alpha Team,Secretary
Zara Z. Rodriguez,155518017,3rd Year,20269018,Beta Team,Treasurer
Robert L. Robinson,155518018,3rd Year,20269019,Gamma Team,Vice-Leader
Kimberly N. Sharma,155518019,3rd Year,20269020,Delta Team,Member
Isha B. Rodriguez,155518020,3rd Year,20269021,Alpha Team,Leader
Ananya A. White,155518021,3rd Year,20269022,Beta Team,Member
Thomas U. Rodriguez,155518022,3rd Year,20269023,Gamma Team,Analyst
Christopher F. Clark,155518023,3rd Year,20269024,Delta Team,Developer
Meera L. Lee,155518024,3rd Year,20269025,Alpha Team,Designer
Barbara W. Johnson,155518025,3rd Year,20269026,Beta Team,Coordinator
Sai G. Brown,155518026,3rd Year,20269027,Gamma Team,Secretary
Michael M. Sen,155518027,3rd Year,20269028,Delta Team,Treasurer
Linda M. Sen,155518028,3rd Year,20269029,Alpha Team,Vice-Leader
Elizabeth P. Hernandez,155518029,3rd Year,20269030,Beta Team,Member
Elizabeth V. Miller,155518030,3rd Year,20269031,Gamma Team,Leader
Daniel P. Lopez,155518031,3rd Year,20269032,Delta Team,Member
Steven R. Ramirez,155518032,3rd Year,20269033,Alpha Team,Analyst
James X. Mehta,155518033,3rd Year,20269034,Beta Team,Developer
Meera S. Thompson,155518034,3rd Year,20269035,Gamma Team,Designer
Kevin F. Patel,155518035,3rd Year,20269036,Delta Team,Coordinator
Deborah K. Gonzalez,155518036,3rd Year,20269037,Alpha Team,Secretary
Daniel W. Martinez,155518037,3rd Year,20269038,Beta Team,Treasurer
Riya M. Thompson,155518038,3rd Year,20269039,Gamma Team,Vice-Leader
Ananya F. White,155518039,3rd Year,20269040,Delta Team,Member
Charles F. Lopez,155518040,3rd Year,20269041,Alpha Team,Leader
Kenneth E. Thomas,155518041,3rd Year,20269042,Beta Team,Member
Aarav U. Hernandez,155518042,3rd Year,20269043,Gamma Team,Analyst
Dorothy U. Sen,155518043,3rd Year,20269044,Delta Team,Developer
Isha Z. White,155518044,3rd Year,20269045,Alpha Team,Designer
Elizabeth C. Davis,155518045,3rd Year,20269046,Beta Team,Coordinator
Mary N. Lee,155518046,3rd Year,20269047,Gamma Team,Secretary
Steven C. Patel,155518047,3rd Year,20269048,Delta Team,Treasurer
Nancy A. Iyer,155518048,3rd Year,20269049,Alpha Team,Vice-Leader
Deborah E. Wilson,155518049,3rd Year,20269050,Beta Team,Member
Matthew P. Johnson,155518050,3rd Year,20269051,Gamma Team,Leader
Jennifer V. Clark,155518051,3rd Year,20269052,Delta Team,Member
Sai G. Taylor,155518052,3rd Year,20269053,Alpha Team,Analyst
Sai E. Jackson,155518053,3rd Year,20269054,Beta Team,Developer
Brian S. White,155518054,3rd Year,20269055,Gamma Team,Designer
Kevin Q. Kapoor,155518055,3rd Year,20269056,Delta Team,Coordinator
Emily L. Taylor,155518056,3rd Year,20269057,Alpha Team,Secretary
Nancy J. Ramirez,155518057,3rd Year,20269058,Beta Team,Treasurer
Richard Z. Rodriguez,155518058,3rd Year,20269059,Gamma Team,Vice-Leader
Sandra P. Ramirez,155518059,3rd Year,20269060,Delta Team,Member
Mark L. Mehta,155518060,3rd Year,20269061,Alpha Team,Leader
Kenneth T. Robinson,155518061,3rd Year,20269062,Beta Team,Member
Jessica G. Johnson,155518062,3rd Year,20269063,Gamma Team,Analyst
Timothy P. White,155518063,3rd Year,20269064,Delta Team,Developer
Sai I. Miller,155518064,3rd Year,20269065,Alpha Team,Designer
Daniel H. Thompson,155518065,3rd Year,20269066,Beta Team,Coordinator
Melissa E. Perez,155518066,3rd Year,20269067,Gamma Team,Secretary
Emily V. Thompson,155518067,3rd Year,20269068,Delta Team,Treasurer
James A. Martinez,155518068,3rd Year,20269069,Alpha Team,Vice-Leader
Ashley C. Anderson,155518069,3rd Year,20269070,Beta Team,Member
Ananya P. Anderson,155518070,3rd Year,20269071,Gamma Team,Leader
Emily C. White,155518071,3rd Year,20269072,Delta Team,Member
Emily O. Mehta,155518072,3rd Year,20269073,Alpha Team,Analyst
Brian I. Kapoor,155518073,3rd Year,20269074,Beta Team,Developer
Thomas Q. Garcia,155518074,3rd Year,20269075,Gamma Team,Designer
Elizabeth V. Anderson,155518075,3rd Year,20269076,Delta Team,Coordinator
Thomas X. Hernandez,155518076,3rd Year,20269077,Alpha Team,Secretary
Emily A. Sen,155518077,3rd Year,20269078,Beta Team,Treasurer
Nancy J. Lewis,155518078,3rd Year,20269079,Gamma Team,Vice-Leader
Dev G. Patel,155518079,3rd Year,20269080,Delta Team,Member
Meera B. Joshi,155518080,3rd Year,20269081,Alpha Team,Leader
Melissa W. Robinson,155518081,3rd Year,20269082,Beta Team,Member
Charles A. Jackson,155518082,3rd Year,20269083,Gamma Team,Analyst
Ananya O. Kapoor,155518083,3rd Year,20269084,Delta Team,Developer
Ronald D. Lee,155518084,3rd Year,20269085,Alpha Team,Designer
Ananya M. Kapoor,155518085,3rd Year,20269086,Beta Team,Coordinator
Melissa J. Wilson,155518086,3rd Year,20269087,Gamma Team,Secretary
Sarah F. Garcia,155518087,3rd Year,20269088,Delta Team,Treasurer
Amanda C. Ramirez,155518088,3rd Year,20269089,Alpha Team,Vice-Leader
Paul E. Garcia,155518089,3rd Year,20269090,Beta Team,Member
Riya P. Lewis,155518090,3rd Year,20269091,Gamma Team,Leader
Sai H. Jones,155518091,3rd Year,20269092,Delta Team,Member
Kevin H. White,155518092,3rd Year,20269093,Alpha Team,Analyst
Matthew E. Williams,155518093,3rd Year,20269094,Beta Team,Developer
James Z. Thompson,155518094,3rd Year,20269095,Gamma Team,Designer
Kimberly E. Martinez,155518095,3rd Year,20269096,Delta Team,Coordinator
Linda C. Perez,155518096,3rd Year,20269097,Alpha Team,Secretary
Aarav L. Robinson,155518097,3rd Year,20269098,Beta Team,Treasurer
Dev I. Thomas,155518098,3rd Year,20269099,Gamma Team,Vice-Leader
Melissa B. Rodriguez,155518099,3rd Year,20269100,Delta Team,Member
William M. Clark,155518100,3rd Year,20269101,Alpha Team,Leader
Carol X. Wilson,155518101,3rd Year,20269102,Beta Team,Member
Jessica G. Jones,155518102,3rd Year,20269103,Gamma Team,Analyst
Mark J. Moore,155518103,3rd Year,20269104,Delta Team,Developer
Kabir M. Nair,155518104,3rd Year,20269105,Alpha Team,Designer
Donald L. Davis,155518105,3rd Year,20269106,Beta Team,Coordinator
Amanda K. Wilson,155518106,3rd Year,20269107,Gamma Team,Secretary
David M. Jackson,155518107,3rd Year,20269108,Delta Team,Treasurer
Margaret D. Davis,155518108,3rd Year,20269109,Alpha Team,Vice-Leader
Dev R. Clark,155518109,3rd Year,20269110,Beta Team,Member
Riya M. Sharma,155518110,3rd Year,20269111,Gamma Team,Leader
Zara G. Sen,155518111,3rd Year,20269112,Delta Team,Member
Karen O. Anderson,155518112,3rd Year,20269113,Alpha Team,Analyst
Sai N. Patel,155518113,3rd Year,20269114,Beta Team,Developer
Linda U. Gonzalez,155518114,3rd Year,20269115,Gamma Team,Designer
Deborah L. Williams,155518115,3rd Year,20269116,Delta Team,Coordinator
Timothy Y. Sanchez,155518116,3rd Year,20269117,Alpha Team,Secretary
Christopher R. Jones,155518117,3rd Year,20269118,Beta Team,Treasurer
Deborah B. Harris,155518118,3rd Year,20269119,Gamma Team,Vice-Leader
Donald K. Gonzalez,155518119,3rd Year,20269120,Delta Team,Member
Susan I. Mehta,155518120,3rd Year,20269121,Alpha Team,Leader
Margaret F. Sen,155518121,3rd Year,20269122,Beta Team,Member
Richard P. Moore,155518122,3rd Year,20269123,Gamma Team,Analyst
Vihaan A. Lopez,155518123,3rd Year,20269124,Delta Team,Developer
Donna T. Rodriguez,155518124,3rd Year,20269125,Alpha Team,Designer
Kabir Z. Martin,155518125,3rd Year,20269126,Beta Team,Coordinator
Christopher B. White,155518126,3rd Year,20269127,Gamma Team,Secretary
Isha A. Lee,155518127,3rd Year,20269128,Delta Team,Treasurer
Brian Z. Harris,155518128,3rd Year,20269129,Alpha Team,Vice-Leader
Patricia E. Sharma,155518129,3rd Year,20269130,Beta Team,Member
Michelle O. Hernandez,155518130,3rd Year,20269131,Gamma Team,Leader
Riya G. Kapoor,155518131,3rd Year,20269132,Delta Team,Member
Steven Q. Davis,155518132,3rd Year,20269133,Alpha Team,Analyst
Margaret Y. Gonzalez,155518133,3rd Year,20269134,Beta Team,Developer
Daniel C. Perez,155518134,3rd Year,20269135,Gamma Team,Designer
Kevin X. Hernandez,155518135,3rd Year,20269136,Delta Team,Coordinator
Ananya D. Sharma,155518136,3rd Year,20269137,Alpha Team,Secretary
Matthew B. White,155518137,3rd Year,20269138,Beta Team,Treasurer
Timothy Z. Johnson,155518138,3rd Year,20269139,Gamma Team,Vice-Leader
Brian P. Martinez,155518139,3rd Year,20269140,Delta Team,Member
Anthony F. Martin,155518140,3rd Year,20269141,Alpha Team,Leader
Anthony K. Brown,155518141,3rd Year,20269142,Beta Team,Member
Timothy A. White,155518142,3rd Year,20269143,Gamma Team,Analyst
Matthew J. Robinson,155518143,3rd Year,20269144,Delta Team,Developer
Lisa L. Hernandez,155518144,3rd Year,20269145,Alpha Team,Designer
Lisa I. Taylor,155518145,3rd Year,20269146,Beta Team,Coordinator
Michael V. Sen,155518146,3rd Year,20269147,Gamma Team,Secretary
Michelle L. Garcia,155518147,3rd Year,20269148,Delta Team,Treasurer
Kimberly S. Martin,155518148,3rd Year,20269149,Alpha Team,Vice-Leader
Linda K. Hernandez,155518149,3rd Year,20269150,Beta Team,Member
Paul N. Iyer,155518150,3rd Year,20269151,Gamma Team,Leader
Robert J. Nair,155518151,3rd Year,20269152,Delta Team,Member
Mark S. Harris,155518152,3rd Year,20269153,Alpha Team,Analyst
Andrew C. Hernandez,155518153,3rd Year,20269154,Beta Team,Developer
Deborah T. Brown,155518154,3rd Year,20269155,Gamma Team,Designer
Kimberly T. Joshi,155518155,3rd Year,20269156,Delta Team,Coordinator
Matthew G. White,155518156,3rd Year,20269157,Alpha Team,Secretary
Ashley V. Reddy,155518157,3rd Year,20269158,Beta Team,Treasurer
Vihaan R. Jones,155518158,3rd Year,20269159,Gamma Team,Vice-Leader
Michelle J. Moore,155518159,3rd Year,20269160,Delta Team,Member
Michelle V. Perez,155518160,3rd Year,20269161,Alpha Team,Leader
Dorothy G. Sen,155518161,3rd Year,20269162,Beta Team,Member
Betty M. Harris,155518162,3rd Year,20269163,Gamma Team,Analyst
Dev I. Anderson,155518163,3rd Year,20269164,Delta Team,Developer
Margaret K. Anderson,155518164,3rd Year,20269165,Alpha Team,Designer
Joseph P. Reddy,155518165,3rd Year,20269166,Beta Team,Coordinator
David J. Lopez,155518166,3rd Year,20269167,Gamma Team,Secretary
Elizabeth X. Smith,155518167,3rd Year,20269168,Delta Team,Treasurer
David N. White,155518168,3rd Year,20269169,Alpha Team,Vice-Leader
Kimberly B. Anderson,155518169,3rd Year,20269170,Beta Team,Member
Kabir B. Jackson,155518170,3rd Year,20269171,Gamma Team,Leader
Deborah E. Lee,155518171,3rd Year,20269172,Delta Team,Member
Meera W. Sen,155518172,3rd Year,20269173,Alpha Team,Analyst
Susan G. Patel,155518173,3rd Year,20269174,Beta Team,Developer
Daniel O. Jackson,155518174,3rd Year,20269175,Gamma Team,Designer
Elizabeth O. Martinez,155518175,3rd Year,20269176,Delta Team,Coordinator
Timothy W. Robinson,155518176,3rd Year,20269177,Alpha Team,Secretary
Melissa I. Thomas,155518177,3rd Year,20269178,Beta Team,Treasurer
Isha V. Rao,155518178,3rd Year,20269179,Gamma Team,Vice-Leader
Donald P. Williams,155518179,3rd Year,20269180,Delta Team,Member
Matthew E. Johnson,155518180,3rd Year,20269181,Alpha Team,Leader
Michael H. Smith,155518181,3rd Year,20269182,Beta Team,Member
Barbara J. Brown,155518182,3rd Year,20269183,Gamma Team,Analyst
Ashley S. Thompson,155518183,3rd Year,20269184,Delta Team,Developer
William V. Perez,155518184,3rd Year,20269185,Alpha Team,Designer
Anthony R. Clark,155518185,3rd Year,20269186,Beta Team,Coordinator
Zara E. Thomas,155518186,3rd Year,20269187,Gamma Team,Secretary
Jennifer Z. Harris,155518187,3rd Year,20269188,Delta Team,Treasurer
Sai G. Joshi,155518188,3rd Year,20269189,Alpha Team,Vice-Leader
Richard Z. Brown,155518189,3rd Year,20269190,Beta Team,Member
Donald K. Miller,155518190,3rd Year,20269191,Gamma Team,Leader
Betty Q. Brown,155518191,3rd Year,20269192,Delta Team,Member
John B. Perez,155518192,3rd Year,20269193,Alpha Team,Analyst
Patricia C. Mehta,155518193,3rd Year,20269194,Beta Team,Developer
Ananya T. Thomas,155518194,3rd Year,20269195,Gamma Team,Designer
William R. Kapoor,155518195,3rd Year,20269196,Delta Team,Coordinator
Thomas K. Smith,155518196,3rd Year,20269197,Alpha Team,Secretary
Dev T. Davis,155518197,3rd Year,20269198,Beta Team,Treasurer
Donna W. Hernandez,155518198,3rd Year,20269199,Gamma Team,Vice-Leader
Sandra Y. Davis,155518199,3rd Year,20269200,Delta Team,Member
Patricia L. Jackson,155518200,3rd Year,20269201,Alpha Team,Leader
Aarav C. Brown,155518201,3rd Year,20269202,Beta Team,Member
Paul E. Smith,155518202,3rd Year,20269203,Gamma Team,Analyst
Amanda I. Mehta,155518203,3rd Year,20269204,Delta Team,Developer
Deborah X. Moore,155518204,3rd Year,20269205,Alpha Team,Designer
Isha J. Martin,155518205,3rd Year,20269206,Beta Team,Coordinator
John H. Wilson,155518206,3rd Year,20269207,Gamma Team,Secretary
Paul C. Lewis,155518207,3rd Year,20269208,Delta Team,Treasurer
Riya J. Lewis,155518208,3rd Year,20269209,Alpha Team,Vice-Leader
Carol H. Lee,155518209,3rd Year,20269210,Beta Team,Member
Donna A. Miller,155518210,3rd Year,20269211,Gamma Team,Leader
Ronald L. Mehta,155518211,3rd Year,20269212,Delta Team,Member
Ashley C. Jackson,155518212,3rd Year,20269213,Alpha Team,Analyst
Matthew V. Robinson,155518213,3rd Year,20269214,Beta Team,Developer
Deborah A. Anderson,155518214,3rd Year,20269215,Gamma Team,Designer
Kimberly U. Sharma,155518215,3rd Year,20269216,Delta Team,Coordinator
Carol U. Davis,155518216,3rd Year,20269217,Alpha Team,Secretary
Matthew E. Lee,155518217,3rd Year,20269218,Beta Team,Treasurer
Ronald S. Brown,155518218,3rd Year,20269219,Gamma Team,Vice-Leader
Meera R. Moore,155518219,3rd Year,20269220,Delta Team,Member
Kabir I. Sanchez,155518220,3rd Year,20269221,Alpha Team,Leader
Charles I. Ramirez,155518221,3rd Year,20269222,Beta Team,Member
Patricia L. Sanchez,155518222,3rd Year,20269223,Gamma Team,Analyst
Michelle O. Miller,155518223,3rd Year,20269224,Delta Team,Developer
Brian D. Miller,155518224,3rd Year,20269225,Alpha Team,Designer
Patricia P. Harris,155518225,3rd Year,20269226,Beta Team,Coordinator
Carol N. Martin,155518226,3rd Year,20269227,Gamma Team,Secretary
Lisa R. Lewis,155518227,3rd Year,20269228,Delta Team,Treasurer
Amanda B. Smith,155518228,3rd Year,20269229,Alpha Team,Vice-Leader
Andrew V. Williams,155518229,3rd Year,20269230,Beta Team,Member
Vihaan S. Iyer,155518230,3rd Year,20269231,Gamma Team,Leader
Linda C. Mehta,155518231,3rd Year,20269232,Delta Team,Member
Donna E. Perez,155518232,3rd Year,20269233,Alpha Team,Analyst
Andrew Z. Hernandez,155518233,3rd Year,20269234,Beta Team,Developer
Mary R. Johnson,155518234,3rd Year,20269235,Gamma Team,Designer
Karen C. Smith,155518235,3rd Year,20269236,Delta Team,Coordinator
Donald Y. Mehta,155518236,3rd Year,20269237,Alpha Team,Secretary
Ronald R. Sanchez,155518237,3rd Year,20269238,Beta Team,Treasurer
Thomas B. Kapoor,155518238,3rd Year,20269239,Gamma Team,Vice-Leader
Andrew C. Miller,155518239,3rd Year,20269240,Delta Team,Member
Elizabeth E. Wilson,155518240,3rd Year,20269241,Alpha Team,Leader
Brian G. Nair,155518241,3rd Year,20269242,Beta Team,Member
Robert E. Davis,155518242,3rd Year,20269243,Gamma Team,Analyst
John Q. Rodriguez,155518243,3rd Year,20269244,Delta Team,Developer
Sandra G. Miller,155518244,3rd Year,20269245,Alpha Team,Designer
Nancy Z. Garcia,155518245,3rd Year,20269246,Beta Team,Coordinator
Kabir Q. Mehta,155518246,3rd Year,20269247,Gamma Team,Secretary
Elizabeth L. Miller,155518247,3rd Year,20269248,Delta Team,Treasurer
Kimberly V. Kapoor,155518248,3rd Year,20269249,Alpha Team,Vice-Leader
Mark U. Miller,155518249,3rd Year,20269250,Beta Team,Member
Daniel T. Joshi,155518250,3rd Year,20269251,Gamma Team,Leader
Kevin U. Rao,155518251,3rd Year,20269252,Delta Team,Member
Robert J. Rao,155518252,3rd Year,20269253,Alpha Team,Analyst
Joshua X. Sen,155518253,3rd Year,20269254,Beta Team,Developer
Dorothy D. Brown,155518254,3rd Year,20269255,Gamma Team,Designer
Timothy F. Rodriguez,155518255,3rd Year,20269256,Delta Team,Coordinator
Ashley D. Lee,155518256,3rd Year,20269257,Alpha Team,Secretary
Aarav D. Lewis,155518257,3rd Year,20269258,Beta Team,Treasurer
Robert N. Hernandez,155518258,3rd Year,20269259,Gamma Team,Vice-Leader
Margaret R. Patel,155518259,3rd Year,20269260,Delta Team,Member
Jessica X. Williams,155518260,3rd Year,20269261,Alpha Team,Leader
Ananya T. Garcia,155518261,3rd Year,20269262,Beta Team,Member
Kenneth P. Garcia,155518262,3rd Year,20269263,Gamma Team,Analyst
Deborah Z. Ramirez,155518263,3rd Year,20269264,Delta Team,Developer
Robert L. Thomas,155518264,3rd Year,20269265,Alpha Team,Designer
Mark O. Wilson,155518265,3rd Year,20269266,Beta Team,Coordinator
Brian Q. Rao,155518266,3rd Year,20269267,Gamma Team,Secretary
Steven G. Sanchez,155518267,3rd Year,20269268,Delta Team,Treasurer
Elizabeth Y. Kapoor,155518268,3rd Year,20269269,Alpha Team,Vice-Leader
Paul B. Thompson,155518269,3rd Year,20269270,Beta Team,Member
Elizabeth Q. Lee,155518270,3rd Year,20269271,Gamma Team,Leader
Vihaan R. Lewis,155518271,3rd Year,20269272,Delta Team,Member
Sarah Y. Wilson,155518272,3rd Year,20269273,Alpha Team,Analyst
Karen R. Patel,155518273,3rd Year,20269274,Beta Team,Developer
Meera Z. Reddy,155518274,3rd Year,20269275,Gamma Team,Designer
Michael A. Perez,155518275,3rd Year,20269276,Delta Team,Coordinator
Emily V. Lee,155518276,3rd Year,20269277,Alpha Team,Secretary
Mark L. Iyer,155518277,3rd Year,20269278,Beta Team,Treasurer
Thomas J. Hernandez,155518278,3rd Year,20269279,Gamma Team,Vice-Leader
Matthew E. Rao,155518279,3rd Year,20269280,Delta Team,Member
Charles I. Sharma,155518280,3rd Year,20269281,Alpha Team,Leader
Zara E. Miller,155518281,3rd Year,20269282,Beta Team,Member
Ananya K. Moore,155518282,3rd Year,20269283,Gamma Team,Analyst
Brian R. Iyer,155518283,3rd Year,20269284,Delta Team,Developer
Jessica U. Ramirez,155518284,3rd Year,20269285,Alpha Team,Designer
Thomas I. Miller,155518285,3rd Year,20269286,Beta Team,Coordinator
Charles I. Thomas,155518286,3rd Year,20269287,Gamma Team,Secretary
Riya F. Brown,155518287,3rd Year,20269288,Delta Team,Treasurer
Charles E. Reddy,155518288,3rd Year,20269289,Alpha Team,Vice-Leader
Ananya Z. Lopez,155518289,3rd Year,20269290,Beta Team,Member
Brian I. Davis,155518290,3rd Year,20269291,Gamma Team,Leader
Dev Q. Sen,155518291,3rd Year,20269292,Delta Team,Member
Kevin K. Smith,155518292,3rd Year,20269293,Alpha Team,Analyst
James Y. Johnson,155518293,3rd Year,20269294,Beta Team,Developer
Ananya E. Harris,155518294,3rd Year,20269295,Gamma Team,Designer
Brian L. White,155518295,3rd Year,20269296,Delta Team,Coordinator
Sarah V. Sanchez,155518296,3rd Year,20269297,Alpha Team,Secretary
Joshua M. Williams,155518297,3rd Year,20269298,Beta Team,Treasurer
Betty L. Gonzalez,155518298,3rd Year,20269299,Gamma Team,Vice-Leader
John T. Iyer,155518299,3rd Year,20269300,Delta Team,Member
Charles V. Anderson,155518300,3rd Year,20269301,Alpha Team,Leader
Riya O. Garcia,155518301,3rd Year,20269302,Beta Team,Member
David G. Johnson,155518302,3rd Year,20269303,Gamma Team,Analyst
Carol Q. Brown,155518303,3rd Year,20269304,Delta Team,Developer
Sarah Z. Davis,155518304,3rd Year,20269305,Alpha Team,Designer
Daniel P. Clark,155518305,3rd Year,20269306,Beta Team,Coordinator
Andrew V. Jackson,155518306,3rd Year,20269307,Gamma Team,Secretary
Matthew P. Harris,155518307,3rd Year,20269308,Delta Team,Treasurer
James M. Nair,155518308,3rd Year,20269309,Alpha Team,Vice-Leader
Isha O. Lewis,155518309,3rd Year,20269310,Beta Team,Member
Karen R. Iyer,155518310,3rd Year,20269311,Gamma Team,Leader
Michelle N. Anderson,155518311,3rd Year,20269312,Delta Team,Member
Ashley R. Clark,155518312,3rd Year,20269313,Alpha Team,Analyst
Steven K. Anderson,155518313,3rd Year,20269314,Beta Team,Developer
Carol Y. Rao,155518314,3rd Year,20269315,Gamma Team,Designer
Kenneth N. Joshi,155518315,3rd Year,20269316,Delta Team,Coordinator
William G. Iyer,155518316,3rd Year,20269317,Alpha Team,Secretary
Aarav T. Brown,155518317,3rd Year,20269318,Beta Team,Treasurer
Michael L. Brown,155518318,3rd Year,20269319,Gamma Team,Vice-Leader
Paul Y. Moore,155518319,3rd Year,20269320,Delta Team,Member
Kevin K. Reddy,155518320,3rd Year,20269321,Alpha Team,Leader
Brian Z. Smith,155518321,3rd Year,20269322,Beta Team,Member
Melissa K. Anderson,155518322,3rd Year,20269323,Gamma Team,Analyst
Sandra P. Gonzalez,155518323,3rd Year,20269324,Delta Team,Developer
Jessica H. Davis,155518324,3rd Year,20269325,Alpha Team,Designer
Ronald L. White,155518325,3rd Year,20269326,Beta Team,Coordinator
Kabir S. Sanchez,155518326,3rd Year,20269327,Gamma Team,Secretary
Timothy A. Lopez,155518327,3rd Year,20269328,Delta Team,Treasurer
Richard A. Lopez,155518328,3rd Year,20269329,Alpha Team,Vice-Leader
Paul R. Lee,155518329,3rd Year,20269330,Beta Team,Member
Matthew A. Patel,155518330,3rd Year,20269331,Gamma Team,Leader
Dev S. Smith,155518331,3rd Year,20269332,Delta Team,Member
Kenneth W. Sharma,155518332,3rd Year,20269333,Alpha Team,Analyst
William E. Harris,155518333,3rd Year,20269334,Beta Team,Developer
Matthew K. Miller,155518334,3rd Year,20269335,Gamma Team,Designer
Carol L. Clark,155518335,3rd Year,20269336,Delta Team,Coordinator
Mark X. Perez,155518336,3rd Year,20269337,Alpha Team,Secretary
Brian O. Joshi,155518337,3rd Year,20269338,Beta Team,Treasurer
Paul R. Martin,155518338,3rd Year,20269339,Gamma Team,Vice-Leader
Anthony U. Gonzalez,155518339,3rd Year,20269340,Delta Team,Member
Emily U. Lopez,155518340,3rd Year,20269341,Alpha Team,Leader
Vihaan H. Davis,155518341,3rd Year,20269342,Beta Team,Member
Carol J. Thomas,155518342,3rd Year,20269343,Gamma Team,Analyst
Michael K. Patel,155518343,3rd Year,20269344,Delta Team,Developer
Ananya V. Ramirez,155518344,3rd Year,20269345,Alpha Team,Designer
Mary P. Sanchez,155518345,3rd Year,20269346,Beta Team,Coordinator
Riya J. Garcia,155518346,3rd Year,20269347,Gamma Team,Secretary
Sai B. Martin,155518347,3rd Year,20269348,Delta Team,Treasurer
Kabir O. Patel,155518348,3rd Year,20269349,Alpha Team,Vice-Leader
Robert V. Sanchez,155518349,3rd Year,20269350,Beta Team,Member
Andrew P. Iyer,155518350,3rd Year,20269351,Gamma Team,Leader
Paul D. Thompson,155518351,3rd Year,20269352,Delta Team,Member
Sarah L. Davis,155518352,3rd Year,20269353,Alpha Team,Analyst
Aarav F. Perez,155518353,3rd Year,20269354,Beta Team,Developer
Richard A. Miller,155518354,3rd Year,20269355,Gamma Team,Designer
Donald S. Wilson,155518355,3rd Year,20269356,Delta Team,Coordinator
Dorothy T. Sharma,155518356,3rd Year,20269357,Alpha Team,Secretary
Lisa B. Sharma,155518357,3rd Year,20269358,Beta Team,Treasurer
Andrew G. Gonzalez,155518358,3rd Year,20269359,Gamma Team,Vice-Leader
Barbara B. Iyer,155518359,3rd Year,20269360,Delta Team,Member
Timothy K. Robinson,155518360,3rd Year,20269361,Alpha Team,Leader
Linda O. Thomas,155518361,3rd Year,20269362,Beta Team,Member
Isha U. Thompson,155518362,3rd Year,20269363,Gamma Team,Analyst
Jennifer J. Sharma,155518363,3rd Year,20269364,Delta Team,Developer
Andrew S. Anderson,155518364,3rd Year,20269365,Alpha Team,Designer
Charles G. Clark,155518365,3rd Year,20269366,Beta Team,Coordinator
Kenneth W. Johnson,155518366,3rd Year,20269367,Gamma Team,Secretary
Vihaan C. Johnson,155518367,3rd Year,20269368,Delta Team,Treasurer
Deborah H. Brown,155518368,3rd Year,20269369,Alpha Team,Vice-Leader
Sarah T. Garcia,155518369,3rd Year,20269370,Beta Team,Member
Mark U. Moore,155518370,3rd Year,20269371,Gamma Team,Leader
Mary H. Jackson,155518371,3rd Year,20269372,Delta Team,Member
Kimberly C. Taylor,155518372,3rd Year,20269373,Alpha Team,Analyst
Sandra T. Thomas,155518373,3rd Year,20269374,Beta Team,Developer
Amanda E. White,155518374,3rd Year,20269375,Gamma Team,Designer
Richard J. Taylor,155518375,3rd Year,20269376,Delta Team,Coordinator
Carol F. Thompson,155518376,3rd Year,20269377,Alpha Team,Secretary
William C. Jackson,155518377,3rd Year,20269378,Beta Team,Treasurer
Michael G. Gonzalez,155518378,3rd Year,20269379,Gamma Team,Vice-Leader
Timothy J. Williams,155518379,3rd Year,20269380,Delta Team,Member
Carol Y. Smith,155518380,3rd Year,20269381,Alpha Team,Leader
Mark G. Hernandez,155518381,3rd Year,20269382,Beta Team,Member
Elizabeth S. Sanchez,155518382,3rd Year,20269383,Gamma Team,Analyst
Barbara T. Sanchez,155518383,3rd Year,20269384,Delta Team,Developer
Paul B. Joshi,155518384,3rd Year,20269385,Alpha Team,Designer
Robert E. Brown,155518385,3rd Year,20269386,Beta Team,Coordinator
Linda A. Gonzalez,155518386,3rd Year,20269387,Gamma Team,Secretary
Kimberly C. White,155518387,3rd Year,20269388,Delta Team,Treasurer
Matthew L. Wilson,155518388,3rd Year,20269389,Alpha Team,Vice-Leader
Ronald F. Clark,155518389,3rd Year,20269390,Beta Team,Member
Daniel E. Garcia,155518390,3rd Year,20269391,Gamma Team,Leader
Michael T. Garcia,155518391,3rd Year,20269392,Delta Team,Member
Brian E. Sen,155518392,3rd Year,20269393,Alpha Team,Analyst
Amanda N. Lee,155518393,3rd Year,20269394,Beta Team,Developer
Isha A. Brown,155518394,3rd Year,20269395,Gamma Team,Designer
Sarah Z. Rodriguez,155518395,3rd Year,20269396,Delta Team,Coordinator
Steven U. Perez,155518396,3rd Year,20269397,Alpha Team,Secretary
Ananya F. Wilson,155518397,3rd Year,20269398,Beta Team,Treasurer
Anthony V. Miller,155518398,3rd Year,20269399,Gamma Team,Vice-Leader
Sarah V. Harris,155518399,3rd Year,20269400,Delta Team,Member
Betty O. Smith,155518400,3rd Year,20269401,Alpha Team,Leader
Dev Z. Jones,155518401,3rd Year,20269402,Beta Team,Member
Riya T. Reddy,155518402,3rd Year,20269403,Gamma Team,Analyst
Brian D. Jones,155518403,3rd Year,20269404,Delta Team,Developer
Kevin W. Martinez,155518404,3rd Year,20269405,Alpha Team,Designer
Mark X. Harris,155518405,3rd Year,20269406,Beta Team,Coordinator
Ronald P. Smith,155518406,3rd Year,20269407,Gamma Team,Secretary
Steven Z. Harris,155518407,3rd Year,20269408,Delta Team,Treasurer
Joseph X. Mehta,155518408,3rd Year,20269409,Alpha Team,Vice-Leader
Mary P. Lopez,155518409,3rd Year,20269410,Beta Team,Member
Sarah S. Garcia,155518410,3rd Year,20269411,Gamma Team,Leader
Jessica F. Jackson,155518411,3rd Year,20269412,Delta Team,Member
Christopher G. Iyer,155518412,3rd Year,20269413,Alpha Team,Analyst
Kenneth I. Thomas,155518413,3rd Year,20269414,Beta Team,Developer
Steven K. Nair,155518414,3rd Year,20269415,Gamma Team,Designer
James D. Clark,155518415,3rd Year,20269416,Delta Team,Coordinator
Margaret P. Smith,155518416,3rd Year,20269417,Alpha Team,Secretary
Betty K. Smith,155518417,3rd Year,20269418,Beta Team,Treasurer
Matthew Y. Iyer,155518418,3rd Year,20269419,Gamma Team,Vice-Leader
Meera C. Ramirez,155518419,3rd Year,20269420,Delta Team,Member
Joshua K. Martin,155518420,3rd Year,20269421,Alpha Team,Leader
Michelle B. Martinez,155518421,3rd Year,20269422,Beta Team,Member
Kenneth C. Sanchez,155518422,3rd Year,20269423,Gamma Team,Analyst
Michelle A. Smith,155518423,3rd Year,20269424,Delta Team,Developer
Lisa U. Ramirez,155518424,3rd Year,20269425,Alpha Team,Designer
Ronald B. Kapoor,155518425,3rd Year,20269426,Beta Team,Coordinator
Michelle G. Patel,155518426,3rd Year,20269427,Gamma Team,Secretary
Jennifer E. Wilson,155518427,3rd Year,20269428,Delta Team,Treasurer
Elizabeth J. Joshi,155518428,3rd Year,20269429,Alpha Team,Vice-Leader
Daniel V. Patel,155518429,3rd Year,20269430,Beta Team,Member
Nancy Q. Perez,155518430,3rd Year,20269431,Gamma Team,Leader
Amanda R. Moore,155518431,3rd Year,20269432,Delta Team,Member
Karen C. Sen,155518432,3rd Year,20269433,Alpha Team,Analyst
Margaret X. Smith,155518433,3rd Year,20269434,Beta Team,Developer
Thomas D. Davis,155518434,3rd Year,20269435,Gamma Team,Designer
Isha Z. Brown,155518435,3rd Year,20269436,Delta Team,Coordinator
Carol W. Thomas,155518436,3rd Year,20269437,Alpha Team,Secretary
Joseph I. Joshi,155518437,3rd Year,20269438,Beta Team,Treasurer
Sandra O. Lopez,155518438,3rd Year,20269439,Gamma Team,Vice-Leader
Amanda S. Joshi,155518439,3rd Year,20269440,Delta Team,Member
Riya V. Garcia,155518440,3rd Year,20269441,Alpha Team,Leader
Sandra A. Perez,155518441,3rd Year,20269442,Beta Team,Member
David P. Miller,155518442,3rd Year,20269443,Gamma Team,Analyst
Lisa F. Reddy,155518443,3rd Year,20269444,Delta Team,Developer
Anthony O. White,155518444,3rd Year,20269445,Alpha Team,Designer
Mark B. Joshi,155518445,3rd Year,20269446,Beta Team,Coordinator
Jessica O. Lopez,155518446,3rd Year,20269447,Gamma Team,Secretary
Susan D. Taylor,155518447,3rd Year,20269448,Delta Team,Treasurer
Melissa Z. Jackson,155518448,3rd Year,20269449,Alpha Team,Vice-Leader
Kabir Z. Rao,155518449,3rd Year,20269450,Beta Team,Member
William I. Nair,155518450,3rd Year,20269451,Gamma Team,Leader
Zara D. Rodriguez,155518451,3rd Year,20269452,Delta Team,Member
Timothy W. Jackson,155518452,3rd Year,20269453,Alpha Team,Analyst
Meera V. Lee,155518453,3rd Year,20269454,Beta Team,Developer
William J. Iyer,155518454,3rd Year,20269455,Gamma Team,Designer
Andrew B. Hernandez,155518455,3rd Year,20269456,Delta Team,Coordinator
Robert D. Rao,155518456,3rd Year,20269457,Alpha Team,Secretary
Matthew D. Harris,155518457,3rd Year,20269458,Beta Team,Treasurer
Dorothy O. Sen,155518458,3rd Year,20269459,Gamma Team,Vice-Leader
Deborah P. Martin,155518459,3rd Year,20269460,Delta Team,Member
Sarah M. Nair,155518460,3rd Year,20269461,Alpha Team,Leader
Michelle I. Sanchez,155518461,3rd Year,20269462,Beta Team,Member
Kimberly S. Iyer,155518462,3rd Year,20269463,Gamma Team,Analyst
Barbara O. Johnson,155518463,3rd Year,20269464,Delta Team,Developer
Steven P. Nair,155518464,3rd Year,20269465,Alpha Team,Designer
Mark R. Smith,155518465,3rd Year,20269466,Beta Team,Coordinator
Deborah M. Thomas,155518466,3rd Year,20269467,Gamma Team,Secretary
Carol N. Reddy,155518467,3rd Year,20269468,Delta Team,Treasurer
Donna V. Garcia,155518468,3rd Year,20269469,Alpha Team,Vice-Leader
Aarav G. Moore,155518469,3rd Year,20269470,Beta Team,Member
Jessica K. Garcia,155518470,3rd Year,20269471,Gamma Team,Leader
Vihaan U. Rodriguez,155518471,3rd Year,20269472,Delta Team,Member
Meera M. Thomas,155518472,3rd Year,20269473,Alpha Team,Analyst
Elizabeth O. Miller,155518473,3rd Year,20269474,Beta Team,Developer
Jennifer T. Joshi,155518474,3rd Year,20269475,Gamma Team,Designer
Paul R. Jackson,155518475,3rd Year,20269476,Delta Team,Coordinator
Zara T. Williams,155518476,3rd Year,20269477,Alpha Team,Secretary
Jennifer S. Martin,155518477,3rd Year,20269478,Beta Team,Treasurer
Carol J. Gonzalez,155518478,3rd Year,20269479,Gamma Team,Vice-Leader
Emily U. Harris,155518479,3rd Year,20269480,Delta Team,Member
Thomas I. Robinson,155518480,3rd Year,20269481,Alpha Team,Leader
Charles H. Garcia,155518481,3rd Year,20269482,Beta Team,Member
Donna B. Ramirez,155518482,3rd Year,20269483,Gamma Team,Analyst
Carol G. Garcia,155518483,3rd Year,20269484,Delta Team,Developer
Zara J. Mehta,155518484,3rd Year,20269485,Alpha Team,Designer
David V. Martinez,155518485,3rd Year,20269486,Beta Team,Coordinator
Kevin P. Lopez,155518486,3rd Year,20269487,Gamma Team,Secretary
Nancy X. Anderson,155518487,3rd Year,20269488,Delta Team,Treasurer
Nancy Z. Anderson,155518488,3rd Year,20269489,Alpha Team,Vice-Leader
Charles Z. Perez,155518489,3rd Year,20269490,Beta Team,Member
Robert Q. Wilson,155518490,3rd Year,20269491,Gamma Team,Leader
Karen V. Clark,155518491,3rd Year,20269492,Delta Team,Member
Richard J. Joshi,155518492,3rd Year,20269493,Alpha Team,Analyst
Robert T. Reddy,155518493,3rd Year,20269494,Beta Team,Developer
Joseph F. Moore,155518494,3rd Year,20269495,Gamma Team,Designer
John A. Patel,155518495,3rd Year,20269496,Delta Team,Coordinator
Joseph H. Lewis,155518496,3rd Year,20269497,Alpha Team,Secretary
Paul W. Taylor,155518497,3rd Year,20269498,Beta Team,Treasurer
Vihaan H. Lee,155518498,3rd Year,20269499,Gamma Team,Vice-Leader
Kabir C. Iyer,155518499,3rd Year,20269500,Delta Team,Member
Michelle B. Sen,155518500,4th Year,20269501,Alpha Team,Leader
Kevin M. Miller,155518501,4th Year,20269502,Beta Team,Member
Amanda T. Patel,155518502,4th Year,20269503,Gamma Team,Analyst
Steven B. White,155518503,4th Year,20269504,Delta Team,Developer
Timothy D. Iyer,155518504,4th Year,20269505,Alpha Team,Designer
Robert M. Nair,155518505,4th Year,20269506,Beta Team,Coordinator
Sai U. Jones,155518506,4th Year,20269507,Gamma Team,Secretary
Richard L. Smith,155518507,4th Year,20269508,Delta Team,Treasurer
Steven F. Jones,155518508,4th Year,20269509,Alpha Team,Vice-Leader
William E. Gonzalez,155518509,4th Year,20269510,Beta Team,Member
Joseph L. Lee,155518510,4th Year,20269511,Gamma Team,Leader
Paul A. Thompson,155518511,4th Year,20269512,Delta Team,Member
Deborah F. Thompson,155518512,4th Year,20269513,Alpha Team,Analyst
Dorothy D. Lewis,155518513,4th Year,20269514,Beta Team,Developer
Paul T. Joshi,155518514,4th Year,20269515,Gamma Team,Designer
Jessica B. Nair,155518515,4th Year,20269516,Delta Team,Coordinator
Vihaan Z. Johnson,155518516,4th Year,20269517,Alpha Team,Secretary
Meera R. Reddy,155518517,4th Year,20269518,Beta Team,Treasurer
Meera U. Miller,155518518,4th Year,20269519,Gamma Team,Vice-Leader
James X. Rodriguez,155518519,4th Year,20269520,Delta Team,Member
Anthony K. Clark,155518520,4th Year,20269521,Alpha Team,Leader
Michelle C. Garcia,155518521,4th Year,20269522,Beta Team,Member
Barbara K. Gonzalez,155518522,4th Year,20269523,Gamma Team,Analyst
Andrew Q. Johnson,155518523,4th Year,20269524,Delta Team,Developer
Thomas K. Thompson,155518524,4th Year,20269525,Alpha Team,Designer
Dev F. White,155518525,4th Year,20269526,Beta Team,Coordinator
Aarav B. Gonzalez,155518526,4th Year,20269527,Gamma Team,Secretary
Michael K. Rodriguez,155518527,4th Year,20269528,Delta Team,Treasurer
Donna L. Robinson,155518528,4th Year,20269529,Alpha Team,Vice-Leader
Patricia S. Sharma,155518529,4th Year,20269530,Beta Team,Member
Mary I. Sanchez,155518530,4th Year,20269531,Gamma Team,Leader
Sai P. Williams,155518531,4th Year,20269532,Delta Team,Member
Sai N. Thompson,155518532,4th Year,20269533,Alpha Team,Analyst
Kenneth P. Gonzalez,155518533,4th Year,20269534,Beta Team,Developer
Riya U. Perez,155518534,4th Year,20269535,Gamma Team,Designer
Ronald Z. Kapoor,155518535,4th Year,20269536,Delta Team,Coordinator
Betty T. Perez,155518536,4th Year,20269537,Alpha Team,Secretary
Mark V. Nair,155518537,4th Year,20269538,Beta Team,Treasurer
Emily O. Patel,155518538,4th Year,20269539,Gamma Team,Vice-Leader
Margaret P. Martinez,155518539,4th Year,20269540,Delta Team,Member
Charles A. Nair,155518540,4th Year,20269541,Alpha Team,Leader
Dorothy S. Reddy,155518541,4th Year,20269542,Beta Team,Member
Nancy O. Jackson,155518542,4th Year,20269543,Gamma Team,Analyst
Dev K. Anderson,155518543,4th Year,20269544,Delta Team,Developer
Betty Y. Jackson,155518544,4th Year,20269545,Alpha Team,Designer
Dev D. Rodriguez,155518545,4th Year,20269546,Beta Team,Coordinator
Mary W. Wilson,155518546,4th Year,20269547,Gamma Team,Secretary
Dorothy O. Sanchez,155518547,4th Year,20269548,Delta Team,Treasurer
Donald P. Martin,155518548,4th Year,20269549,Alpha Team,Vice-Leader
Anthony U. Thompson,155518549,4th Year,20269550,Beta Team,Member
Riya M. Gonzalez,155518550,4th Year,20269551,Gamma Team,Leader
Robert C. Martin,155518551,4th Year,20269552,Delta Team,Member
Kabir P. Joshi,155518552,4th Year,20269553,Alpha Team,Analyst
Mark V. Thompson,155518553,4th Year,20269554,Beta Team,Developer
David H. Hernandez,155518554,4th Year,20269555,Gamma Team,Designer
Dev R. Smith,155518555,4th Year,20269556,Delta Team,Coordinator
Sai V. Ramirez,155518556,4th Year,20269557,Alpha Team,Secretary
Linda Q. Iyer,155518557,4th Year,20269558,Beta Team,Treasurer
Amanda V. Davis,155518558,4th Year,20269559,Gamma Team,Vice-Leader
Christopher A. Jones,155518559,4th Year,20269560,Delta Team,Member
Nancy D. Rao,155518560,4th Year,20269561,Alpha Team,Leader
Riya R. Williams,155518561,4th Year,20269562,Beta Team,Member
Andrew J. Hernandez,155518562,4th Year,20269563,Gamma Team,Analyst
Isha W. Reddy,155518563,4th Year,20269564,Delta Team,Developer
Dev Q. Brown,155518564,4th Year,20269565,Alpha Team,Designer
James R. Lewis,155518565,4th Year,20269566,Beta Team,Coordinator
Steven H. Jackson,155518566,4th Year,20269567,Gamma Team,Secretary
Joseph K. Johnson,155518567,4th Year,20269568,Delta Team,Treasurer
Riya L. Nair,155518568,4th Year,20269569,Alpha Team,Vice-Leader
Sai K. Sen,155518569,4th Year,20269570,Beta Team,Member
Matthew L. Perez,155518570,4th Year,20269571,Gamma Team,Leader
Joseph I. Martinez,155518571,4th Year,20269572,Delta Team,Member
Amanda N. Sen,155518572,4th Year,20269573,Alpha Team,Analyst
Aarav K. Iyer,155518573,4th Year,20269574,Beta Team,Developer
David D. Sanchez,155518574,4th Year,20269575,Gamma Team,Designer
Patricia J. Moore,155518575,4th Year,20269576,Delta Team,Coordinator
Karen P. Lopez,155518576,4th Year,20269577,Alpha Team,Secretary
Richard B. Lopez,155518577,4th Year,20269578,Beta Team,Treasurer
John Z. Reddy,155518578,4th Year,20269579,Gamma Team,Vice-Leader
Melissa N. Patel,155518579,4th Year,20269580,Delta Team,Member
Donna H. Smith,155518580,4th Year,20269581,Alpha Team,Leader
Elizabeth F. Thomas,155518581,4th Year,20269582,Beta Team,Member
Riya K. Lewis,155518582,4th Year,20269583,Gamma Team,Analyst
Kabir W. Martinez,155518583,4th Year,20269584,Delta Team,Developer
Christopher J. Jackson,155518584,4th Year,20269585,Alpha Team,Designer
Joshua K. Sanchez,155518585,4th Year,20269586,Beta Team,Coordinator
Ananya O. Miller,155518586,4th Year,20269587,Gamma Team,Secretary
Kevin C. Iyer,155518587,4th Year,20269588,Delta Team,Treasurer
Andrew Q. Williams,155518588,4th Year,20269589,Alpha Team,Vice-Leader
Nancy N. Gonzalez,155518589,4th Year,20269590,Beta Team,Member
Richard L. Martinez,155518590,4th Year,20269591,Gamma Team,Leader
Michelle E. Davis,155518591,4th Year,20269592,Delta Team,Member
Donna S. Lee,155518592,4th Year,20269593,Alpha Team,Analyst
Brian X. Ramirez,155518593,4th Year,20269594,Beta Team,Developer
Emily P. Hernandez,155518594,4th Year,20269595,Gamma Team,Designer
Michael G. Ramirez,155518595,4th Year,20269596,Delta Team,Coordinator
Sandra K. Williams,155518596,4th Year,20269597,Alpha Team,Secretary
Carol X. Robinson,155518597,4th Year,20269598,Beta Team,Treasurer
Vihaan W. Sanchez,155518598,4th Year,20269599,Gamma Team,Vice-Leader
Betty Q. Davis,155518599,4th Year,20269600,Delta Team,Member
Kimberly M. Sen,155518600,4th Year,20269601,Alpha Team,Leader
Lisa H. Brown,155518601,4th Year,20269602,Beta Team,Member
Betty G. Hernandez,155518602,4th Year,20269603,Gamma Team,Analyst
Aarav K. Martinez,155518603,4th Year,20269604,Delta Team,Developer
Michael U. Kapoor,155518604,4th Year,20269605,Alpha Team,Designer
Ananya C. Brown,155518605,4th Year,20269606,Beta Team,Coordinator
Dorothy N. Jackson,155518606,4th Year,20269607,Gamma Team,Secretary
Richard T. Mehta,155518607,4th Year,20269608,Delta Team,Treasurer
Carol K. Patel,155518608,4th Year,20269609,Alpha Team,Vice-Leader
Donna C. Patel,155518609,4th Year,20269610,Beta Team,Member
Sai I. Harris,155518610,4th Year,20269611,Gamma Team,Leader
William C. Thompson,155518611,4th Year,20269612,Delta Team,Member
Patricia P. Patel,155518612,4th Year,20269613,Alpha Team,Analyst
Sarah W. Sen,155518613,4th Year,20269614,Beta Team,Developer
James A. Joshi,155518614,4th Year,20269615,Gamma Team,Designer
Daniel O. Ramirez,155518615,4th Year,20269616,Delta Team,Coordinator
John H. Moore,155518616,4th Year,20269617,Alpha Team,Secretary
Sandra M. Jones,155518617,4th Year,20269618,Beta Team,Treasurer
Matthew T. Hernandez,155518618,4th Year,20269619,Gamma Team,Vice-Leader
Aarav L. Joshi,155518619,4th Year,20269620,Delta Team,Member
Betty H. Kapoor,155518620,4th Year,20269621,Alpha Team,Leader
Amanda N. Jones,155518621,4th Year,20269622,Beta Team,Member
Deborah R. Jones,155518622,4th Year,20269623,Gamma Team,Analyst
Kimberly U. Clark,155518623,4th Year,20269624,Delta Team,Developer
Richard Z. Moore,155518624,4th Year,20269625,Alpha Team,Designer
Joseph H. Miller,155518625,4th Year,20269626,Beta Team,Coordinator
Riya E. Lopez,155518626,4th Year,20269627,Gamma Team,Secretary
Richard Q. Martin,155518627,4th Year,20269628,Delta Team,Treasurer
Deborah Z. Martinez,155518628,4th Year,20269629,Alpha Team,Vice-Leader
Joshua W. Clark,155518629,4th Year,20269630,Beta Team,Member
Charles D. Lopez,155518630,4th Year,20269631,Gamma Team,Leader
Joshua X. Williams,155518631,4th Year,20269632,Delta Team,Member
Patricia J. Robinson,155518632,4th Year,20269633,Alpha Team,Analyst
Zara W. Hernandez,155518633,4th Year,20269634,Beta Team,Developer
Sandra B. Garcia,155518634,4th Year,20269635,Gamma Team,Designer
William Y. Patel,155518635,4th Year,20269636,Delta Team,Coordinator
Robert W. Lopez,155518636,4th Year,20269637,Alpha Team,Secretary
Carol Y. Brown,155518637,4th Year,20269638,Beta Team,Treasurer
John Y. Reddy,155518638,4th Year,20269639,Gamma Team,Vice-Leader
Margaret X. Davis,155518639,4th Year,20269640,Delta Team,Member
Riya K. Johnson,155518640,4th Year,20269641,Alpha Team,Leader
John B. Wilson,155518641,4th Year,20269642,Beta Team,Member
Joseph Y. Wilson,155518642,4th Year,20269643,Gamma Team,Analyst
Kevin C. Gonzalez,155518643,4th Year,20269644,Delta Team,Developer
Donna Y. Reddy,155518644,4th Year,20269645,Alpha Team,Designer
Michelle O. Perez,155518645,4th Year,20269646,Beta Team,Coordinator
Mary P. Jones,155518646,4th Year,20269647,Gamma Team,Secretary
Timothy J. Patel,155518647,4th Year,20269648,Delta Team,Treasurer
William S. Jones,155518648,4th Year,20269649,Alpha Team,Vice-Leader
Timothy J. Jones,155518649,4th Year,20269650,Beta Team,Member
Barbara L. Thompson,155518650,4th Year,20269651,Gamma Team,Leader
Isha G. Thompson,155518651,4th Year,20269652,Delta Team,Member
Richard T. Miller,155518652,4th Year,20269653,Alpha Team,Analyst
Isha H. Iyer,155518653,4th Year,20269654,Beta Team,Developer
Donald P. Patel,155518654,4th Year,20269655,Gamma Team,Designer
Mark F. Ramirez,155518655,4th Year,20269656,Delta Team,Coordinator
Kabir D. Hernandez,155518656,4th Year,20269657,Alpha Team,Secretary
Daniel U. White,155518657,4th Year,20269658,Beta Team,Treasurer
Elizabeth B. Sharma,155518658,4th Year,20269659,Gamma Team,Vice-Leader
Deborah K. Martin,155518659,4th Year,20269660,Delta Team,Member
Joseph X. Perez,155518660,4th Year,20269661,Alpha Team,Leader
Sarah J. Sharma,155518661,4th Year,20269662,Beta Team,Member
Joshua F. Thompson,155518662,4th Year,20269663,Gamma Team,Analyst
Vihaan T. Ramirez,155518663,4th Year,20269664,Delta Team,Developer
Christopher I. Harris,155518664,4th Year,20269665,Alpha Team,Designer
Charles F. Garcia,155518665,4th Year,20269666,Beta Team,Coordinator
Timothy C. Harris,155518666,4th Year,20269667,Gamma Team,Secretary
Melissa R. Joshi,155518667,4th Year,20269668,Delta Team,Treasurer
Joshua T. Nair,155518668,4th Year,20269669,Alpha Team,Vice-Leader
Betty O. Martin,155518669,4th Year,20269670,Beta Team,Member
Barbara U. Sanchez,155518670,4th Year,20269671,Gamma Team,Leader
Aarav U. Reddy,155518671,4th Year,20269672,Delta Team,Member
Sandra S. Gonzalez,155518672,4th Year,20269673,Alpha Team,Analyst
James S. Joshi,155518673,4th Year,20269674,Beta Team,Developer
Elizabeth M. Perez,155518674,4th Year,20269675,Gamma Team,Designer
Sarah C. Hernandez,155518675,4th Year,20269676,Delta Team,Coordinator
Emily O. Williams,155518676,4th Year,20269677,Alpha Team,Secretary
Michael T. Martin,155518677,4th Year,20269678,Beta Team,Treasurer
Charles Z. Anderson,155518678,4th Year,20269679,Gamma Team,Vice-Leader
Carol H. Garcia,155518679,4th Year,20269680,Delta Team,Member
Amanda P. Kapoor,155518680,4th Year,20269681,Alpha Team,Leader
Brian X. Kapoor,155518681,4th Year,20269682,Beta Team,Member
Riya R. Iyer,155518682,4th Year,20269683,Gamma Team,Analyst
Jessica T. Nair,155518683,4th Year,20269684,Delta Team,Developer
Sarah Y. Gonzalez,155518684,4th Year,20269685,Alpha Team,Designer
Carol U. Nair,155518685,4th Year,20269686,Beta Team,Coordinator
Barbara E. Rao,155518686,4th Year,20269687,Gamma Team,Secretary
Emily N. Hernandez,155518687,4th Year,20269688,Delta Team,Treasurer
Isha X. Nair,155518688,4th Year,20269689,Alpha Team,Vice-Leader
Timothy V. Davis,155518689,4th Year,20269690,Beta Team,Member
Robert L. Johnson,155518690,4th Year,20269691,Gamma Team,Leader
Kevin D. Lopez,155518691,4th Year,20269692,Delta Team,Member
Donna A. Rao,155518692,4th Year,20269693,Alpha Team,Analyst
Kimberly S. Miller,155518693,4th Year,20269694,Beta Team,Developer
Andrew R. Martinez,155518694,4th Year,20269695,Gamma Team,Designer
Ashley Q. Thomas,155518695,4th Year,20269696,Delta Team,Coordinator
Ashley X. Harris,155518696,4th Year,20269697,Alpha Team,Secretary
Matthew R. Smith,155518697,4th Year,20269698,Beta Team,Treasurer
Joseph A. Moore,155518698,4th Year,20269699,Gamma Team,Vice-Leader
Kimberly Z. Moore,155518699,4th Year,20269700,Delta Team,Member
Kimberly O. Martinez,155518700,4th Year,20269701,Alpha Team,Leader
Karen F. Hernandez,155518701,4th Year,20269702,Beta Team,Member
Isha Z. Rao,155518702,4th Year,20269703,Gamma Team,Analyst
Andrew G. Miller,155518703,4th Year,20269704,Delta Team,Developer
Lisa G. Kapoor,155518704,4th Year,20269705,Alpha Team,Designer
Elizabeth S. Rao,155518705,4th Year,20269706,Beta Team,Coordinator
Margaret C. Lewis,155518706,4th Year,20269707,Gamma Team,Secretary
Paul H. Rodriguez,155518707,4th Year,20269708,Delta Team,Treasurer
Lisa R. Joshi,155518708,4th Year,20269709,Alpha Team,Vice-Leader
David W. Martin,155518709,4th Year,20269710,Beta Team,Member
Joshua Z. Lee,155518710,4th Year,20269711,Gamma Team,Leader
Carol A. Thomas,155518711,4th Year,20269712,Delta Team,Member
Jessica R. Mehta,155518712,4th Year,20269713,Alpha Team,Analyst
Richard G. Brown,155518713,4th Year,20269714,Beta Team,Developer
Paul E. Robinson,155518714,4th Year,20269715,Gamma Team,Designer
Kenneth H. Lewis,155518715,4th Year,20269716,Delta Team,Coordinator
Richard M. Patel,155518716,4th Year,20269717,Alpha Team,Secretary
Thomas S. Anderson,155518717,4th Year,20269718,Beta Team,Treasurer
Nancy Q. Rao,155518718,4th Year,20269719,Gamma Team,Vice-Leader
Kevin M. Williams,155518719,4th Year,20269720,Delta Team,Member
Amanda H. Miller,155518720,4th Year,20269721,Alpha Team,Leader
Dorothy S. Taylor,155518721,4th Year,20269722,Beta Team,Member
Thomas L. Thomas,155518722,4th Year,20269723,Gamma Team,Analyst
Kimberly R. Brown,155518723,4th Year,20269724,Delta Team,Developer
Ronald F. Sharma,155518724,4th Year,20269725,Alpha Team,Designer
Steven A. Joshi,155518725,4th Year,20269726,Beta Team,Coordinator
Robert G. Hernandez,155518726,4th Year,20269727,Gamma Team,Secretary
Betty G. Moore,155518727,4th Year,20269728,Delta Team,Treasurer
Ananya A. Davis,155518728,4th Year,20269729,Alpha Team,Vice-Leader
Aarav J. Thompson,155518729,4th Year,20269730,Beta Team,Member
Matthew F. Martin,155518730,4th Year,20269731,Gamma Team,Leader
Lisa H. Williams,155518731,4th Year,20269732,Delta Team,Member
Lisa W. Williams,155518732,4th Year,20269733,Alpha Team,Analyst
Betty G. Anderson,155518733,4th Year,20269734,Beta Team,Developer
Mary Z. Moore,155518734,4th Year,20269735,Gamma Team,Designer
Elizabeth N. Jones,155518735,4th Year,20269736,Delta Team,Coordinator
Mary G. Gonzalez,155518736,4th Year,20269737,Alpha Team,Secretary
Riya V. Harris,155518737,4th Year,20269738,Beta Team,Treasurer
Paul W. Anderson,155518738,4th Year,20269739,Gamma Team,Vice-Leader
David P. Ramirez,155518739,4th Year,20269740,Delta Team,Member
Kevin A. Lewis,155518740,4th Year,20269741,Alpha Team,Leader
John R. Thompson,155518741,4th Year,20269742,Beta Team,Member
Matthew S. Nair,155518742,4th Year,20269743,Gamma Team,Analyst
Deborah C. Sanchez,155518743,4th Year,20269744,Delta Team,Developer
Kabir V. Mehta,155518744,4th Year,20269745,Alpha Team,Designer
Zara E. Rodriguez,155518745,4th Year,20269746,Beta Team,Coordinator
Carol C. Lopez,155518746,4th Year,20269747,Gamma Team,Secretary
Mary K. Martinez,155518747,4th Year,20269748,Delta Team,Treasurer
Patricia S. Thomas,155518748,4th Year,20269749,Alpha Team,Vice-Leader
Ananya D. Taylor,155518749,4th Year,20269750,Beta Team,Member
Linda L. Iyer,155518750,4th Year,20269751,Gamma Team,Leader
Elizabeth I. Lopez,155518751,4th Year,20269752,Delta Team,Member
Deborah C. Hernandez,155518752,4th Year,20269753,Alpha Team,Analyst
Susan U. Sharma,155518753,4th Year,20269754,Beta Team,Developer
Matthew S. Garcia,155518754,4th Year,20269755,Gamma Team,Designer
Kimberly T. Miller,155518755,4th Year,20269756,Delta Team,Coordinator
Dorothy H. Johnson,155518756,4th Year,20269757,Alpha Team,Secretary
James E. Mehta,155518757,4th Year,20269758,Beta Team,Treasurer
Aarav D. Smith,155518758,4th Year,20269759,Gamma Team,Vice-Leader
Joshua Q. Johnson,155518759,4th Year,20269760,Delta Team,Member
Christopher F. Johnson,155518760,4th Year,20269761,Alpha Team,Leader
Isha S. Garcia,155518761,4th Year,20269762,Beta Team,Member
Robert N. Martinez,155518762,4th Year,20269763,Gamma Team,Analyst
Robert P. Jones,155518763,4th Year,20269764,Delta Team,Developer
Margaret V. Lopez,155518764,4th Year,20269765,Alpha Team,Designer
Joshua P. Hernandez,155518765,4th Year,20269766,Beta Team,Coordinator
Brian V. Mehta,155518766,4th Year,20269767,Gamma Team,Secretary
Dorothy K. Patel,155518767,4th Year,20269768,Delta Team,Treasurer
Thomas U. Thomas,155518768,4th Year,20269769,Alpha Team,Vice-Leader
Matthew J. Sanchez,155518769,4th Year,20269770,Beta Team,Member
Riya B. Reddy,155518770,4th Year,20269771,Gamma Team,Leader
David R. Johnson,155518771,4th Year,20269772,Delta Team,Member
Mary Z. Perez,155518772,4th Year,20269773,Alpha Team,Analyst
William X. Gonzalez,155518773,4th Year,20269774,Beta Team,Developer
Joshua Q. Mehta,155518774,4th Year,20269775,Gamma Team,Designer
Nancy C. Smith,155518775,4th Year,20269776,Delta Team,Coordinator
Margaret G. Taylor,155518776,4th Year,20269777,Alpha Team,Secretary
Andrew Z. Anderson,155518777,4th Year,20269778,Beta Team,Treasurer
Christopher K. Davis,155518778,4th Year,20269779,Gamma Team,Vice-Leader
Timothy Q. Sharma,155518779,4th Year,20269780,Delta Team,Member
Patricia U. Moore,155518780,4th Year,20269781,Alpha Team,Leader
Kabir Q. Jones,155518781,4th Year,20269782,Beta Team,Member
Joseph C. Lopez,155518782,4th Year,20269783,Gamma Team,Analyst
Isha W. Anderson,155518783,4th Year,20269784,Delta Team,Developer
Isha L. Anderson,155518784,4th Year,20269785,Alpha Team,Designer
Thomas X. Miller,155518785,4th Year,20269786,Beta Team,Coordinator
Ronald A. Clark,155518786,4th Year,20269787,Gamma Team,Secretary
Dev O. Reddy,155518787,4th Year,20269788,Delta Team,Treasurer
Karen Q. Martin,155518788,4th Year,20269789,Alpha Team,Vice-Leader
Deborah P. Rao,155518789,4th Year,20269790,Beta Team,Member
Zara N. White,155518790,4th Year,20269791,Gamma Team,Leader
Linda C. Moore,155518791,4th Year,20269792,Delta Team,Member
Thomas Y. Thomas,155518792,4th Year,20269793,Alpha Team,Analyst
Lisa Z. Nair,155518793,4th Year,20269794,Beta Team,Developer
Joseph F. Ramirez,155518794,4th Year,20269795,Gamma Team,Designer
Kabir D. Miller,155518795,4th Year,20269796,Delta Team,Coordinator
Kabir I. Rao,155518796,4th Year,20269797,Alpha Team,Secretary
Thomas F. White,155518797,4th Year,20269798,Beta Team,Treasurer
Matthew K. White,155518798,4th Year,20269799,Gamma Team,Vice-Leader
Vihaan B. Martinez,155518799,4th Year,20269800,Delta Team,Member
Karen Q. Anderson,155518800,4th Year,20269801,Alpha Team,Leader
Margaret I. Smith,155518801,4th Year,20269802,Beta Team,Member
Amanda Q. Taylor,155518802,4th Year,20269803,Gamma Team,Analyst
Kabir M. Sen,155518803,4th Year,20269804,Delta Team,Developer
Sai R. Johnson,155518804,4th Year,20269805,Alpha Team,Designer
Charles D. Kapoor,155518805,4th Year,20269806,Beta Team,Coordinator
Timothy S. Moore,155518806,4th Year,20269807,Gamma Team,Secretary
Kevin W. Martin,155518807,4th Year,20269808,Delta Team,Treasurer
Christopher T. White,155518808,4th Year,20269809,Alpha Team,Vice-Leader
Ashley B. White,155518809,4th Year,20269810,Beta Team,Member
Aarav F. Sanchez,155518810,4th Year,20269811,Gamma Team,Leader
Kabir G. Rao,155518811,4th Year,20269812,Delta Team,Member
Donald M. Brown,155518812,4th Year,20269813,Alpha Team,Analyst
Elizabeth E. Jackson,155518813,4th Year,20269814,Beta Team,Developer
Andrew C. Taylor,155518814,4th Year,20269815,Gamma Team,Designer
Linda X. White,155518815,4th Year,20269816,Delta Team,Coordinator
Kevin K. Kapoor,155518816,4th Year,20269817,Alpha Team,Secretary
Sarah G. Patel,155518817,4th Year,20269818,Beta Team,Treasurer
Christopher F. Rodriguez,155518818,4th Year,20269819,Gamma Team,Vice-Leader
Jessica F. Anderson,155518819,4th Year,20269820,Delta Team,Member
Susan V. Taylor,155518820,4th Year,20269821,Alpha Team,Leader
Richard Q. Brown,155518821,4th Year,20269822,Beta Team,Member
Riya Y. Smith,155518822,4th Year,20269823,Gamma Team,Analyst
Kimberly A. Ramirez,155518823,4th Year,20269824,Delta Team,Developer
Nancy E. Ramirez,155518824,4th Year,20269825,Alpha Team,Designer
Ashley I. Jackson,155518825,4th Year,20269826,Beta Team,Coordinator
Matthew I. Lee,155518826,4th Year,20269827,Gamma Team,Secretary
Donald A. Martin,155518827,4th Year,20269828,Delta Team,Treasurer
Charles Q. Robinson,155518828,4th Year,20269829,Alpha Team,Vice-Leader
Mary G. Reddy,155518829,4th Year,20269830,Beta Team,Member
Betty U. Garcia,155518830,4th Year,20269831,Gamma Team,Leader
James S. White,155518831,4th Year,20269832,Delta Team,Member
Paul H. Clark,155518832,4th Year,20269833,Alpha Team,Analyst
Kimberly M. Rao,155518833,4th Year,20269834,Beta Team,Developer
Michelle G. Lewis,155518834,4th Year,20269835,Gamma Team,Designer
Melissa A. Nair,155518835,4th Year,20269836,Delta Team,Coordinator
Sandra O. Johnson,155518836,4th Year,20269837,Alpha Team,Secretary
Linda L. Martinez,155518837,4th Year,20269838,Beta Team,Treasurer
Emily Q. Jones,155518838,4th Year,20269839,Gamma Team,Vice-Leader
Steven P. Gonzalez,155518839,4th Year,20269840,Delta Team,Member
Emily V. Thomas,155518840,4th Year,20269841,Alpha Team,Leader
John M. Rao,155518841,4th Year,20269842,Beta Team,Member
Ashley C. Thomas,155518842,4th Year,20269843,Gamma Team,Analyst
Richard Y. Lopez,155518843,4th Year,20269844,Delta Team,Developer
Lisa M. Martin,155518844,4th Year,20269845,Alpha Team,Designer
Matthew A. Martin,155518845,4th Year,20269846,Beta Team,Coordinator
Sandra L. Smith,155518846,4th Year,20269847,Gamma Team,Secretary
Melissa T. Patel,155518847,4th Year,20269848,Delta Team,Treasurer
Nancy J. Jackson,155518848,4th Year,20269849,Alpha Team,Vice-Leader
Patricia H. Perez,155518849,4th Year,20269850,Beta Team,Member
Patricia Y. Lee,155518850,4th Year,20269851,Gamma Team,Leader
Susan V. White,155518851,4th Year,20269852,Delta Team,Member
Anthony V. Smith,155518852,4th Year,20269853,Alpha Team,Analyst
Sarah E. Reddy,155518853,4th Year,20269854,Beta Team,Developer
Betty A. Williams,155518854,4th Year,20269855,Gamma Team,Designer
Ronald P. Sanchez,155518855,4th Year,20269856,Delta Team,Coordinator
Meera S. Sharma,155518856,4th Year,20269857,Alpha Team,Secretary
Dev M. Perez,155518857,4th Year,20269858,Beta Team,Treasurer
Timothy L. Lee,155518858,4th Year,20269859,Gamma Team,Vice-Leader
Karen O. Jackson,155518859,4th Year,20269860,Delta Team,Member
Dorothy E. Patel,155518860,4th Year,20269861,Alpha Team,Leader
Robert B. Rodriguez,155518861,4th Year,20269862,Beta Team,Member
Michelle W. Ramirez,155518862,4th Year,20269863,Gamma Team,Analyst
Isha C. Joshi,155518863,4th Year,20269864,Delta Team,Developer
Donald T. Brown,155518864,4th Year,20269865,Alpha Team,Designer
Donald L. Smith,155518865,4th Year,20269866,Beta Team,Coordinator
Matthew F. Thompson,155518866,4th Year,20269867,Gamma Team,Secretary
Matthew P. Davis,155518867,4th Year,20269868,Delta Team,Treasurer
Sai Y. Taylor,155518868,4th Year,20269869,Alpha Team,Vice-Leader
Zara G. Rodriguez,155518869,4th Year,20269870,Beta Team,Member
Melissa M. White,155518870,4th Year,20269871,Gamma Team,Leader
Ananya X. Kapoor,155518871,4th Year,20269872,Delta Team,Member
Vihaan F. Lewis,155518872,4th Year,20269873,Alpha Team,Analyst
Linda H. Sharma,155518873,4th Year,20269874,Beta Team,Developer
Nancy I. Mehta,155518874,4th Year,20269875,Gamma Team,Designer
Nancy K. Davis,155518875,4th Year,20269876,Delta Team,Coordinator
Sai I. Hernandez,155518876,4th Year,20269877,Alpha Team,Secretary
John M. Lee,155518877,4th Year,20269878,Beta Team,Treasurer
Karen N. Harris,155518878,4th Year,20269879,Gamma Team,Vice-Leader
Sandra N. Sanchez,155518879,4th Year,20269880,Delta Team,Member
Barbara A. Thompson,155518880,4th Year,20269881,Alpha Team,Leader
Timothy S. Johnson,155518881,4th Year,20269882,Beta Team,Member
David F. Thompson,155518882,4th Year,20269883,Gamma Team,Analyst
Patricia V. Nair,155518883,4th Year,20269884,Delta Team,Developer
Carol P. Reddy,155518884,4th Year,20269885,Alpha Team,Designer
Joshua J. Joshi,155518885,4th Year,20269886,Beta Team,Coordinator
Barbara N. Gonzalez,155518886,4th Year,20269887,Gamma Team,Secretary
Carol Q. Thomas,155518887,4th Year,20269888,Delta Team,Treasurer
James Y. Nair,155518888,4th Year,20269889,Alpha Team,Vice-Leader
Joshua V. Moore,155518889,4th Year,20269890,Beta Team,Member
John V. Robinson,155518890,4th Year,20269891,Gamma Team,Leader
Ashley W. Wilson,155518891,4th Year,20269892,Delta Team,Member
Timothy P. Robinson,155518892,4th Year,20269893,Alpha Team,Analyst
Donald J. Sharma,155518893,4th Year,20269894,Beta Team,Developer
Karen A. Sanchez,155518894,4th Year,20269895,Gamma Team,Designer
Richard W. Taylor,155518895,4th Year,20269896,Delta Team,Coordinator
Brian X. Reddy,155518896,4th Year,20269897,Alpha Team,Secretary
Christopher F. Joshi,155518897,4th Year,20269898,Beta Team,Treasurer
Kevin V. Moore,155518898,4th Year,20269899,Gamma Team,Vice-Leader
Richard W. Johnson,155518899,4th Year,20269900,Delta Team,Member
Karen Q. Sharma,155518900,4th Year,20269901,Alpha Team,Leader
Susan I. Ramirez,155518901,4th Year,20269902,Beta Team,Member
Michelle X. Sharma,155518902,4th Year,20269903,Gamma Team,Analyst
Elizabeth M. Sanchez,155518903,4th Year,20269904,Delta Team,Developer
Ronald W. Kapoor,155518904,4th Year,20269905,Alpha Team,Designer
Anthony N. Martinez,155518905,4th Year,20269906,Beta Team,Coordinator
Donald I. Robinson,155518906,4th Year,20269907,Gamma Team,Secretary
William H. Jackson,155518907,4th Year,20269908,Delta Team,Treasurer
Joshua V. Martinez,155518908,4th Year,20269909,Alpha Team,Vice-Leader
Kenneth M. Robinson,155518909,4th Year,20269910,Beta Team,Member
Charles F. Williams,155518910,4th Year,20269911,Gamma Team,Leader
Linda M. Sanchez,155518911,4th Year,20269912,Delta Team,Member
Joseph J. Brown,155518912,4th Year,20269913,Alpha Team,Analyst
Barbara M. Sharma,155518913,4th Year,20269914,Beta Team,Developer
Brian B. Jackson,155518914,4th Year,20269915,Gamma Team,Designer
Amanda N. Lopez,155518915,4th Year,20269916,Delta Team,Coordinator
Richard A. Sen,155518916,4th Year,20269917,Alpha Team,Secretary
Barbara D. Smith,155518917,4th Year,20269918,Beta Team,Treasurer
Elizabeth G. Moore,155518918,4th Year,20269919,Gamma Team,Vice-Leader
James J. Nair,155518919,4th Year,20269920,Delta Team,Member
Nancy B. Gonzalez,155518920,4th Year,20269921,Alpha Team,Leader
Karen T. Ramirez,155518921,4th Year,20269922,Beta Team,Member
Joshua P. Nair,155518922,4th Year,20269923,Gamma Team,Analyst
Michelle C. Anderson,155518923,4th Year,20269924,Delta Team,Developer
Barbara V. Brown,155518924,4th Year,20269925,Alpha Team,Designer
Kevin U. White,155518925,4th Year,20269926,Beta Team,Coordinator
Ashley N. Sanchez,155518926,4th Year,20269927,Gamma Team,Secretary
William D. Sanchez,155518927,4th Year,20269928,Delta Team,Treasurer
Thomas R. Johnson,155518928,4th Year,20269929,Alpha Team,Vice-Leader
Paul N. Sen,155518929,4th Year,20269930,Beta Team,Member
Donald T. Rodriguez,155518930,4th Year,20269931,Gamma Team,Leader
Linda O. Brown,155518931,4th Year,20269932,Delta Team,Member
Andrew Y. Iyer,155518932,4th Year,20269933,Alpha Team,Analyst
Richard W. Moore,155518933,4th Year,20269934,Beta Team,Developer
Nancy I. Hernandez,155518934,4th Year,20269935,Gamma Team,Designer
Linda X. Sharma,155518935,4th Year,20269936,Delta Team,Coordinator
Melissa Y. Brown,155518936,4th Year,20269937,Alpha Team,Secretary
Robert P. Jackson,155518937,4th Year,20269938,Beta Team,Treasurer
Richard U. Williams,155518938,4th Year,20269939,Gamma Team,Vice-Leader
Joshua C. Robinson,155518939,4th Year,20269940,Delta Team,Member
Matthew K. Jones,155518940,4th Year,20269941,Alpha Team,Leader
James G. Lee,155518941,4th Year,20269942,Beta Team,Member
David Y. Davis,155518942,4th Year,20269943,Gamma Team,Analyst
Michelle O. Lopez,155518943,4th Year,20269944,Delta Team,Developer
Kevin D. Garcia,155518944,4th Year,20269945,Alpha Team,Designer
James U. Harris,155518945,4th Year,20269946,Beta Team,Coordinator
Susan J. Sanchez,155518946,4th Year,20269947,Gamma Team,Secretary
Kevin Z. Perez,155518947,4th Year,20269948,Delta Team,Treasurer
Melissa T. Davis,155518948,4th Year,20269949,Alpha Team,Vice-Leader
Sandra H. Rodriguez,155518949,4th Year,20269950,Beta Team,Member
Anthony A. Rao,155518950,4th Year,20269951,Gamma Team,Leader
Meera K. Anderson,155518951,4th Year,20269952,Delta Team,Member
Jennifer L. Iyer,155518952,4th Year,20269953,Alpha Team,Analyst
Brian L. Rodriguez,155518953,4th Year,20269954,Beta Team,Developer
Kevin R. Hernandez,155518954,4th Year,20269955,Gamma Team,Designer
Lisa V. Robinson,155518955,4th Year,20269956,Delta Team,Coordinator
Deborah B. Thomas,155518956,4th Year,20269957,Alpha Team,Secretary
Thomas O. Clark,155518957,4th Year,20269958,Beta Team,Treasurer
Richard C. Sen,155518958,4th Year,20269959,Gamma Team,Vice-Leader
Andrew G. Harris,155518959,4th Year,20269960,Delta Team,Member
Elizabeth Y. Moore,155518960,4th Year,20269961,Alpha Team,Leader
Deborah X. Garcia,155518961,4th Year,20269962,Beta Team,Member
Sarah N. Jackson,155518962,4th Year,20269963,Gamma Team,Analyst
Deborah C. Clark,155518963,4th Year,20269964,Delta Team,Developer
Dorothy S. Martinez,155518964,4th Year,20269965,Alpha Team,Designer
Ronald N. Reddy,155518965,4th Year,20269966,Beta Team,Coordinator
John N. Wilson,155518966,4th Year,20269967,Gamma Team,Secretary
Paul E. Williams,155518967,4th Year,20269968,Delta Team,Treasurer
Riya R. Lee,155518968,4th Year,20269969,Alpha Team,Vice-Leader
Carol V. Lee,155518969,4th Year,20269970,Beta Team,Member
Mary Z. Lee,155518970,4th Year,20269971,Gamma Team,Leader
Sai P. Jones,155518971,4th Year,20269972,Delta Team,Member
Daniel H. Gonzalez,155518972,4th Year,20269973,Alpha Team,Analyst
Steven S. Perez,155518973,4th Year,20269974,Beta Team,Developer
Brian W. Ramirez,155518974,4th Year,20269975,Gamma Team,Designer
William T. Nair,155518975,4th Year,20269976,Delta Team,Coordinator
Emily J. Garcia,155518976,4th Year,20269977,Alpha Team,Secretary
Riya N. Lopez,155518977,4th Year,20269978,Beta Team,Treasurer
Kevin Y. Sanchez,155518978,4th Year,20269979,Gamma Team,Vice-Leader
Dorothy T. Williams,155518979,4th Year,20269980,Delta Team,Member
William U. Wilson,155518980,4th Year,20269981,Alpha Team,Leader
Margaret S. Joshi,155518981,4th Year,20269982,Beta Team,Member
Thomas X. Nair,155518982,4th Year,20269983,Gamma Team,Analyst
Kimberly J. Anderson,155518983,4th Year,20269984,Delta Team,Developer
Kimberly P. Ramirez,155518984,4th Year,20269985,Alpha Team,Designer
Michael F. Rao,155518985,4th Year,20269986,Beta Team,Coordinator
Paul E. Nair,155518986,4th Year,20269987,Gamma Team,Secretary
Sandra G. Williams,155518987,4th Year,20269988,Delta Team,Treasurer
Charles P. Hernandez,155518988,4th Year,20269989,Alpha Team,Vice-Leader
Vihaan R. Harris,155518989,4th Year,20269990,Beta Team,Member
Jennifer V. Martin,155518990,4th Year,20269991,Gamma Team,Leader
Thomas I. Patel,155518991,4th Year,20269992,Delta Team,Member
Joseph N. Ramirez,155518992,4th Year,20269993,Alpha Team,Analyst
Daniel I. Garcia,155518993,4th Year,20269994,Beta Team,Developer
Michael J. Lopez,155518994,4th Year,20269995,Gamma Team,Designer
Sai J. Hernandez,155518995,4th Year,20269996,Delta Team,Coordinator
Sandra T. Lopez,155518996,4th Year,20269997,Alpha Team,Secretary
Amanda C. Thompson,155518997,4th Year,20269998,Beta Team,Treasurer
Christopher G. Smith,155518998,4th Year,20269999,Gamma Team,Vice-Leader
Paul X. Harris,155518999,4th Year,20270000,Delta Team,Member
Dev W. Mehta,155519000,4th Year,20270001,Alpha Team,Leader
William V. Lee,155519001,4th Year,20270002,Beta Team,Member
Dorothy D. Ramirez,155519002,4th Year,20270003,Gamma Team,Analyst
Jessica Y. Rodriguez,155519003,4th Year,20270004,Delta Team,Developer
Ashley F. Ramirez,155519004,4th Year,20270005,Alpha Team,Designer
Kabir U. Gonzalez,155519005,4th Year,20270006,Beta Team,Coordinator
Charles J. Rodriguez,155519006,4th Year,20270007,Gamma Team,Secretary
Michael J. Rao,155519007,4th Year,20270008,Delta Team,Treasurer
Meera X. Martinez,155519008,4th Year,20270009,Alpha Team,Vice-Leader
Susan O. Anderson,155519009,4th Year,20270010,Beta Team,Member
Paul M. Martin,155519010,4th Year,20270011,Gamma Team,Leader
Jessica R. Brown,155519011,4th Year,20270012,Delta Team,Member
Sarah S. Sen,155519012,4th Year,20270013,Alpha Team,Analyst
Vihaan J. Thompson,155519013,4th Year,20270014,Beta Team,Developer
David R. Hernandez,155519014,4th Year,20270015,Gamma Team,Designer
Vihaan F. Moore,155519015,4th Year,20270016,Delta Team,Coordinator
Isha H. Lopez,155519016,4th Year,20270017,Alpha Team,Secretary
Betty A. Smith,155519017,4th Year,20270018,Beta Team,Treasurer
Margaret O. Rao,155519018,4th Year,20270019,Gamma Team,Vice-Leader
Christopher D. Johnson,155519019,4th Year,20270020,Delta Team,Member
Carol X. Taylor,155519020,4th Year,20270021,Alpha Team,Leader
Ronald S. Lewis,155519021,4th Year,20270022,Beta Team,Member
Susan B. Jones,155519022,4th Year,20270023,Gamma Team,Analyst
Margaret F. Reddy,155519023,4th Year,20270024,Delta Team,Developer
Isha O. Gonzalez,155519024,4th Year,20270025,Alpha Team,Designer
Karen P. Moore,155519025,4th Year,20270026,Beta Team,Coordinator
Jessica U. Brown,155519026,4th Year,20270027,Gamma Team,Secretary
Deborah C. Lewis,155519027,4th Year,20270028,Delta Team,Treasurer
Sarah G. Clark,155519028,4th Year,20270029,Alpha Team,Vice-Leader
Carol P. Martinez,155519029,4th Year,20270030,Beta Team,Member
Karen L. Joshi,155519030,4th Year,20270031,Gamma Team,Leader
Donald I. Davis,155519031,4th Year,20270032,Delta Team,Member
Matthew Q. Rodriguez,155519032,4th Year,20270033,Alpha Team,Analyst
Andrew R. Thompson,155519033,4th Year,20270034,Beta Team,Developer
Emily B. Rao,155519034,4th Year,20270035,Gamma Team,Designer
William G. Johnson,155519035,4th Year,20270036,Delta Team,Coordinator
Michael G. Sanchez,155519036,4th Year,20270037,Alpha Team,Secretary
Christopher R. Patel,155519037,4th Year,20270038,Beta Team,Treasurer
Karen E. Rao,155519038,4th Year,20270039,Gamma Team,Vice-Leader
William T. Smith,155519039,4th Year,20270040,Delta Team,Member
Dev C. White,155519040,4th Year,20270041,Alpha Team,Leader
Brian L. Martin,155519041,4th Year,20270042,Beta Team,Member
Sandra T. White,155519042,4th Year,20270043,Gamma Team,Analyst
Andrew R. Sanchez,155519043,4th Year,20270044,Delta Team,Developer
David R. Lopez,155519044,4th Year,20270045,Alpha Team,Designer
Robert U. Lopez,155519045,4th Year,20270046,Beta Team,Coordinator
Deborah F. Lopez,155519046,4th Year,20270047,Gamma Team,Secretary
Michael C. Davis,155519047,4th Year,20270048,Delta Team,Treasurer
Daniel D. Lewis,155519048,4th Year,20270049,Alpha Team,Vice-Leader
Kabir Z. Wilson,155519049,4th Year,20270050,Beta Team,Member
Melissa N. Rodriguez,155519050,4th Year,20270051,Gamma Team,Leader
David X. Johnson,155519051,4th Year,20270052,Delta Team,Member
Deborah U. Rodriguez,155519052,4th Year,20270053,Alpha Team,Analyst
Dorothy M. Rodriguez,155519053,4th Year,20270054,Beta Team,Developer
Elizabeth V. Lee,155519054,4th Year,20270055,Gamma Team,Designer
Andrew F. Smith,155519055,4th Year,20270056,Delta Team,Coordinator
Paul M. Sen,155519056,4th Year,20270057,Alpha Team,Secretary
Donna E. Sanchez,155519057,4th Year,20270058,Beta Team,Treasurer
Lisa S. Anderson,155519058,4th Year,20270059,Gamma Team,Vice-Leader
Joseph I. Jackson,155519059,4th Year,20270060,Delta Team,Member
Mark W. Patel,155519060,4th Year,20270061,Alpha Team,Leader
Elizabeth F. Sharma,155519061,4th Year,20270062,Beta Team,Member
Riya A. Wilson,155519062,4th Year,20270063,Gamma Team,Analyst
Sarah M. Kapoor,155519063,4th Year,20270064,Delta Team,Developer
Elizabeth B. Lewis,155519064,4th Year,20270065,Alpha Team,Designer
Mary M. Smith,155519065,4th Year,20270066,Beta Team,Coordinator
Vihaan G. Hernandez,155519066,4th Year,20270067,Gamma Team,Secretary
Linda X. Thompson,155519067,4th Year,20270068,Delta Team,Treasurer
Jennifer L. Kapoor,155519068,4th Year,20270069,Alpha Team,Vice-Leader
Lisa W. Reddy,155519069,4th Year,20270070,Beta Team,Member
Isha F. Sharma,155519070,4th Year,20270071,Gamma Team,Leader
Richard N. Taylor,155519071,4th Year,20270072,Delta Team,Member
Andrew J. Jackson,155519072,4th Year,20270073,Alpha Team,Analyst
Ronald P. Hernandez,155519073,4th Year,20270074,Beta Team,Developer
Ronald Y. Anderson,155519074,4th Year,20270075,Gamma Team,Designer
Donald F. Patel,155519075,4th Year,20270076,Delta Team,Coordinator
Dorothy Y. Martinez,155519076,4th Year,20270077,Alpha Team,Secretary
Timothy O. Lewis,155519077,4th Year,20270078,Beta Team,Treasurer
Christopher P. Reddy,155519078,4th Year,20270079,Gamma Team,Vice-Leader
Amanda M. Nair,155519079,4th Year,20270080,Delta Team,Member
Sandra A. Moore,155519080,4th Year,20270081,Alpha Team,Leader
Isha D. Kapoor,155519081,4th Year,20270082,Beta Team,Member
Richard J. Kapoor,155519082,4th Year,20270083,Gamma Team,Analyst
Amanda F. Lee,155519083,4th Year,20270084,Delta Team,Developer
Michael F. Williams,155519084,4th Year,20270085,Alpha Team,Designer
Barbara K. Robinson,155519085,4th Year,20270086,Beta Team,Coordinator
Aarav Q. Miller,155519086,4th Year,20270087,Gamma Team,Secretary
Paul G. Rao,155519087,4th Year,20270088,Delta Team,Treasurer
Melissa O. Thompson,155519088,4th Year,20270089,Alpha Team,Vice-Leader
Ronald Y. Clark,155519089,4th Year,20270090,Beta Team,Member
Meera F. Jackson,155519090,4th Year,20270091,Gamma Team,Leader
Mary L. Martinez,155519091,4th Year,20270092,Delta Team,Member
Zara B. Martinez,155519092,4th Year,20270093,Alpha Team,Analyst
Thomas V. Nair,155519093,4th Year,20270094,Beta Team,Developer
Melissa P. Rodriguez,155519094,4th Year,20270095,Gamma Team,Designer
Joseph P. Gonzalez,155519095,4th Year,20270096,Delta Team,Coordinator
Jessica U. Jones,155519096,4th Year,20270097,Alpha Team,Secretary
Linda V. Miller,155519097,4th Year,20270098,Beta Team,Treasurer
Sarah H. Anderson,155519098,4th Year,20270099,Gamma Team,Vice-Leader
Dev Q. Rao,155519099,4th Year,20270100,Delta Team,Member
David P. Iyer,155519100,4th Year,20270101,Alpha Team,Leader
Richard Q. Gonzalez,155519101,4th Year,20270102,Beta Team,Member
Andrew F. Williams,155519102,4th Year,20270103,Gamma Team,Analyst
David T. Johnson,155519103,4th Year,20270104,Delta Team,Developer
David C. Patel,155519104,4th Year,20270105,Alpha Team,Designer
Steven P. Martin,155519105,4th Year,20270106,Beta Team,Coordinator
Kenneth C. Patel,155519106,4th Year,20270107,Gamma Team,Secretary
Thomas H. White,155519107,4th Year,20270108,Delta Team,Treasurer
Kabir T. Thompson,155519108,4th Year,20270109,Alpha Team,Vice-Leader
Richard V. Johnson,155519109,4th Year,20270110,Beta Team,Member
Michael K. Martin,155519110,4th Year,20270111,Gamma Team,Leader
John K. Smith,155519111,4th Year,20270112,Delta Team,Member
Carol A. Perez,155519112,4th Year,20270113,Alpha Team,Analyst
Vihaan H. Martinez,155519113,4th Year,20270114,Beta Team,Developer
Aarav N. Kapoor,155519114,4th Year,20270115,Gamma Team,Designer
Kimberly E. Mehta,155519115,4th Year,20270116,Delta Team,Coordinator
Riya P. Garcia,155519116,4th Year,20270117,Alpha Team,Secretary
Andrew E. Miller,155519117,4th Year,20270118,Beta Team,Treasurer
Aarav T. Smith,155519118,4th Year,20270119,Gamma Team,Vice-Leader
Lisa K. Garcia,155519119,4th Year,20270120,Delta Team,Member
Barbara W. Davis,155519120,4th Year,20270121,Alpha Team,Leader
Sai V. Thompson,155519121,4th Year,20270122,Beta Team,Member
David I. Ramirez,155519122,4th Year,20270123,Gamma Team,Analyst
Daniel Z. Martin,155519123,4th Year,20270124,Delta Team,Developer
Betty E. Iyer,155519124,4th Year,20270125,Alpha Team,Designer
Timothy N. Robinson,155519125,4th Year,20270126,Beta Team,Coordinator
Kabir B. Mehta,155519126,4th Year,20270127,Gamma Team,Secretary
Margaret F. Martinez,155519127,4th Year,20270128,Delta Team,Treasurer
Kabir E. Johnson,155519128,4th Year,20270129,Alpha Team,Vice-Leader
Vihaan G. Lee,155519129,4th Year,20270130,Beta Team,Member
Karen K. Clark,155519130,4th Year,20270131,Gamma Team,Leader
Kimberly D. Perez,155519131,4th Year,20270132,Delta Team,Member
Brian G. Lopez,155519132,4th Year,20270133,Alpha Team,Analyst
Sarah Z. Kapoor,155519133,4th Year,20270134,Beta Team,Developer
Paul G. Sharma,155519134,4th Year,20270135,Gamma Team,Designer
David R. Martinez,155519135,4th Year,20270136,Delta Team,Coordinator
James S. Rodriguez,155519136,4th Year,20270137,Alpha Team,Secretary
Susan D. Ramirez,155519137,4th Year,20270138,Beta Team,Treasurer
Andrew L. Clark,155519138,4th Year,20270139,Gamma Team,Vice-Leader
Melissa Y. Kapoor,155519139,4th Year,20270140,Delta Team,Member
Zara L. Brown,155519140,4th Year,20270141,Alpha Team,Leader
Richard M. White,155519141,4th Year,20270142,Beta Team,Member
Kenneth Y. Robinson,155519142,4th Year,20270143,Gamma Team,Analyst
Mary D. Sharma,155519143,4th Year,20270144,Delta Team,Developer
Amanda E. Robinson,155519144,4th Year,20270145,Alpha Team,Designer
Donald J. Brown,155519145,4th Year,20270146,Beta Team,Coordinator
Patricia I. Garcia,155519146,4th Year,20270147,Gamma Team,Secretary
Kenneth I. Jones,155519147,4th Year,20270148,Delta Team,Treasurer
Ashley B. Gonzalez,155519148,4th Year,20270149,Alpha Team,Vice-Leader
Carol U. Clark,155519149,4th Year,20270150,Beta Team,Member
Thomas I. Joshi,155519150,4th Year,20270151,Gamma Team,Leader
Melissa S. Martin,155519151,4th Year,20270152,Delta Team,Member
Anthony H. Smith,155519152,4th Year,20270153,Alpha Team,Analyst
Christopher T. Sen,155519153,4th Year,20270154,Beta Team,Developer
Nancy T. Rodriguez,155519154,4th Year,20270155,Gamma Team,Designer
Vihaan B. Davis,155519155,4th Year,20270156,Delta Team,Coordinator
Barbara A. Davis,155519156,4th Year,20270157,Alpha Team,Secretary
Michelle X. Hernandez,155519157,4th Year,20270158,Beta Team,Treasurer
Jennifer E. Lee,155519158,4th Year,20270159,Gamma Team,Vice-Leader
Ashley G. Sanchez,155519159,4th Year,20270160,Delta Team,Member
Susan D. Moore,155519160,4th Year,20270161,Alpha Team,Leader
Lisa M. Robinson,155519161,4th Year,20270162,Beta Team,Member
Donald J. Mehta,155519162,4th Year,20270163,Gamma Team,Analyst
Linda B. Rao,155519163,4th Year,20270164,Delta Team,Developer
Joseph V. Anderson,155519164,4th Year,20270165,Alpha Team,Designer
Anthony K. Williams,155519165,4th Year,20270166,Beta Team,Coordinator
Robert W. Perez,155519166,4th Year,20270167,Gamma Team,Secretary
Donald F. Robinson,155519167,4th Year,20270168,Delta Team,Treasurer
Joseph I. Wilson,155519168,4th Year,20270169,Alpha Team,Vice-Leader
Meera X. Iyer,155519169,4th Year,20270170,Beta Team,Member
Donald G. Wilson,155519170,4th Year,20270171,Gamma Team,Leader
Kenneth C. Davis,155519171,4th Year,20270172,Delta Team,Member
Michelle N. Clark,155519172,4th Year,20270173,Alpha Team,Analyst
Elizabeth P. Thomas,155519173,4th Year,20270174,Beta Team,Developer
James X. Garcia,155519174,4th Year,20270175,Gamma Team,Designer
Anthony N. Miller,155519175,4th Year,20270176,Delta Team,Coordinator
Lisa Z. Harris,155519176,4th Year,20270177,Alpha Team,Secretary
Dorothy W. Davis,155519177,4th Year,20270178,Beta Team,Treasurer
Dorothy G. Joshi,155519178,4th Year,20270179,Gamma Team,Vice-Leader
Ananya O. Davis,155519179,4th Year,20270180,Delta Team,Member
Melissa K. Garcia,155519180,4th Year,20270181,Alpha Team,Leader
Linda B. Moore,155519181,4th Year,20270182,Beta Team,Member
Melissa T. Lopez,155519182,4th Year,20270183,Gamma Team,Analyst
Amanda A. White,155519183,4th Year,20270184,Delta Team,Developer
Paul U. Smith,155519184,4th Year,20270185,Alpha Team,Designer
Mary S. Moore,155519185,4th Year,20270186,Beta Team,Coordinator
Daniel E. Anderson,155519186,4th Year,20270187,Gamma Team,Secretary
Emily S. Reddy,155519187,4th Year,20270188,Delta Team,Treasurer
Kenneth D. Garcia,155519188,4th Year,20270189,Alpha Team,Vice-Leader
Donald C. Harris,155519189,4th Year,20270190,Beta Team,Member
Elizabeth N. Reddy,155519190,4th Year,20270191,Gamma Team,Leader
Donald W. Gonzalez,155519191,4th Year,20270192,Delta Team,Member
Kimberly X. Rodriguez,155519192,4th Year,20270193,Alpha Team,Analyst
Betty M. Clark,155519193,4th Year,20270194,Beta Team,Developer
Charles W. Wilson,155519194,4th Year,20270195,Gamma Team,Designer
Christopher E. Williams,155519195,4th Year,20270196,Delta Team,Coordinator
Timothy I. White,155519196,4th Year,20270197,Alpha Team,Secretary
Donna W. Lee,155519197,4th Year,20270198,Beta Team,Treasurer
Joseph Y. Robinson,155519198,4th Year,20270199,Gamma Team,Vice-Leader
Deborah O. Johnson,155519199,4th Year,20270200,Delta Team,Member
Michael P. Thompson,155519200,4th Year,20270201,Alpha Team,Leader
Dorothy A. Martinez,155519201,4th Year,20270202,Beta Team,Member
Deborah H. Nair,155519202,4th Year,20270203,Gamma Team,Analyst
Joshua S. Martinez,155519203,4th Year,20270204,Delta Team,Developer
Susan H. Anderson,155519204,4th Year,20270205,Alpha Team,Designer
Dorothy R. Patel,155519205,4th Year,20270206,Beta Team,Coordinator
Robert E. Williams,155519206,4th Year,20270207,Gamma Team,Secretary
Patricia F. Jackson,155519207,4th Year,20270208,Delta Team,Treasurer
David E. Kapoor,155519208,4th Year,20270209,Alpha Team,Vice-Leader
Michelle J. Martinez,155519209,4th Year,20270210,Beta Team,Member
Kenneth K. Ramirez,155519210,4th Year,20270211,Gamma Team,Leader
Kimberly I. Jones,155519211,4th Year,20270212,Delta Team,Member
Riya I. Lewis,155519212,4th Year,20270213,Alpha Team,Analyst
Kenneth T. Davis,155519213,4th Year,20270214,Beta Team,Developer
Jennifer B. Sen,155519214,4th Year,20270215,Gamma Team,Designer
Sandra Q. Thomas,155519215,4th Year,20270216,Delta Team,Coordinator
Donna W. Martin,155519216,4th Year,20270217,Alpha Team,Secretary
Matthew N. White,155519217,4th Year,20270218,Beta Team,Treasurer
Amanda T. Rao,155519218,4th Year,20270219,Gamma Team,Vice-Leader
David P. Johnson,155519219,4th Year,20270220,Delta Team,Member
Elizabeth I. Reddy,155519220,4th Year,20270221,Alpha Team,Leader
Riya J. Davis,155519221,4th Year,20270222,Beta Team,Member
Joseph N. Moore,155519222,4th Year,20270223,Gamma Team,Analyst
Mark L. White,155519223,4th Year,20270224,Delta Team,Developer
Zara N. Martinez,155519224,4th Year,20270225,Alpha Team,Designer
Mark N. Wilson,155519225,4th Year,20270226,Beta Team,Coordinator
Daniel I. Anderson,155519226,4th Year,20270227,Gamma Team,Secretary
Michael K. Robinson,155519227,4th Year,20270228,Delta Team,Treasurer
Richard K. Rodriguez,155519228,4th Year,20270229,Alpha Team,Vice-Leader
Jessica I. Perez,155519229,4th Year,20270230,Beta Team,Member
Carol R. Thomas,155519230,4th Year,20270231,Gamma Team,Leader
Daniel T. Brown,155519231,4th Year,20270232,Delta Team,Member
Mary H. Garcia,155519232,4th Year,20270233,Alpha Team,Analyst
Dev Q. Ramirez,155519233,4th Year,20270234,Beta Team,Developer
Isha U. Martinez,155519234,4th Year,20270235,Gamma Team,Designer
Mark L. Martin,155519235,4th Year,20270236,Delta Team,Coordinator
Charles C. Patel,155519236,4th Year,20270237,Alpha Team,Secretary
Amanda R. Davis,155519237,4th Year,20270238,Beta Team,Treasurer
Zara E. Perez,155519238,4th Year,20270239,Gamma Team,Vice-Leader
Joshua G. Moore,155519239,4th Year,20270240,Delta Team,Member
Kabir D. Moore,155519240,4th Year,20270241,Alpha Team,Leader
Linda P. Iyer,155519241,4th Year,20270242,Beta Team,Member
Nancy J. Harris,155519242,4th Year,20270243,Gamma Team,Analyst
Linda G. Patel,155519243,4th Year,20270244,Delta Team,Developer
Matthew V. Thomas,155519244,4th Year,20270245,Alpha Team,Designer
Sandra M. Joshi,155519245,4th Year,20270246,Beta Team,Coordinator
Betty A. Mehta,155519246,4th Year,20270247,Gamma Team,Secretary
Emily V. Kapoor,155519247,4th Year,20270248,Delta Team,Treasurer
Kevin P. Miller,155519248,4th Year,20270249,Alpha Team,Vice-Leader
Susan H. Lewis,155519249,4th Year,20270250,Beta Team,Member
Jennifer A. Nair,155519250,4th Year,20270251,Gamma Team,Leader
Emily O. Ramirez,155519251,4th Year,20270252,Delta Team,Member
Brian T. Johnson,155519252,4th Year,20270253,Alpha Team,Analyst
Barbara R. White,155519253,4th Year,20270254,Beta Team,Developer
William Q. White,155519254,4th Year,20270255,Gamma Team,Designer
Betty Q. Moore,155519255,4th Year,20270256,Delta Team,Coordinator
Joseph E. Davis,155519256,4th Year,20270257,Alpha Team,Secretary
Ananya E. Jones,155519257,4th Year,20270258,Beta Team,Treasurer
Mary P. Garcia,155519258,4th Year,20270259,Gamma Team,Vice-Leader
Kevin L. Jackson,155519259,4th Year,20270260,Delta Team,Member
Isha Q. Lopez,155519260,4th Year,20270261,Alpha Team,Leader
Thomas A. Sen,155519261,4th Year,20270262,Beta Team,Member
David R. Williams,155519262,4th Year,20270263,Gamma Team,Analyst
Susan I. Jackson,155519263,4th Year,20270264,Delta Team,Developer
Michael Z. Rao,155519264,4th Year,20270265,Alpha Team,Designer
Sandra V. Sharma,155519265,4th Year,20270266,Beta Team,Coordinator
John I. Jones,155519266,4th Year,20270267,Gamma Team,Secretary
Daniel N. Brown,155519267,4th Year,20270268,Delta Team,Treasurer
Kenneth U. Taylor,155519268,4th Year,20270269,Alpha Team,Vice-Leader
Kevin Z. Mehta,155519269,4th Year,20270270,Beta Team,Member
Mary G. Taylor,155519270,4th Year,20270271,Gamma Team,Leader
Margaret K. Robinson,155519271,4th Year,20270272,Delta Team,Member
Daniel L. Garcia,155519272,4th Year,20270273,Alpha Team,Analyst
Betty N. Smith,155519273,4th Year,20270274,Beta Team,Developer
Isha E. Sanchez,155519274,4th Year,20270275,Gamma Team,Designer
Riya Q. Williams,155519275,4th Year,20270276,Delta Team,Coordinator
Anthony G. Jones,155519276,4th Year,20270277,Alpha Team,Secretary
Susan Z. Anderson,155519277,4th Year,20270278,Beta Team,Treasurer
Sandra F. Lee,155519278,4th Year,20270279,Gamma Team,Vice-Leader
William F. Garcia,155519279,4th Year,20270280,Delta Team,Member
Donald W. Miller,155519280,4th Year,20270281,Alpha Team,Leader
Michelle K. White,155519281,4th Year,20270282,Beta Team,Member
Riya Y. Lee,155519282,4th Year,20270283,Gamma Team,Analyst
Donald M. Martinez,155519283,4th Year,20270284,Delta Team,Developer
Anthony P. Reddy,155519284,4th Year,20270285,Alpha Team,Designer
John U. Miller,155519285,4th Year,20270286,Beta Team,Coordinator
Isha Z. Smith,155519286,4th Year,20270287,Gamma Team,Secretary
Sarah F. Sharma,155519287,4th Year,20270288,Delta Team,Treasurer
James P. Miller,155519288,4th Year,20270289,Alpha Team,Vice-Leader
Dorothy D. Jackson,155519289,4th Year,20270290,Beta Team,Member
Christopher W. Joshi,155519290,4th Year,20270291,Gamma Team,Leader
Carol Y. Mehta,155519291,4th Year,20270292,Delta Team,Member
Ronald M. Thompson,155519292,4th Year,20270293,Alpha Team,Analyst
Jessica B. Perez,155519293,4th Year,20270294,Beta Team,Developer
Michelle E. Lopez,155519294,4th Year,20270295,Gamma Team,Designer
Linda X. Patel,155519295,4th Year,20270296,Delta Team,Coordinator
Paul B. Sen,155519296,4th Year,20270297,Alpha Team,Secretary
Steven W. Moore,155519297,4th Year,20270298,Beta Team,Treasurer
Emily V. Davis,155519298,4th Year,20270299,Gamma Team,Vice-Leader
Michael A. Joshi,155519299,4th Year,20270300,Delta Team,Member
Christopher W. Jackson,155519300,4th Year,20270301,Alpha Team,Leader
Meera O. Jones,155519301,4th Year,20270302,Beta Team,Member
Donald N. Thompson,155519302,4th Year,20270303,Gamma Team,Analyst
Jennifer H. Hernandez,155519303,4th Year,20270304,Delta Team,Developer
Zara O. Brown,155519304,4th Year,20270305,Alpha Team,Designer
Sarah R. Nair,155519305,4th Year,20270306,Beta Team,Coordinator
Joseph M. Hernandez,155519306,4th Year,20270307,Gamma Team,Secretary
Sai N. Wilson,155519307,4th Year,20270308,Delta Team,Treasurer
Sandra V. Sanchez,155519308,4th Year,20270309,Alpha Team,Vice-Leader
Aarav T. Wilson,155519309,4th Year,20270310,Beta Team,Member
Nancy F. Joshi,155519310,4th Year,20270311,Gamma Team,Leader
Kimberly S. Perez,155519311,4th Year,20270312,Delta Team,Member
David D. Anderson,155519312,4th Year,20270313,Alpha Team,Analyst
Nancy R. Perez,155519313,4th Year,20270314,Beta Team,Developer
David E. Clark,155519314,4th Year,20270315,Gamma Team,Designer
Matthew Y. Williams,155519315,4th Year,20270316,Delta Team,Coordinator
Kabir T. Johnson,155519316,4th Year,20270317,Alpha Team,Secretary
Karen P. Thomas,155519317,4th Year,20270318,Beta Team,Treasurer
Sai N. Thomas,155519318,4th Year,20270319,Gamma Team,Vice-Leader
Steven M. Brown,155519319,4th Year,20270320,Delta Team,Member
Ashley T. Robinson,155519320,4th Year,20270321,Alpha Team,Leader
Joseph H. Johnson,155519321,4th Year,20270322,Beta Team,Member
Paul C. Sen,155519322,4th Year,20270323,Gamma Team,Analyst
Charles U. Robinson,155519323,4th Year,20270324,Delta Team,Developer
Karen G. Anderson,155519324,4th Year,20270325,Alpha Team,Designer
Isha B. Jones,155519325,4th Year,20270326,Beta Team,Coordinator
Margaret M. Jackson,155519326,4th Year,20270327,Gamma Team,Secretary
Sandra X. Thompson,155519327,4th Year,20270328,Delta Team,Treasurer
Dev S. Sen,155519328,4th Year,20270329,Alpha Team,Vice-Leader
Michelle T. Robinson,155519329,4th Year,20270330,Beta Team,Member
Timothy N. Rodriguez,155519330,4th Year,20270331,Gamma Team,Leader
Meera D. White,155519331,4th Year,20270332,Delta Team,Member
Meera A. Ramirez,155519332,4th Year,20270333,Alpha Team,Analyst
William N. Nair,155519333,4th Year,20270334,Beta Team,Developer
Nancy I. Taylor,155519334,4th Year,20270335,Gamma Team,Designer
Kevin E. Lee,155519335,4th Year,20270336,Delta Team,Coordinator
James I. Anderson,155519336,4th Year,20270337,Alpha Team,Secretary
Mark N. Garcia,155519337,4th Year,20270338,Beta Team,Treasurer
Barbara D. Brown,155519338,4th Year,20270339,Gamma Team,Vice-Leader
Nancy Y. Jones,155519339,4th Year,20270340,Delta Team,Member
Karen W. Smith,155519340,4th Year,20270341,Alpha Team,Leader
Sarah L. Thomas,155519341,4th Year,20270342,Beta Team,Member
Sandra P. Smith,155519342,4th Year,20270343,Gamma Team,Analyst
Melissa K. Miller,155519343,4th Year,20270344,Delta Team,Developer
Richard C. Davis,155519344,4th Year,20270345,Alpha Team,Designer
Ashley S. Gonzalez,155519345,4th Year,20270346,Beta Team,Coordinator
Charles P. Patel,155519346,4th Year,20270347,Gamma Team,Secretary
Mark K. Harris,155519347,4th Year,20270348,Delta Team,Treasurer
Susan B. Anderson,155519348,4th Year,20270349,Alpha Team,Vice-Leader
Kenneth A. Davis,155519349,4th Year,20270350,Beta Team,Member
Matthew W. Kapoor,155519350,4th Year,20270351,Gamma Team,Leader
Riya D. Kapoor,155519351,4th Year,20270352,Delta Team,Member
Richard I. Mehta,155519352,4th Year,20270353,Alpha Team,Analyst
Kevin J. Reddy,155519353,4th Year,20270354,Beta Team,Developer
Sai N. Brown,155519354,4th Year,20270355,Gamma Team,Designer
Christopher F. Hernandez,155519355,4th Year,20270356,Delta Team,Coordinator
Charles N. Miller,155519356,4th Year,20270357,Alpha Team,Secretary
Mark V. Thomas,155519357,4th Year,20270358,Beta Team,Treasurer
Zara J. Rodriguez,155519358,4th Year,20270359,Gamma Team,Vice-Leader
Daniel K. Nair,155519359,4th Year,20270360,Delta Team,Member
Sai N. Moore,155519360,4th Year,20270361,Alpha Team,Leader
William O. Harris,155519361,4th Year,20270362,Beta Team,Member
Elizabeth V. Williams,155519362,4th Year,20270363,Gamma Team,Analyst
Matthew S. Moore,155519363,4th Year,20270364,Delta Team,Developer
David G. Garcia,155519364,4th Year,20270365,Alpha Team,Designer
Meera E. Lewis,155519365,4th Year,20270366,Beta Team,Coordinator
Ashley N. Moore,155519366,4th Year,20270367,Gamma Team,Secretary
Isha W. Thompson,155519367,4th Year,20270368,Delta Team,Treasurer
Mary E. Harris,155519368,4th Year,20270369,Alpha Team,Vice-Leader
Aarav V. Hernandez,155519369,4th Year,20270370,Beta Team,Member
Linda G. Iyer,155519370,4th Year,20270371,Gamma Team,Leader
Margaret L. Lewis,155519371,4th Year,20270372,Delta Team,Member
Zara J. Rao,155519372,4th Year,20270373,Alpha Team,Analyst
Michael B. Rodriguez,155519373,4th Year,20270374,Beta Team,Developer
Meera T. Harris,155519374,4th Year,20270375,Gamma Team,Designer
Kabir N. Gonzalez,155519375,4th Year,20270376,Delta Team,Coordinator
Kevin Q. Sharma,155519376,4th Year,20270377,Alpha Team,Secretary
Richard I. Thompson,155519377,4th Year,20270378,Beta Team,Treasurer
Ananya Q. Miller,155519378,4th Year,20270379,Gamma Team,Vice-Leader
Donald P. Thompson,155519379,4th Year,20270380,Delta Team,Member
Dev G. Johnson,155519380,4th Year,20270381,Alpha Team,Leader
Kimberly N. Hernandez,155519381,4th Year,20270382,Beta Team,Member
Daniel L. Clark,155519382,4th Year,20270383,Gamma Team,Analyst
Margaret Z. Lopez,155519383,4th Year,20270384,Delta Team,Developer
Zara T. Brown,155519384,4th Year,20270385,Alpha Team,Designer
Kabir H. Martin,155519385,4th Year,20270386,Beta Team,Coordinator
Betty V. Perez,155519386,4th Year,20270387,Gamma Team,Secretary
Steven E. Clark,155519387,4th Year,20270388,Delta Team,Treasurer
John I. Ramirez,155519388,4th Year,20270389,Alpha Team,Vice-Leader
Elizabeth K. Wilson,155519389,4th Year,20270390,Beta Team,Member
Donald V. Joshi,155519390,4th Year,20270391,Gamma Team,Leader
William M. Kapoor,155519391,4th Year,20270392,Delta Team,Member
Robert Q. Martin,155519392,4th Year,20270393,Alpha Team,Analyst
Donald V. Reddy,155519393,4th Year,20270394,Beta Team,Developer
Amanda I. Martin,155519394,4th Year,20270395,Gamma Team,Designer
Vihaan J. Hernandez,155519395,4th Year,20270396,Delta Team,Coordinator
Zara L. Harris,155519396,4th Year,20270397,Alpha Team,Secretary
Isha B. Johnson,155519397,4th Year,20270398,Beta Team,Treasurer
Daniel A. Kapoor,155519398,4th Year,20270399,Gamma Team,Vice-Leader
Karen H. Davis,155519399,4th Year,20270400,Delta Team,Member
Dorothy Q. Clark,155519400,4th Year,20270401,Alpha Team,Leader
Donald K. Moore,155519401,4th Year,20270402,Beta Team,Member
Ananya O. Mehta,155519402,4th Year,20270403,Gamma Team,Analyst
Betty W. Miller,155519403,4th Year,20270404,Delta Team,Developer
Isha Y. Joshi,155519404,4th Year,20270405,Alpha Team,Designer
Barbara R. Jackson,155519405,4th Year,20270406,Beta Team,Coordinator
Paul V. Williams,155519406,4th Year,20270407,Gamma Team,Secretary
Dev V. Lopez,155519407,4th Year,20270408,Delta Team,Treasurer
Sandra B. White,155519408,4th Year,20270409,Alpha Team,Vice-Leader
Nancy P. Taylor,155519409,4th Year,20270410,Beta Team,Member
Timothy I. Patel,155519410,4th Year,20270411,Gamma Team,Leader
Michael J. Sanchez,155519411,4th Year,20270412,Delta Team,Member
Robert K. Nair,155519412,4th Year,20270413,Alpha Team,Analyst
Joshua S. Lee,155519413,4th Year,20270414,Beta Team,Developer
Charles G. Anderson,155519414,4th Year,20270415,Gamma Team,Designer
Susan Y. Kapoor,155519415,4th Year,20270416,Delta Team,Coordinator
Dev M. Davis,155519416,4th Year,20270417,Alpha Team,Secretary
Kabir E. Brown,155519417,4th Year,20270418,Beta Team,Treasurer
Brian J. Thompson,155519418,4th Year,20270419,Gamma Team,Vice-Leader
Paul S. Wilson,155519419,4th Year,20270420,Delta Team,Member
Christopher F. Ramirez,155519420,4th Year,20270421,Alpha Team,Leader
Jessica J. Hernandez,155519421,4th Year,20270422,Beta Team,Member
Melissa H. Williams,155519422,4th Year,20270423,Gamma Team,Analyst
Nancy Z. Perez,155519423,4th Year,20270424,Delta Team,Developer
Zara M. Hernandez,155519424,4th Year,20270425,Alpha Team,Designer
Karen S. Anderson,155519425,4th Year,20270426,Beta Team,Coordinator
Charles D. Brown,155519426,4th Year,20270427,Gamma Team,Secretary
Patricia S. Hernandez,155519427,4th Year,20270428,Delta Team,Treasurer
Betty D. Iyer,155519428,4th Year,20270429,Alpha Team,Vice-Leader
Dev T. Martin,155519429,4th Year,20270430,Beta Team,Member
Kevin L. Martinez,155519430,4th Year,20270431,Gamma Team,Leader
Joseph J. Martinez,155519431,4th Year,20270432,Delta Team,Member
Mary R. Clark,155519432,4th Year,20270433,Alpha Team,Analyst
Jennifer H. Joshi,155519433,4th Year,20270434,Beta Team,Developer
John D. Thompson,155519434,4th Year,20270435,Gamma Team,Designer
Ashley H. Harris,155519435,4th Year,20270436,Delta Team,Coordinator
Ronald U. Reddy,155519436,4th Year,20270437,Alpha Team,Secretary
Elizabeth Q. Iyer,155519437,4th Year,20270438,Beta Team,Treasurer
Emily S. Moore,155519438,4th Year,20270439,Gamma Team,Vice-Leader
Dev U. Garcia,155519439,4th Year,20270440,Delta Team,Member
Kenneth R. Joshi,155519440,4th Year,20270441,Alpha Team,Leader
Barbara W. Nair,155519441,4th Year,20270442,Beta Team,Member
William O. Jones,155519442,4th Year,20270443,Gamma Team,Analyst
Richard P. Thompson,155519443,4th Year,20270444,Delta Team,Developer
Brian Z. Patel,155519444,4th Year,20270445,Alpha Team,Designer
Kabir I. Joshi,155519445,4th Year,20270446,Beta Team,Coordinator
Kevin X. Reddy,155519446,4th Year,20270447,Gamma Team,Secretary
Paul Y. Iyer,155519447,4th Year,20270448,Delta Team,Treasurer
Melissa C. Rodriguez,155519448,4th Year,20270449,Alpha Team,Vice-Leader
Donna H. Reddy,155519449,4th Year,20270450,Beta Team,Member
Thomas T. Nair,155519450,4th Year,20270451,Gamma Team,Leader
Mark Y. Perez,155519451,4th Year,20270452,Delta Team,Member
Sarah T. Lee,155519452,4th Year,20270453,Alpha Team,Analyst
Donna N. Reddy,155519453,4th Year,20270454,Beta Team,Developer
Dorothy D. Rodriguez,155519454,4th Year,20270455,Gamma Team,Designer
Charles U. Sen,155519455,4th Year,20270456,Delta Team,Coordinator
Michelle Q. Jackson,155519456,4th Year,20270457,Alpha Team,Secretary
Carol O. Johnson,155519457,4th Year,20270458,Beta Team,Treasurer
Patricia V. Martin,155519458,4th Year,20270459,Gamma Team,Vice-Leader
Kabir F. Gonzalez,155519459,4th Year,20270460,Delta Team,Member
Sandra F. Sen,155519460,4th Year,20270461,Alpha Team,Leader
Michael N. Sharma,155519461,4th Year,20270462,Beta Team,Member
Patricia I. Sharma,155519462,4th Year,20270463,Gamma Team,Analyst
Kevin P. Patel,155519463,4th Year,20270464,Delta Team,Developer
Riya K. Ramirez,155519464,4th Year,20270465,Alpha Team,Designer
Steven D. Iyer,155519465,4th Year,20270466,Beta Team,Coordinator
Paul G. Clark,155519466,4th Year,20270467,Gamma Team,Secretary
Susan L. Lopez,155519467,4th Year,20270468,Delta Team,Treasurer
Anthony A. Smith,155519468,4th Year,20270469,Alpha Team,Vice-Leader
Isha H. Williams,155519469,4th Year,20270470,Beta Team,Member
Thomas I. Lewis,155519470,4th Year,20270471,Gamma Team,Leader
Kabir L. Reddy,155519471,4th Year,20270472,Delta Team,Member
Joshua M. Thomas,155519472,4th Year,20270473,Alpha Team,Analyst
Meera Z. Hernandez,155519473,4th Year,20270474,Beta Team,Developer
Timothy Y. Lewis,155519474,4th Year,20270475,Gamma Team,Designer
Christopher J. White,155519475,4th Year,20270476,Delta Team,Coordinator
Aarav Y. Williams,155519476,4th Year,20270477,Alpha Team,Secretary
Kenneth R. Ramirez,155519477,4th Year,20270478,Beta Team,Treasurer
Christopher D. Mehta,155519478,4th Year,20270479,Gamma Team,Vice-Leader
Aarav I. Ramirez,155519479,4th Year,20270480,Delta Team,Member
Ananya T. Lewis,155519480,4th Year,20270481,Alpha Team,Leader
Kenneth T. Sen,155519481,4th Year,20270482,Beta Team,Member
Sai A. Smith,155519482,4th Year,20270483,Gamma Team,Analyst
Joshua R. Perez,155519483,4th Year,20270484,Delta Team,Developer
Barbara Z. Sen,155519484,4th Year,20270485,Alpha Team,Designer
Andrew M. Jackson,155519485,4th Year,20270486,Beta Team,Coordinator
Aarav P. Harris,155519486,4th Year,20270487,Gamma Team,Secretary
Donna F. Joshi,155519487,4th Year,20270488,Delta Team,Treasurer
Karen W. Garcia,155519488,4th Year,20270489,Alpha Team,Vice-Leader
James Y. Iyer,155519489,4th Year,20270490,Beta Team,Member
Lisa L. Perez,155519490,4th Year,20270491,Gamma Team,Leader
Anthony Q. Miller,155519491,4th Year,20270492,Delta Team,Member
Thomas E. Sen,155519492,4th Year,20270493,Alpha Team,Analyst
James N. Anderson,155519493,4th Year,20270494,Beta Team,Developer
Lisa K. Anderson,155519494,4th Year,20270495,Gamma Team,Designer
Ronald S. Hernandez,155519495,4th Year,20270496,Delta Team,Coordinator
Melissa G. Wilson,155519496,4th Year,20270497,Alpha Team,Secretary
William H. Jones,155519497,4th Year,20270498,Beta Team,Treasurer
Kenneth X. Clark,155519498,4th Year,20270499,Gamma Team,Vice-Leader
Joseph Y. Brown,155519499,4th Year,20270500,Delta Team,Member
Michael Y. Thompson,155519500,4th Year,20270501,Alpha Team,Leader
Michael Y. Mehta,155519501,4th Year,20270502,Beta Team,Member
William K. Miller,155519502,4th Year,20270503,Gamma Team,Analyst
Zara A. Jones,155519503,4th Year,20270504,Delta Team,Developer
Karen C. Rao,155519504,4th Year,20270505,Alpha Team,Designer
William V. Harris,155519505,4th Year,20270506,Beta Team,Coordinator
Robert K. Thompson,155519506,4th Year,20270507,Gamma Team,Secretary
Patricia M. Anderson,155519507,4th Year,20270508,Delta Team,Treasurer
Donna G. Thompson,155519508,4th Year,20270509,Alpha Team,Vice-Leader
Dev X. Wilson,155519509,4th Year,20270510,Beta Team,Member
Daniel D. Iyer,155519510,4th Year,20270511,Gamma Team,Leader
Kenneth T. Williams,155519511,4th Year,20270512,Delta Team,Member
Sai P. Reddy,155519512,4th Year,20270513,Alpha Team,Analyst
Karen W. Kapoor,155519513,4th Year,20270514,Beta Team,Developer
Christopher Y. Sanchez,155519514,4th Year,20270515,Gamma Team,Designer
James X. Johnson,155519515,4th Year,20270516,Delta Team,Coordinator
Kevin S. Thomas,155519516,4th Year,20270517,Alpha Team,Secretary
Jessica I. Clark,155519517,4th Year,20270518,Beta Team,Treasurer
Mark Y. Martinez,155519518,4th Year,20270519,Gamma Team,Vice-Leader
Vihaan R. Davis,155519519,4th Year,20270520,Delta Team,Member
Sarah N. Joshi,155519520,4th Year,20270521,Alpha Team,Leader
Sarah E. Martinez,155519521,4th Year,20270522,Beta Team,Member
Timothy P. Rodriguez,155519522,4th Year,20270523,Gamma Team,Analyst
Sandra P. Taylor,155519523,4th Year,20270524,Delta Team,Developer
Mark A. Rodriguez,155519524,4th Year,20270525,Alpha Team,Designer
Barbara K. Joshi,155519525,4th Year,20270526,Beta Team,Coordinator
Elizabeth Y. Jones,155519526,4th Year,20270527,Gamma Team,Secretary
Sarah O. Martinez,155519527,4th Year,20270528,Delta Team,Treasurer
Zara T. Clark,155519528,4th Year,20270529,Alpha Team,Vice-Leader
Susan B. Clark,155519529,4th Year,20270530,Beta Team,Member
Charles M. Lewis,155519530,4th Year,20270531,Gamma Team,Leader
Dorothy C. Hernandez,155519531,4th Year,20270532,Delta Team,Member
Isha C. Moore,155519532,4th Year,20270533,Alpha Team,Analyst
Elizabeth F. Davis,155519533,4th Year,20270534,Beta Team,Developer
Sarah A. Robinson,155519534,4th Year,20270535,Gamma Team,Designer
Robert X. Ramirez,155519535,4th Year,20270536,Delta Team,Coordinator
Jennifer R. Sen,155519536,4th Year,20270537,Alpha Team,Secretary
Karen T. Mehta,155519537,4th Year,20270538,Beta Team,Treasurer
Donald L. Moore,155519538,4th Year,20270539,Gamma Team,Vice-Leader
Sai G. Lee,155519539,4th Year,20270540,Delta Team,Member
Donald K. Jones,155519540,4th Year,20270541,Alpha Team,Leader
Joseph G. Rodriguez,155519541,4th Year,20270542,Beta Team,Member
Kimberly D. Lopez,155519542,4th Year,20270543,Gamma Team,Analyst
Sai K. Martin,155519543,4th Year,20270544,Delta Team,Developer
Daniel Q. Hernandez,155519544,4th Year,20270545,Alpha Team,Designer
Aarav V. Nair,155519545,4th Year,20270546,Beta Team,Coordinator
Nancy X. Mehta,155519546,4th Year,20270547,Gamma Team,Secretary
Jennifer G. Hernandez,155519547,4th Year,20270548,Delta Team,Treasurer
Sai K. Thomas,155519548,4th Year,20270549,Alpha Team,Vice-Leader
Zara G. Thomas,155519549,4th Year,20270550,Beta Team,Member
Aarav M. White,155519550,4th Year,20270551,Gamma Team,Leader
Isha K. Rodriguez,155519551,4th Year,20270552,Delta Team,Member
James D. Nair,155519552,4th Year,20270553,Alpha Team,Analyst
Linda U. Lewis,155519553,4th Year,20270554,Beta Team,Developer
Kimberly E. Sanchez,155519554,4th Year,20270555,Gamma Team,Designer
Emily O. Anderson,155519555,4th Year,20270556,Delta Team,Coordinator
Kenneth U. Patel,155519556,4th Year,20270557,Alpha Team,Secretary
Patricia I. Perez,155519557,4th Year,20270558,Beta Team,Treasurer
Aarav K. White,155519558,4th Year,20270559,Gamma Team,Vice-Leader
Margaret Y. Iyer,155519559,4th Year,20270560,Delta Team,Member
Nancy H. Brown,155519560,4th Year,20270561,Alpha Team,Leader
Linda O. Clark,155519561,4th Year,20270562,Beta Team,Member
Ronald Z. Rao,155519562,4th Year,20270563,Gamma Team,Analyst
Vihaan A. White,155519563,4th Year,20270564,Delta Team,Developer
Donna P. Kapoor,155519564,4th Year,20270565,Alpha Team,Designer
Elizabeth A. Lewis,155519565,4th Year,20270566,Beta Team,Coordinator
Isha I. Sanchez,155519566,4th Year,20270567,Gamma Team,Secretary
Andrew A. Lewis,155519567,4th Year,20270568,Delta Team,Treasurer
Mary O. Garcia,155519568,4th Year,20270569,Alpha Team,Vice-Leader
Anthony A. Sen,155519569,4th Year,20270570,Beta Team,Member
Kimberly B. Martin,155519570,4th Year,20270571,Gamma Team,Leader
Nancy L. Williams,155519571,4th Year,20270572,Delta Team,Member
Jessica T. Mehta,155519572,4th Year,20270573,Alpha Team,Analyst
Anthony B. Sharma,155519573,4th Year,20270574,Beta Team,Developer
Mark V. Ramirez,155519574,4th Year,20270575,Gamma Team,Designer
Elizabeth F. Perez,155519575,4th Year,20270576,Delta Team,Coordinator
Margaret O. Lopez,155519576,4th Year,20270577,Alpha Team,Secretary
Aarav W. Anderson,155519577,4th Year,20270578,Beta Team,Treasurer
Betty D. Joshi,155519578,4th Year,20270579,Gamma Team,Vice-Leader
Kimberly F. Davis,155519579,4th Year,20270580,Delta Team,Member
Kabir C. White,155519580,4th Year,20270581,Alpha Team,Leader
Timothy Q. Brown,155519581,4th Year,20270582,Beta Team,Member
Steven U. Joshi,155519582,4th Year,20270583,Gamma Team,Analyst
Isha N. Joshi,155519583,4th Year,20270584,Delta Team,Developer
Michael G. Smith,155519584,4th Year,20270585,Alpha Team,Designer
Andrew P. Gonzalez,155519585,4th Year,20270586,Beta Team,Coordinator
Patricia O. Martinez,155519586,4th Year,20270587,Gamma Team,Secretary
Nancy M. Kapoor,155519587,4th Year,20270588,Delta Team,Treasurer
William S. Hernandez,155519588,4th Year,20270589,Alpha Team,Vice-Leader
Emily K. Hernandez,155519589,4th Year,20270590,Beta Team,Member
Anthony M. Gonzalez,155519590,4th Year,20270591,Gamma Team,Leader
Dorothy C. Kapoor,155519591,4th Year,20270592,Delta Team,Member
Dev A. Ramirez,155519592,4th Year,20270593,Alpha Team,Analyst
William W. Jones,155519593,4th Year,20270594,Beta Team,Developer
Anthony A. Sharma,155519594,4th Year,20270595,Gamma Team,Designer
Steven A. Martinez,155519595,4th Year,20270596,Delta Team,Coordinator
Joshua E. Jackson,155519596,4th Year,20270597,Alpha Team,Secretary
Sarah T. Joshi,155519597,4th Year,20270598,Beta Team,Treasurer
Michelle O. Garcia,155519598,4th Year,20270599,Gamma Team,Vice-Leader
Meera H. Ramirez,155519599,4th Year,20270600,Delta Team,Member
Deborah M. Mehta,155519600,4th Year,20270601,Alpha Team,Leader
Isha T. Gonzalez,155519601,4th Year,20270602,Beta Team,Member
Carol X. Rao,155519602,4th Year,20270603,Gamma Team,Analyst
Brian I. Robinson,155519603,4th Year,20270604,Delta Team,Developer
Mary U. Ramirez,155519604,4th Year,20270605,Alpha Team,Designer
Jennifer X. Lewis,155519605,4th Year,20270606,Beta Team,Coordinator
Barbara V. Davis,155519606,4th Year,20270607,Gamma Team,Secretary
Kimberly F. Smith,155519607,4th Year,20270608,Delta Team,Treasurer
Lisa B. Garcia,155519608,4th Year,20270609,Alpha Team,Vice-Leader
Carol F. Lewis,155519609,4th Year,20270610,Beta Team,Member
Linda Z. Miller,155519610,4th Year,20270611,Gamma Team,Leader
Sandra A. Kapoor,155519611,4th Year,20270612,Delta Team,Member
Michelle J. Joshi,155519612,4th Year,20270613,Alpha Team,Analyst
Charles Q. Lopez,155519613,4th Year,20270614,Beta Team,Developer
Amanda F. Lopez,155519614,4th Year,20270615,Gamma Team,Designer
Sarah F. Brown,155519615,4th Year,20270616,Delta Team,Coordinator
Kabir I. Ramirez,155519616,4th Year,20270617,Alpha Team,Secretary
Andrew S. Harris,155519617,4th Year,20270618,Beta Team,Treasurer
Susan T. Nair,155519618,4th Year,20270619,Gamma Team,Vice-Leader
Daniel D. Sanchez,155519619,4th Year,20270620,Delta Team,Member
Paul M. Taylor,155519620,4th Year,20270621,Alpha Team,Leader
Aarav U. Sharma,155519621,4th Year,20270622,Beta Team,Member
Thomas U. Harris,155519622,4th Year,20270623,Gamma Team,Analyst
Sarah I. Moore,155519623,4th Year,20270624,Delta Team,Developer
Sandra J. Thomas,155519624,4th Year,20270625,Alpha Team,Designer
David U. Thomas,155519625,4th Year,20270626,Beta Team,Coordinator
Kimberly J. Moore,155519626,4th Year,20270627,Gamma Team,Secretary
Donald F. Sharma,155519627,4th Year,20270628,Delta Team,Treasurer
Timothy R. Jones,155519628,4th Year,20270629,Alpha Team,Vice-Leader
Meera K. Smith,155519629,4th Year,20270630,Beta Team,Member
Matthew D. Sen,155519630,4th Year,20270631,Gamma Team,Leader
Betty R. Robinson,155519631,4th Year,20270632,Delta Team,Member
Barbara T. Rodriguez,155519632,4th Year,20270633,Alpha Team,Analyst
Deborah H. Miller,155519633,4th Year,20270634,Beta Team,Developer
Christopher W. Jones,155519634,4th Year,20270635,Gamma Team,Designer
Donna R. Sanchez,155519635,4th Year,20270636,Delta Team,Coordinator
Timothy W. Johnson,155519636,4th Year,20270637,Alpha Team,Secretary
Barbara X. Wilson,155519637,4th Year,20270638,Beta Team,Treasurer
Ronald Y. Joshi,155519638,4th Year,20270639,Gamma Team,Vice-Leader
Andrew Q. Sanchez,155519639,4th Year,20270640,Delta Team,Member
Ronald N. Davis,155519640,4th Year,20270641,Alpha Team,Leader
Betty R. Lewis,155519641,4th Year,20270642,Beta Team,Member
William T. Kapoor,155519642,4th Year,20270643,Gamma Team,Analyst
Margaret I. Garcia,155519643,4th Year,20270644,Delta Team,Developer
Timothy U. Harris,155519644,4th Year,20270645,Alpha Team,Designer
Isha D. Martinez,155519645,4th Year,20270646,Beta Team,Coordinator
Brian I. Williams,155519646,4th Year,20270647,Gamma Team,Secretary
Dorothy Y. Joshi,155519647,4th Year,20270648,Delta Team,Treasurer
Vihaan X. Smith,155519648,4th Year,20270649,Alpha Team,Vice-Leader
Sai I. Reddy,155519649,4th Year,20270650,Beta Team,Member
Paul M. Sharma,155519650,4th Year,20270651,Gamma Team,Leader
Jennifer M. Brown,155519651,4th Year,20270652,Delta Team,Member
Ronald V. Rodriguez,155519652,4th Year,20270653,Alpha Team,Analyst
Charles N. Garcia,155519653,4th Year,20270654,Beta Team,Developer
Charles B. Gonzalez,155519654,4th Year,20270655,Gamma Team,Designer
Paul J. Sharma,155519655,4th Year,20270656,Delta Team,Coordinator
Melissa R. Patel,155519656,4th Year,20270657,Alpha Team,Secretary
William W. Anderson,155519657,4th Year,20270658,Beta Team,Treasurer
William W. Martin,155519658,4th Year,20270659,Gamma Team,Vice-Leader
William Y. Lopez,155519659,4th Year,20270660,Delta Team,Member
Ronald T. White,155519660,4th Year,20270661,Alpha Team,Leader
Karen R. Lewis,155519661,4th Year,20270662,Beta Team,Member
Elizabeth E. Sanchez,155519662,4th Year,20270663,Gamma Team,Analyst
Christopher Y. Nair,155519663,4th Year,20270664,Delta Team,Developer
Vihaan W. Lopez,155519664,4th Year,20270665,Alpha Team,Designer
Brian S. Thomas,155519665,4th Year,20270666,Beta Team,Coordinator
Ronald X. Sen,155519666,4th Year,20270667,Gamma Team,Secretary
John R. Brown,155519667,4th Year,20270668,Delta Team,Treasurer
Andrew Z. Taylor,155519668,4th Year,20270669,Alpha Team,Vice-Leader
Carol V. Lewis,155519669,4th Year,20270670,Beta Team,Member
Zara N. Lee,155519670,4th Year,20270671,Gamma Team,Leader
Donald Y. Harris,155519671,4th Year,20270672,Delta Team,Member
Thomas M. Hernandez,155519672,4th Year,20270673,Alpha Team,Analyst
Riya A. Sen,155519673,4th Year,20270674,Beta Team,Developer
Kabir N. Brown,155519674,4th Year,20270675,Gamma Team,Designer
Sandra D. Martin,155519675,4th Year,20270676,Delta Team,Coordinator
James X. Harris,155519676,4th Year,20270677,Alpha Team,Secretary
Ronald K. Patel,155519677,4th Year,20270678,Beta Team,Treasurer
Robert N. Moore,155519678,4th Year,20270679,Gamma Team,Vice-Leader
Christopher Y. Jones,155519679,4th Year,20270680,Delta Team,Member
Andrew T. Rao,155519680,4th Year,20270681,Alpha Team,Leader
Mary K. Smith,155519681,4th Year,20270682,Beta Team,Member
Mark H. Clark,155519682,4th Year,20270683,Gamma Team,Analyst
Mary T. Williams,155519683,4th Year,20270684,Delta Team,Developer
Susan I. Smith,155519684,4th Year,20270685,Alpha Team,Designer
Elizabeth K. Hernandez,155519685,4th Year,20270686,Beta Team,Coordinator
Andrew D. Martinez,155519686,4th Year,20270687,Gamma Team,Secretary
Jennifer X. Thomas,155519687,4th Year,20270688,Delta Team,Treasurer
Barbara J. Taylor,155519688,4th Year,20270689,Alpha Team,Vice-Leader
John T. Williams,155519689,4th Year,20270690,Beta Team,Member
Amanda I. Anderson,155519690,4th Year,20270691,Gamma Team,Leader
William Z. Sanchez,155519691,4th Year,20270692,Delta Team,Member
Kevin P. Sharma,155519692,4th Year,20270693,Alpha Team,Analyst
Meera Y. Taylor,155519693,4th Year,20270694,Beta Team,Developer
Patricia L. Garcia,155519694,4th Year,20270695,Gamma Team,Designer
David P. Gonzalez,155519695,4th Year,20270696,Delta Team,Coordinator
Thomas C. Thompson,155519696,4th Year,20270697,Alpha Team,Secretary
Emily J. Smith,155519697,4th Year,20270698,Beta Team,Treasurer
Ananya T. Reddy,155519698,4th Year,20270699,Gamma Team,Vice-Leader
Daniel L. Miller,155519699,4th Year,20270700,Delta Team,Member
Kabir F. Lopez,155519700,4th Year,20270701,Alpha Team,Leader
Carol D. Mehta,155519701,4th Year,20270702,Beta Team,Member
Joseph S. Iyer,155519702,4th Year,20270703,Gamma Team,Analyst
Andrew O. Jones,155519703,4th Year,20270704,Delta Team,Developer
Elizabeth R. Anderson,155519704,4th Year,20270705,Alpha Team,Designer
James Y. White,155519705,4th Year,20270706,Beta Team,Coordinator
John J. Davis,155519706,4th Year,20270707,Gamma Team,Secretary
Joshua V. Brown,155519707,4th Year,20270708,Delta Team,Treasurer
Karen M. Mehta,155519708,4th Year,20270709,Alpha Team,Vice-Leader
Joseph O. Anderson,155519709,4th Year,20270710,Beta Team,Member
Brian H. Mehta,155519710,4th Year,20270711,Gamma Team,Leader
Amanda N. Rao,155519711,4th Year,20270712,Delta Team,Member
Jennifer V. Sharma,155519712,4th Year,20270713,Alpha Team,Analyst
Nancy U. Thomas,155519713,4th Year,20270714,Beta Team,Developer
Lisa Z. Martinez,155519714,4th Year,20270715,Gamma Team,Designer
Mary D. Sen,155519715,4th Year,20270716,Delta Team,Coordinator
Amanda Y. Lee,155519716,4th Year,20270717,Alpha Team,Secretary
Betty F. Rodriguez,155519717,4th Year,20270718,Beta Team,Treasurer
Vihaan F. Thomas,155519718,4th Year,20270719,Gamma Team,Vice-Leader
Barbara K. Sanchez,155519719,4th Year,20270720,Delta Team,Member
Steven E. Sanchez,155519720,4th Year,20270721,Alpha Team,Leader
Mary Z. Ramirez,155519721,4th Year,20270722,Beta Team,Member
Kenneth J. Johnson,155519722,4th Year,20270723,Gamma Team,Analyst
Michelle T. Davis,155519723,4th Year,20270724,Delta Team,Developer
Susan L. Ramirez,155519724,4th Year,20270725,Alpha Team,Designer
David Y. Clark,155519725,4th Year,20270726,Beta Team,Coordinator
Anthony S. Jackson,155519726,4th Year,20270727,Gamma Team,Secretary
Melissa M. Reddy,155519727,4th Year,20270728,Delta Team,Treasurer
Mark F. Lewis,155519728,4th Year,20270729,Alpha Team,Vice-Leader
Ashley E. Garcia,155519729,4th Year,20270730,Beta Team,Member
Vihaan V. Patel,155519730,4th Year,20270731,Gamma Team,Leader
Donna U. Johnson,155519731,4th Year,20270732,Delta Team,Member
Donald E. Garcia,155519732,4th Year,20270733,Alpha Team,Analyst
Jennifer G. Martinez,155519733,4th Year,20270734,Beta Team,Developer
Brian M. Martin,155519734,4th Year,20270735,Gamma Team,Designer
Karen D. Nair,155519735,4th Year,20270736,Delta Team,Coordinator
Linda F. Kapoor,155519736,4th Year,20270737,Alpha Team,Secretary
James N. Williams,155519737,4th Year,20270738,Beta Team,Treasurer
Kevin I. Lee,155519738,4th Year,20270739,Gamma Team,Vice-Leader
Kenneth J. Joshi,155519739,4th Year,20270740,Delta Team,Member
Jennifer V. Patel,155519740,4th Year,20270741,Alpha Team,Leader
William M. Sen,155519741,4th Year,20270742,Beta Team,Member
Dev J. Robinson,155519742,4th Year,20270743,Gamma Team,Analyst
Sai B. Kapoor,155519743,4th Year,20270744,Delta Team,Developer
Andrew D. Joshi,155519744,4th Year,20270745,Alpha Team,Designer
John N. Robinson,155519745,4th Year,20270746,Beta Team,Coordinator
Robert X. White,155519746,4th Year,20270747,Gamma Team,Secretary
Meera B. Jackson,155519747,4th Year,20270748,Delta Team,Treasurer
Elizabeth I. Sen,155519748,4th Year,20270749,Alpha Team,Vice-Leader
Elizabeth B. Rodriguez,155519749,4th Year,20270750,Beta Team,Member
Mary P. Lewis,155519750,4th Year,20270751,Gamma Team,Leader
Brian F. Sen,155519751,4th Year,20270752,Delta Team,Member
Paul V. Joshi,155519752,4th Year,20270753,Alpha Team,Analyst
Patricia B. Martin,155519753,4th Year,20270754,Beta Team,Developer
Riya F. Taylor,155519754,4th Year,20270755,Gamma Team,Designer
Kevin E. Perez,155519755,4th Year,20270756,Delta Team,Coordinator
Lisa R. Miller,155519756,4th Year,20270757,Alpha Team,Secretary
Joseph C. Lee,155519757,4th Year,20270758,Beta Team,Treasurer
Kabir N. Anderson,155519758,4th Year,20270759,Gamma Team,Vice-Leader
Patricia D. Sharma,155519759,4th Year,20270760,Delta Team,Member
Emily L. Smith,155519760,4th Year,20270761,Alpha Team,Leader
Sandra W. Miller,155519761,4th Year,20270762,Beta Team,Member
Melissa G. Williams,155519762,4th Year,20270763,Gamma Team,Analyst
Paul W. Joshi,155519763,4th Year,20270764,Delta Team,Developer
Sandra S. Williams,155519764,4th Year,20270765,Alpha Team,Designer
Richard B. Jones,155519765,4th Year,20270766,Beta Team,Coordinator
Donald J. Nair,155519766,4th Year,20270767,Gamma Team,Secretary
Susan D. Martinez,155519767,4th Year,20270768,Delta Team,Treasurer
Dev K. Rao,155519768,4th Year,20270769,Alpha Team,Vice-Leader
Amanda W. Ramirez,155519769,4th Year,20270770,Beta Team,Member
Thomas N. Iyer,155519770,4th Year,20270771,Gamma Team,Leader
Andrew N. Hernandez,155519771,4th Year,20270772,Delta Team,Member
James Z. Ramirez,155519772,4th Year,20270773,Alpha Team,Analyst
Zara X. Miller,155519773,4th Year,20270774,Beta Team,Developer
Kevin U. Taylor,155519774,4th Year,20270775,Gamma Team,Designer
Joseph L. Miller,155519775,4th Year,20270776,Delta Team,Coordinator
Emily W. Smith,155519776,4th Year,20270777,Alpha Team,Secretary
Barbara I. Reddy,155519777,4th Year,20270778,Beta Team,Treasurer
Christopher H. Robinson,155519778,4th Year,20270779,Gamma Team,Vice-Leader
Timothy N. Lopez,155519779,4th Year,20270780,Delta Team,Member
David M. Robinson,155519780,4th Year,20270781,Alpha Team,Leader
Dev D. Robinson,155519781,4th Year,20270782,Beta Team,Member
James K. Smith,155519782,4th Year,20270783,Gamma Team,Analyst
Amanda I. Garcia,155519783,4th Year,20270784,Delta Team,Developer
Margaret D. Martinez,155519784,4th Year,20270785,Alpha Team,Designer
Riya Q. Garcia,155519785,4th Year,20270786,Beta Team,Coordinator
Ronald M. Johnson,155519786,4th Year,20270787,Gamma Team,Secretary
Andrew O. Patel,155519787,4th Year,20270788,Delta Team,Treasurer
Mary Z. Hernandez,155519788,4th Year,20270789,Alpha Team,Vice-Leader
Ronald E. Iyer,155519789,4th Year,20270790,Beta Team,Member
Susan I. Iyer,155519790,4th Year,20270791,Gamma Team,Leader
Donald O. Joshi,155519791,4th Year,20270792,Delta Team,Member
Michelle N. Kapoor,155519792,4th Year,20270793,Alpha Team,Analyst
Michelle K. Miller,155519793,4th Year,20270794,Beta Team,Developer
Melissa A. Hernandez,155519794,4th Year,20270795,Gamma Team,Designer
Amanda Q. Ramirez,155519795,4th Year,20270796,Delta Team,Coordinator
Isha O. Smith,155519796,4th Year,20270797,Alpha Team,Secretary
Paul F. Kapoor,155519797,4th Year,20270798,Beta Team,Treasurer
Robert W. Moore,155519798,4th Year,20270799,Gamma Team,Vice-Leader
Charles D. Jones,155519799,4th Year,20270800,Delta Team,Member
Carol L. Sharma,155519800,4th Year,20270801,Alpha Team,Leader
John P. Thomas,155519801,4th Year,20270802,Beta Team,Member
Dorothy R. Moore,155519802,4th Year,20270803,Gamma Team,Analyst
Donald Y. Jones,155519803,4th Year,20270804,Delta Team,Developer
Elizabeth B. Smith,155519804,4th Year,20270805,Alpha Team,Designer
Patricia Q. Wilson,155519805,4th Year,20270806,Beta Team,Coordinator
Zara Q. Lewis,155519806,4th Year,20270807,Gamma Team,Secretary
Joseph Z. Sharma,155519807,4th Year,20270808,Delta Team,Treasurer
Christopher Q. Martin,155519808,4th Year,20270809,Alpha Team,Vice-Leader
Charles O. Taylor,155519809,4th Year,20270810,Beta Team,Member
Dev U. Miller,155519810,4th Year,20270811,Gamma Team,Leader
Charles V. Mehta,155519811,4th Year,20270812,Delta Team,Member
Emily J. Harris,155519812,4th Year,20270813,Alpha Team,Analyst
Kimberly J. Ramirez,155519813,4th Year,20270814,Beta Team,Developer
Kabir K. Mehta,155519814,4th Year,20270815,Gamma Team,Designer
Barbara C. Reddy,155519815,4th Year,20270816,Delta Team,Coordinator
Dev B. White,155519816,4th Year,20270817,Alpha Team,Secretary
Ronald B. Sanchez,155519817,4th Year,20270818,Beta Team,Treasurer
Vihaan W. Moore,155519818,4th Year,20270819,Gamma Team,Vice-Leader
Ronald C. Hernandez,155519819,4th Year,20270820,Delta Team,Member
John C. Moore,155519820,4th Year,20270821,Alpha Team,Leader
Daniel B. Ramirez,155519821,4th Year,20270822,Beta Team,Member
Jennifer O. Thomas,155519822,4th Year,20270823,Gamma Team,Analyst
Michael H. Ramirez,155519823,4th Year,20270824,Delta Team,Developer
Michael X. Rao,155519824,4th Year,20270825,Alpha Team,Designer
Carol N. Gonzalez,155519825,4th Year,20270826,Beta Team,Coordinator
Matthew S. Smith,155519826,4th Year,20270827,Gamma Team,Secretary
Ronald X. Patel,155519827,4th Year,20270828,Delta Team,Treasurer
Daniel X. Mehta,155519828,4th Year,20270829,Alpha Team,Vice-Leader
Brian G. Williams,155519829,4th Year,20270830,Beta Team,Member
Richard O. Sen,155519830,4th Year,20270831,Gamma Team,Leader
Emily A. Reddy,155519831,4th Year,20270832,Delta Team,Member
Dorothy P. Nair,155519832,4th Year,20270833,Alpha Team,Analyst
Christopher T. Hernandez,155519833,4th Year,20270834,Beta Team,Developer
Patricia X. Harris,155519834,4th Year,20270835,Gamma Team,Designer
Nancy I. Iyer,155519835,4th Year,20270836,Delta Team,Coordinator
Daniel P. Brown,155519836,4th Year,20270837,Alpha Team,Secretary
Richard R. Lopez,155519837,4th Year,20270838,Beta Team,Treasurer
Joshua O. Williams,155519838,4th Year,20270839,Gamma Team,Vice-Leader
Charles U. Williams,155519839,4th Year,20270840,Delta Team,Member
William H. Williams,155519840,4th Year,20270841,Alpha Team,Leader
Barbara C. Ramirez,155519841,4th Year,20270842,Beta Team,Member
Charles A. Moore,155519842,4th Year,20270843,Gamma Team,Analyst
Brian E. Hernandez,155519843,4th Year,20270844,Delta Team,Developer
Kenneth Y. Miller,155519844,4th Year,20270845,Alpha Team,Designer
Sai O. Kapoor,155519845,4th Year,20270846,Beta Team,Coordinator
Amanda V. Sen,155519846,4th Year,20270847,Gamma Team,Secretary
Timothy Q. Rao,155519847,4th Year,20270848,Delta Team,Treasurer
Michelle E. Perez,155519848,4th Year,20270849,Alpha Team,Vice-Leader
Mary C. Thompson,155519849,4th Year,20270850,Beta Team,Member
Richard H. Lee,155519850,4th Year,20270851,Gamma Team,Leader
Susan V. Gonzalez,155519851,4th Year,20270852,Delta Team,Member
Dev O. Davis,155519852,4th Year,20270853,Alpha Team,Analyst
Mark Z. Martin,155519853,4th Year,20270854,Beta Team,Developer
Michael L. Sanchez,155519854,4th Year,20270855,Gamma Team,Designer
Michelle K. Anderson,155519855,4th Year,20270856,Delta Team,Coordinator
Timothy V. Patel,155519856,4th Year,20270857,Alpha Team,Secretary
Robert H. Mehta,155519857,4th Year,20270858,Beta Team,Treasurer
Patricia M. Taylor,155519858,4th Year,20270859,Gamma Team,Vice-Leader
Ashley X. Sanchez,155519859,4th Year,20270860,Delta Team,Member
Riya Y. Jackson,155519860,4th Year,20270861,Alpha Team,Leader
Nancy E. Rao,155519861,4th Year,20270862,Beta Team,Member
Jennifer W. Wilson,155519862,4th Year,20270863,Gamma Team,Analyst
Joseph H. Sen,155519863,4th Year,20270864,Delta Team,Developer
David Z. Iyer,155519864,4th Year,20270865,Alpha Team,Designer
Richard K. Thomas,155519865,4th Year,20270866,Beta Team,Coordinator
Linda F. Garcia,155519866,4th Year,20270867,Gamma Team,Secretary
Dev L. Mehta,155519867,4th Year,20270868,Delta Team,Treasurer
John W. Reddy,155519868,4th Year,20270869,Alpha Team,Vice-Leader
Ananya C. Lewis,155519869,4th Year,20270870,Beta Team,Member
Anthony Y. Thompson,155519870,4th Year,20270871,Gamma Team,Leader
Kabir P. Clark,155519871,4th Year,20270872,Delta Team,Member
James Z. Hernandez,155519872,4th Year,20270873,Alpha Team,Analyst
Barbara J. Harris,155519873,4th Year,20270874,Beta Team,Developer
Christopher R. Sen,155519874,4th Year,20270875,Gamma Team,Designer
Michelle I. Williams,155519875,4th Year,20270876,Delta Team,Coordinator
Elizabeth K. Moore,155519876,4th Year,20270877,Alpha Team,Secretary
Ronald F. Anderson,155519877,4th Year,20270878,Beta Team,Treasurer
Susan M. Reddy,155519878,4th Year,20270879,Gamma Team,Vice-Leader
Sandra U. Smith,155519879,4th Year,20270880,Delta Team,Member
Joshua U. Nair,155519880,4th Year,20270881,Alpha Team,Leader
Ronald U. Patel,155519881,4th Year,20270882,Beta Team,Member
Nancy G. Ramirez,155519882,4th Year,20270883,Gamma Team,Analyst
Vihaan O. Miller,155519883,4th Year,20270884,Delta Team,Developer
Ronald Q. Anderson,155519884,4th Year,20270885,Alpha Team,Designer
Margaret F. Patel,155519885,4th Year,20270886,Beta Team,Coordinator
Matthew N. Thomas,155519886,4th Year,20270887,Gamma Team,Secretary
Donna C. Taylor,155519887,4th Year,20270888,Delta Team,Treasurer
Charles Y. Wilson,155519888,4th Year,20270889,Alpha Team,Vice-Leader
Barbara N. Taylor,155519889,4th Year,20270890,Beta Team,Member
Kabir C. Clark,155519890,4th Year,20270891,Gamma Team,Leader
Ananya K. Sharma,155519891,4th Year,20270892,Delta Team,Member
Deborah L. White,155519892,4th Year,20270893,Alpha Team,Analyst
Mark F. Hernandez,155519893,4th Year,20270894,Beta Team,Developer
Elizabeth D. Robinson,155519894,4th Year,20270895,Gamma Team,Designer
Steven K. Miller,155519895,4th Year,20270896,Delta Team,Coordinator
David H. Gonzalez,155519896,4th Year,20270897,Alpha Team,Secretary
Kevin R. Ramirez,155519897,4th Year,20270898,Beta Team,Treasurer
Michael R. Jones,155519898,4th Year,20270899,Gamma Team,Vice-Leader
Susan C. Hernandez,155519899,4th Year,20270900,Delta Team,Member
Deborah O. Patel,155519900,4th Year,20270901,Alpha Team,Leader
Richard W. Gonzalez,155519901,4th Year,20270902,Beta Team,Member
Lisa H. Lee,155519902,4th Year,20270903,Gamma Team,Analyst
Sai Z. Rao,155519903,4th Year,20270904,Delta Team,Developer
Karen D. Patel,155519904,4th Year,20270905,Alpha Team,Designer
Timothy L. Sharma,155519905,4th Year,20270906,Beta Team,Coordinator
Donald W. Taylor,155519906,4th Year,20270907,Gamma Team,Secretary
Ashley S. Harris,155519907,4th Year,20270908,Delta Team,Treasurer
Michael R. Brown,155519908,4th Year,20270909,Alpha Team,Vice-Leader
Kabir M. Rao,155519909,4th Year,20270910,Beta Team,Member
Christopher Z. Ramirez,155519910,4th Year,20270911,Gamma Team,Leader
Margaret I. Robinson,155519911,4th Year,20270912,Delta Team,Member
Paul F. Iyer,155519912,4th Year,20270913,Alpha Team,Analyst
Kabir D. Brown,155519913,4th Year,20270914,Beta Team,Developer
William F. Brown,155519914,4th Year,20270915,Gamma Team,Designer
Nancy U. Garcia,155519915,4th Year,20270916,Delta Team,Coordinator
Isha O. Perez,155519916,4th Year,20270917,Alpha Team,Secretary
Karen I. Patel,155519917,4th Year,20270918,Beta Team,Treasurer
Kimberly J. Martinez,155519918,4th Year,20270919,Gamma Team,Vice-Leader
Sai O. White,155519919,4th Year,20270920,Delta Team,Member
Ronald E. Williams,155519920,4th Year,20270921,Alpha Team,Leader
Kimberly Z. Miller,155519921,4th Year,20270922,Beta Team,Member
Lisa Y. Patel,155519922,4th Year,20270923,Gamma Team,Analyst
Lisa K. Sanchez,155519923,4th Year,20270924,Delta Team,Developer
Dorothy Y. Sanchez,155519924,4th Year,20270925,Alpha Team,Designer
William G. Smith,155519925,4th Year,20270926,Beta Team,Coordinator
Timothy M. Ramirez,155519926,4th Year,20270927,Gamma Team,Secretary
Dev G. Rodriguez,155519927,4th Year,20270928,Delta Team,Treasurer
Michael S. Clark,155519928,4th Year,20270929,Alpha Team,Vice-Leader
Melissa L. Ramirez,155519929,4th Year,20270930,Beta Team,Member
Patricia R. Thomas,155519930,4th Year,20270931,Gamma Team,Leader
James O. Joshi,155519931,4th Year,20270932,Delta Team,Member
Andrew B. Nair,155519932,4th Year,20270933,Alpha Team,Analyst
Patricia Z. Iyer,155519933,4th Year,20270934,Beta Team,Developer
Linda Y. Anderson,155519934,4th Year,20270935,Gamma Team,Designer
Steven V. Williams,155519935,4th Year,20270936,Delta Team,Coordinator
Dev T. Martinez,155519936,4th Year,20270937,Alpha Team,Secretary
Elizabeth O. Martin,155519937,4th Year,20270938,Beta Team,Treasurer
James M. Jones,155519938,4th Year,20270939,Gamma Team,Vice-Leader
Vihaan Q. White,155519939,4th Year,20270940,Delta Team,Member
David O. Perez,155519940,4th Year,20270941,Alpha Team,Leader
Vihaan P. Thomas,155519941,4th Year,20270942,Beta Team,Member
Donna Q. Reddy,155519942,4th Year,20270943,Gamma Team,Analyst
Ronald Y. Martinez,155519943,4th Year,20270944,Delta Team,Developer
Timothy W. Gonzalez,155519944,4th Year,20270945,Alpha Team,Designer
Susan D. Clark,155519945,4th Year,20270946,Beta Team,Coordinator
Michelle O. Anderson,155519946,4th Year,20270947,Gamma Team,Secretary
Kevin M. Garcia,155519947,4th Year,20270948,Delta Team,Treasurer
Joseph X. Rodriguez,155519948,4th Year,20270949,Alpha Team,Vice-Leader
Mary F. Davis,155519949,4th Year,20270950,Beta Team,Member
John P. Davis,155519950,4th Year,20270951,Gamma Team,Leader
Jennifer D. Sen,155519951,4th Year,20270952,Delta Team,Member
Donna M. Sen,155519952,4th Year,20270953,Alpha Team,Analyst
Jessica R. Joshi,155519953,4th Year,20270954,Beta Team,Developer
Jessica L. Smith,155519954,4th Year,20270955,Gamma Team,Designer
Elizabeth K. Kapoor,155519955,4th Year,20270956,Delta Team,Coordinator
Kenneth X. Perez,155519956,4th Year,20270957,Alpha Team,Secretary
Dev A. Mehta,155519957,4th Year,20270958,Beta Team,Treasurer
Kenneth C. Perez,155519958,4th Year,20270959,Gamma Team,Vice-Leader
James U. Ramirez,155519959,4th Year,20270960,Delta Team,Member
Kabir P. Moore,155519960,4th Year,20270961,Alpha Team,Leader
Margaret M. Moore,155519961,4th Year,20270962,Beta Team,Member
Michelle L. Thompson,155519962,4th Year,20270963,Gamma Team,Analyst
Elizabeth Q. Patel,155519963,4th Year,20270964,Delta Team,Developer
Betty Y. Perez,155519964,4th Year,20270965,Alpha Team,Designer
Barbara F. Anderson,155519965,4th Year,20270966,Beta Team,Coordinator
Mary E. Lopez,155519966,4th Year,20270967,Gamma Team,Secretary
Donald V. Rao,155519967,4th Year,20270968,Delta Team,Treasurer
Christopher M. Miller,155519968,4th Year,20270969,Alpha Team,Vice-Leader
Joshua Z. Robinson,155519969,4th Year,20270970,Beta Team,Member
Anthony X. Anderson,155519970,4th Year,20270971,Gamma Team,Leader
Donna F. Gonzalez,155519971,4th Year,20270972,Delta Team,Member
Meera F. Taylor,155519972,4th Year,20270973,Alpha Team,Analyst
John V. Harris,155519973,4th Year,20270974,Beta Team,Developer
Thomas S. Sanchez,155519974,4th Year,20270975,Gamma Team,Designer
Donald L. Williams,155519975,4th Year,20270976,Delta Team,Coordinator
Vihaan A. Martinez,155519976,4th Year,20270977,Alpha Team,Secretary
Dorothy M. Harris,155519977,4th Year,20270978,Beta Team,Treasurer
David O. Sen,155519978,4th Year,20270979,Gamma Team,Vice-Leader
Melissa A. Williams,155519979,4th Year,20270980,Delta Team,Member
Mark H. Sen,155519980,4th Year,20270981,Alpha Team,Leader
Christopher F. Taylor,155519981,4th Year,20270982,Beta Team,Member
Barbara O. Perez,155519982,4th Year,20270983,Gamma Team,Analyst
Richard V. Wilson,155519983,4th Year,20270984,Delta Team,Developer
Ananya N. Lewis,155519984,4th Year,20270985,Alpha Team,Designer
Margaret M. Williams,155519985,4th Year,20270986,Beta Team,Coordinator
Sandra I. Rodriguez,155519986,4th Year,20270987,Gamma Team,Secretary
Jessica O. Lee,155519987,4th Year,20270988,Delta Team,Treasurer
Matthew V. Iyer,155519988,4th Year,20270989,Alpha Team,Vice-Leader
Christopher A. Clark,155519989,4th Year,20270990,Beta Team,Member
Steven Z. Davis,155519990,4th Year,20270991,Gamma Team,Leader
Barbara B. Nair,155519991,4th Year,20270992,Delta Team,Member
Anthony W. Sen,155519992,4th Year,20270993,Alpha Team,Analyst
Riya T. Johnson,155519993,4th Year,20270994,Beta Team,Developer
Robert V. Wilson,155519994,4th Year,20270995,Gamma Team,Designer
William T. Miller,155519995,4th Year,20270996,Delta Team,Coordinator
Kevin T. Joshi,155519996,4th Year,20270997,Alpha Team,Secretary
Ronald Y. Iyer,155519997,4th Year,20270998,Beta Team,Treasurer
Sarah Y. Lee,155519998,4th Year,20270999,Gamma Team,Vice-Leader
James Y. Brown,155519999,4th Year,20271000,Delta Team,Member
